patient_name,lbp-2D_glrlm_GrayLevelNonUniformity,original_shape2D_Elongation,original_shape2D_Sphericity,original_firstorder_InterquartileRange,square_glcm_Imc1,wavelet-H_gldm_DependenceVariance,wavelet-H_glcm_MaximumProbability,wavelet-H_glcm_ClusterShade,square_glrlm_LongRunEmphasis,wavelet-H_glcm_DifferenceVariance,wavelet-L_ngtdm_Busyness,lbp-2D_firstorder_10Percentile,squareroot_firstorder_10Percentile,wavelet-H_firstorder_Mean,square_firstorder_Skewness,lbp-2D_firstorder_90Percentile,square_glcm_ClusterProminence,label
502,-0.8126526409447861,-1.217189400257853,-0.9446537762849587,-0.39554754629240624,-0.13326960467108215,0.5216685394979541,0.3939370708038658,-0.395274080401066,-0.7295101466765203,0.6865697464343631,-0.8534949756633304,-0.1561737618886055,2.407153034820749,0.5647164725519342,-0.7046313908957351,-1.0907928338227844,0.7901611113668472,0
110,-0.9005446862315183,0.4193765591925169,0.4249488867559644,-0.1624817291030369,1.1213808761205732,0.3004741443543186,0.7201001368059338,0.026389734671819837,-0.5633153742354504,0.3923255558447275,-0.723624032872865,-0.1561737618886055,-0.41221882468927706,0.12593148808939297,-0.507483428314639,-1.0907928338227844,-0.461968422163351,0
091,1.0623776585055014,-0.45997338237815416,-0.009517583823203245,1.1219215364268587,-0.28069379948989104,0.013381994453296138,-0.0049728987704775,0.18705495801306635,-0.5853391506320756,-0.28214918909208164,-0.09555220779188547,-0.1561737618886055,-0.14877520512959785,-0.5034729477447497,-0.8426514666418404,0.7525153904645505,-0.36207845893664387,1
131,0.3299439477827328,-1.0774524431325914,-1.3535675439118167,-0.5349325953872809,0.39645508213750064,-0.00964824329077776,0.4421954322749707,0.14300548707380062,0.08782439080536947,-0.1771260501134322,0.08841187882686176,-0.1561737618886055,-0.5896117660846009,0.7664607645158609,0.7423955538438153,0.7525153904645505,-0.3984824347109764,0
459,-1.281410215807358,0.9799802711267066,1.3465258316949316,-1.6672411950888382,2.7670502951778846,-0.4284907257604174,-1.5549162305131257,0.206715232376188,-0.43799748023889845,-0.2742032754270586,-0.24952307238924523,-0.1561737618886055,1.6438771289048717,1.6829424740626278,-1.0104335874640529,0.7525153904645505,-0.4936838612165871,1
314,0.18345720563817908,-0.3892486461074539,-0.9675388269186448,5.079756158473954,0.31800542944868393,0.396443777857554,1.0210497914299643,0.09459712101668336,-0.7377361987677291,-0.2816023072344663,-0.8827213896613151,-0.1561737618886055,-0.8370960737826287,-0.8302032450264022,-0.7907254731710903,-1.0907928338227844,2.8338403647237156,0
259,-0.49038180822676797,-0.9075626275287125,-0.4150367570857421,-0.757939182092033,0.4101632143332865,-0.19789853965579388,2.1335170836841266,0.2880418890973058,0.31605846153890726,-0.03476137121292357,-0.5023390505327535,-0.1561737618886055,-0.6235194066177286,0.2565288836108399,0.0924446467240498,-1.0907928338227844,-0.4825517306022168,0
366,0.44713334149837575,-0.04072875434762039,0.573568452521164,-0.8450669890832047,-2.3673490994341044,2.333222683158267,-0.5468687436874731,0.19811734378658272,0.7452515225061207,-0.278524325359819,0.9567377860118349,-0.1561737618886055,-0.11255607649556167,-0.9461653447544811,-0.1491583752780177,0.7525153904645505,-0.39539210316534024,0
498,-0.373192414511125,0.36439537387584914,0.3339476165295702,1.3409639252051888,0.7512721366822321,0.9213490890599101,-1.6858359471558737,0.15988087914882765,-0.7473129563356886,-0.22129285472054142,-0.7193561183472786,-0.1561737618886055,2.3005056759483726,-0.8543411741833239,-1.2976150493314598,0.7525153904645505,-0.3550598760613364,1
448,0.21275455406708982,2.3465444009639387,-0.4045979474759761,0.26984570893155674,-0.23415371305888655,0.745688815307145,0.6758932833935434,0.15545302173780917,-0.5032232818793471,-0.28250955236293235,-0.4100218861094667,-0.1561737618886055,-0.12636668135400722,0.533177221527921,-0.2377099542240581,-1.0907928338227844,-0.27790679199687257,1
010,-0.6368685503713216,-0.23925021859902004,-0.5881218379134397,-1.0026457310137813,0.22421645702674972,-0.7732599516371678,1.071062709273617,0.15042700368298406,-0.17154273961100244,-0.2880333005654615,-0.08573464158181404,-0.1561737618886055,-0.26754104429155,0.7980151986300986,-0.15229490257873957,-1.0907928338227844,-0.4837862822558889,0
467,1.4139458396524303,1.0483617322543128,0.9774409473005992,-0.1705624149765204,-0.5106361676804153,-0.06458335365527322,-1.4677116900762153,0.1890386525312703,1.3452698211131704,-0.27233150098155573,1.0279579780838395,-0.1561737618886055,-1.0311176783170408,-0.4917659497171124,0.8469183004896522,0.7525153904645505,-0.4740066791337637,1
271,3.347570835960539,-0.04852669237321417,0.02039934895137563,0.6419238009123232,-0.9931865147274527,-1.407405438812473,0.32914138486567057,0.19141723179272155,0.9049648188877458,-0.288088200248789,2.8699819836918943,-0.1561737618886055,-0.5905492223265327,-0.8891723809293531,-0.20658950032010728,0.7525153904645505,-0.43888833861327614,1
275,1.1502697037922336,1.6697623253788838,-0.3384476023591653,0.29194684965184703,2.9959869963426984,1.0294312099462646,-2.0645495439996857,-1.9338158148659073,-0.6726446964330749,1.8135804148237815,-0.3726368239377752,-0.1561737618886055,0.33958533679257014,0.46305986734033683,0.20264668201803698,0.7525153904645505,-0.09899842168969415,1
523,-0.8712473378026075,-1.5596633379098042,-2.0658386418746666,-0.2966228637396684,1.860569082673472,0.666718044811109,-1.500271297411388,0.8002295799810686,-0.7207758530601285,1.5806226579763496,-0.5219034650445115,-0.1561737618886055,2.2948851518668443,-0.20212221633693647,-0.14699141436594015,0.7525153904645505,-0.3301833789483294,1
471,-0.9005446862315183,-1.4232256308107707,-1.3236910478991168,-1.307668004653322,0.3057465149303923,-1.4105331779820292,0.03520305167242142,0.16458332232013212,0.029883758530925113,-0.27934822138284376,0.22004010959855658,-0.1561737618886055,-0.03214552645793237,-0.24483267348130858,0.5540105675021972,0.7525153904645505,-0.445897219646467,1
468,0.8279988710742153,0.29837658874336553,-0.4416917309238689,-0.053215823785019635,-0.038461591019280546,0.42515775012082263,0.3847033759295623,0.17232489804377693,-0.6055478577072928,-0.28328012649298334,-0.4193623111186412,-0.1561737618886055,0.44511472778638006,0.6140943134316323,-0.6869914096524102,-1.0907928338227844,-0.4446534676047021,1
071,0.8279988710742153,-0.3683411235675345,-0.37356881288507565,-0.685990664697178,-0.8143161901065296,1.1642580311169834,0.06106604501803886,0.1937001489420391,3.1547523905699246,0.18229985038021795,0.12104315104856295,-0.1561737618886055,-0.9324386990230372,-0.8781917381966693,7.226143292349752,-1.0907928338227844,-0.39188481421054794,0
432,0.6815121289296616,1.448595913447757,0.15768189325236784,1.1463391907184868,0.4832379956686455,-0.7066718667440889,1.247807773473138,0.06009321794620183,-0.37589749716247656,-0.281607581947456,-0.23501271643567923,-0.1561737618886055,-0.8037775297751598,0.39620397527902546,0.9113311005092614,-1.0907928338227844,0.38356633161350545,1
447,1.208864400650055,2.4123419603692215,0.33010494176445576,0.11553703257509093,-0.5340662336749039,3.347089185281432,-0.5030897790633193,0.18407530156645288,0.7753009959492817,-0.2761586885873848,2.6904243543309967,-0.1561737618886055,-0.9223524070835847,-0.4773966744619172,-1.2319394526757255,-1.0907928338227844,-0.49232886397327796,1
105,-0.7247605956580538,-0.7478900561974451,-0.6094542637582269,-1.2158573032728757,0.7966245818533253,0.3057165599933268,1.3976130328459457,0.13304779374431455,-0.3818306482523548,-0.28806234732272484,-0.035286970779839805,-0.1561737618886055,-0.4766637016879182,-0.036293915307061476,-0.004546664394501125,-1.0907928338227844,-0.4758356919341768,0
238,1.6483246270837162,0.32027585048195006,0.9123942659335258,-0.33077836768691016,-1.2192035066044087,-0.06732144379585377,-0.9950859223462591,0.20762567524346673,1.463469578117951,-0.2726623819834426,0.6720452125990204,-0.1561737618886055,-0.73906246653889,-0.6484556254472492,1.245778890035654,0.7525153904645505,2.0327372662889274,0
539,0.9451882647898583,-0.327880949030658,-0.38858888910527756,-0.37064445905953924,0.5912715908277096,-0.9555579266719444,0.07640849792549387,0.13953753787594234,0.9943067176486853,-0.12717736547981115,1.083203143025672,-0.1561737618886055,-0.8351735450118812,-0.8264194987914145,0.7953828700646681,0.7525153904645505,-0.44413344264531335,1
257,-0.5489765050845894,0.13817149127607917,0.22964712043841198,0.07334707849431253,0.45728076363072484,-1.4889130162975406,0.0552132110249107,0.163798375615186,-0.3159881422485645,-0.27577179160929133,-0.6950371859537605,-0.1561737618886055,-0.6074079529210511,0.3406405184401958,0.15800999126563453,0.7525153904645505,-0.4343430099491895,0
473,-0.2853003692243928,-0.031200863616569426,0.36894967503811116,-0.2761320233635903,-1.1416095646962687,0.1146809393478324,-0.5820321889759436,0.1777674267086411,-0.06137046710568923,-0.2754020140653889,0.04332713626169501,-0.1561737618886055,-0.252392548429651,-0.5263038209419972,-0.3778799503438921,0.7525153904645505,-0.41493574046595283,0
004,-0.34389506608221426,-0.8583832111490424,-1.2384829387581084,-0.9808100034940221,-0.6602651953428701,-1.1206001983356066,0.299823885824649,0.17875166438003065,-0.43636428119235443,-0.2838931143773022,-0.13720184221961276,-0.1561737618886055,0.5923015522315188,-0.25113530631973874,-0.6226999380113014,0.7525153904645505,-0.3860301441275742,0
395,0.974485613218769,0.7659577041871176,-0.8510444549856581,0.14682100283669489,-0.7313872090242822,1.1991097923996819,1.1213324328571583,0.16761208520909154,0.5824413308745221,-0.29536497109913373,0.6009523274154314,-0.1561737618886055,-0.8523717670041456,-0.2604046136709665,-1.1947208529684445,-2.934101058110119,-0.4925054022405994,1
276,-0.6661658988002324,-0.29098581162881687,0.036290310911290785,1.0559434591056194,0.25467686963924113,-0.6629842198421424,0.25954960895553975,-0.013811299791344045,-0.35802980360299763,-0.2570903365833024,-0.8335212825538801,-0.1561737618886055,-1.2810801840388475,1.0095459937292905,0.7700212512702975,0.7525153904645505,0.6017103752844376,0
017,0.6522147805007509,1.405788347403986,1.207635742393203,0.17512469201341926,-0.2858583431115937,1.6701720230391712,0.5073049106341018,0.13498979746121584,0.09625558369041541,-0.2759845559152741,-0.16029882556786362,-0.1561737618886055,-0.9596102185035367,-0.02176015196579211,2.159099633009703,0.7525153904645505,0.084656137949475,0
493,1.5311352333680732,-1.2386507571047232,-1.9755684913275955,-0.2670532240540488,-0.0900308464679339,-0.2893953351492538,1.145431341852751,0.32226901109869016,1.507178950995475,0.4280500414749204,0.03253946054985313,-0.1561737618886055,-1.1649791581403284,-0.8094945825521236,0.6394373216335255,-1.0907928338227844,-0.4122780656402411,1
102,-0.929842034660429,-1.16904489839356,-1.8503850660822114,-0.8735180578431495,-0.9491484432430856,-1.0655478890517438,0.7160371637251614,0.16007196935357454,-0.14698472895399556,-0.28697128221962376,-0.664816020725827,-0.1561737618886055,-0.27711776708424213,-0.3297816047310722,0.17552710001245617,-1.0907928338227844,-0.26907534418211065,0
203,1.7655140207993592,1.8124511693651664,1.3811472500574355,1.1664978766567131,0.8346599193511764,1.2890039082305378,-1.7984615703790487,0.14962066164752355,-0.7173301917910352,-0.22434913608600013,-0.13528078833160867,-0.1561737618886055,1.8387553725125925,0.29918996464225267,-0.5729874690936556,0.7525153904645505,0.09142043544763095,1
116,-0.7247605956580538,0.3083539329915964,0.6941549975279633,0.35268925199076634,1.1701759795661597,-0.6900005197512961,0.4283058595971449,0.13719512423478836,-0.7426275464740064,-0.2728633324809359,-0.8846520958842715,-0.1561737618886055,1.72564094400903,3.612615549828269,-1.0750289113899212,0.7525153904645505,-0.39840031019378946,0
442,-1.3107075642362687,-1.0710879436802254,-0.63088820175251,1.3218300827203193,0.17987106277513656,-0.6166535310208494,0.8249772071064705,0.1412093203729084,-0.4906663193092718,-0.2797597547595818,-0.8204969359899262,-0.1561737618886055,-0.6364339526068563,1.8288421696975496,-0.02316485682736771,-1.0907928338227844,-0.43140536694042225,1
446,-0.6954632472291431,0.46468912358766795,-0.09216795789688607,1.2153375021601172,0.5424277464369265,-0.02730909573096897,1.5882288650777525,0.05587606434794159,-0.6715283246103103,-0.28753329688379053,-0.9778710938112537,-0.1561737618886055,-0.6129905650515545,-1.0175071720538786,-0.19107778715550627,-1.0907928338227844,-0.3657471884442776,1
457,-0.40248976294003574,0.8372006201769991,-0.8770772376517162,-0.48126647525564303,-1.3029597042540295,-0.10786338368746239,0.7955994233547343,0.19549769369646117,0.16503508817402363,0.18937324880822193,-0.6444227233581544,6.4031242374328485,-0.8185852999139882,-0.004691957821323749,1.5260065393806856,-1.0907928338227844,-0.4022539210086225,0
315,0.21275455406708982,-0.12391021598638301,0.7032224552216372,-0.0022801878799387503,0.0028815307926727445,-0.4018550035801414,0.34889055406923136,0.18008999409562565,-0.6987431277067996,-0.28478336963917694,-0.20738133260604905,-0.1561737618886055,1.6117205732725421,-0.6508752952527049,-0.9328226259574531,-1.0907928338227844,-0.06802115172599023,0
301,0.2713492509249113,0.8723456163972453,0.0057265384955658945,0.15770128367103567,-0.62175802243488,0.2032991967191943,0.35553771650405275,0.14634100970223468,1.5490041586393208,-0.277040663521086,-0.0664018074535263,-0.1561737618886055,-1.3259566420884659,0.18454243398807485,0.8136178038521475,0.7525153904645505,-0.48272753539597313,1
192,1.560432581796984,-0.5152994291017174,-0.5722128940412039,1.043390349085577,0.09426434521070377,0.3582222624432348,-1.3932487219468688,0.17309531648702414,-0.07323132129139522,-0.2571293937485947,1.8219349292631442,-0.1561737618886055,-0.1938802763817275,-0.7493705200288758,-0.340245205356471,0.7525153904645505,-0.2997164381140314,1
515,0.2713492509249113,2.418109262552756,1.2770996084273727,-0.38360194447455354,2.9068159052149625,-1.103552370766036,0.16061180962972427,0.07611831285392158,-0.18771604438160552,-0.08863044990585847,-0.1602214035644666,-0.1561737618886055,-0.867160925585663,-0.0732782820035992,0.0185779778311073,0.7525153904645505,-0.48734508323535247,1
231,-0.8712473378026075,-2.059226433019745,-2.747237580563775,0.14409550491125786,0.10798300038410125,-1.0654121585476848,-0.7549918979030393,0.1957666683898224,-0.7471396400499297,-0.2750503311580658,-0.5883196977690301,-0.1561737618886055,2.440725459235123,-0.6391219034288047,-0.6453024358690971,0.7525153904645505,2.380883326647841,0
111,-0.34389506608221426,0.9535181637669934,-0.858558543101615,0.9516739811835743,0.27294495889722575,-0.8835819487332921,-0.9358420544902345,0.1564142872480347,-0.7198480385340714,-0.2650019597068117,-0.7439077314179017,-0.1561737618886055,2.487017313616273,1.7432135620145273,-0.9946968591456423,0.7525153904645505,-0.18237342322648864,1
109,-0.19740832393766056,-1.1010442470685298,-0.48725156015279575,-1.3106697193673422,-1.423603392050561,-0.059723509448914656,0.2832042450506554,0.1851798297351517,1.2158878278867578,-0.2865321826534989,0.6321254962374688,-0.1561737618886055,0.33431169583711845,-0.7861236226488704,0.5475536735972127,-1.0907928338227844,-0.4273124645320429,0
295,0.03697046349362538,-0.25515816979167827,-0.8005656378235,-0.30131312985917,-0.5481766817183914,-1.2839446021828347,0.20930454950207497,0.14452159308166262,0.07934817741870563,-0.2742912254725459,-0.0354927587861558,-0.1561737618886055,-0.9393006545798773,-0.323166977753871,0.23815712019425578,0.7525153904645505,-0.29140853472879025,0
371,0.1248625087803576,-1.3438400143807412,-2.26123916163785,1.6193991811318318,0.03776691870140488,-0.15330495429212354,1.182751822879999,0.190610108594956,-0.3795626155319628,0.8153762485613787,-0.8425180087934461,-0.1561737618886055,-1.242033073803344,-0.49182050163214247,1.3753683408800963,-1.0907928338227844,0.6251752542649258,1
377,-0.34389506608221426,-0.6286754269122251,-0.24626884861567916,-0.2210686530778447,0.35518737481296786,-0.24198688745720576,1.8331369582125838,0.7992150187710066,-0.10197450523476666,0.19229706234170993,-0.640978548636649,-0.1561737618886055,-0.37219564664413995,-0.06195230935896509,0.5015220656141404,-1.0907928338227844,-0.3238891583769947,0
122,0.2713492509249113,-0.05085494388536355,0.3819395129979725,0.7059406914674969,-1.3044959053373628,2.2722139242176516,0.1578998359656677,0.173597889504478,-0.3056653725300094,-0.2806339300104077,-0.45610633040356735,-0.1561737618886055,-0.6431476107716837,-0.6046453604342202,-0.09691054779130051,-1.0907928338227844,0.37756342440761154,0
201,-0.4610844597978572,0.1614587176291601,0.8336161826751165,0.3695890508927081,0.10567700828510286,0.01377750180526543,-0.17461788941972883,0.0619244351956041,-0.5526492532630648,-0.2534647078484623,-0.6274128332686162,-0.1561737618886055,0.13848516940271133,-0.06175915193875406,-0.47899309450960015,0.7525153904645505,-0.099024126756783,0
495,0.5350253867851079,-0.31480148034593664,-0.019034456510209758,1.0338607027761515,-1.0058547359443932,1.2374435661212555,-0.8526608776782567,0.2069111920905847,1.767632259946188,-0.27777233266529733,0.5244454217135729,-0.1561737618886055,-1.381487424613207,-0.6791474501955338,-0.5048746223143326,-1.0907928338227844,-0.4867518005494956,1
541,-0.34389506608221426,-0.27141811529263066,-0.274334672459048,-0.5153670438778396,0.18098460679550546,-1.1551905621075205,0.6459008947099855,0.1469342815963041,-0.5300403638974325,-0.24223263179039378,-0.5287786318306376,-0.1561737618886055,1.1753637624786826,-0.25923900225950997,-0.44682271000552326,-1.0907928338227844,-0.3864528827455003,1
040,-0.22670567236657127,-0.4256898595915893,0.2561431551608143,-0.607550813264846,0.34504676416204316,-0.38681577813651347,0.5187605919596969,0.16571107506220542,-0.14840565294412603,-0.2834904127323302,-0.05430634538354935,-0.1561737618886055,-0.08643275553732983,-0.25235581632794396,-0.06896648785079101,-1.0907928338227844,-0.46377639876707244,0
425,1.1502697037922336,-0.5094166927474196,-1.1076242243348438,1.1172261249390751,0.007822345399006342,0.014547388991823286,-0.6167301604278466,0.1301354696634092,-0.5749040720040872,-0.24575704131045184,0.5963417777264092,-0.1561737618886055,-0.08827428768490778,-0.6566202358124478,-1.0366341180560799,0.7525153904645505,-0.4381014483591901,1
427,-0.6661658988002324,-2.3032971137615443,-3.6170423273748424,0.18256169153409962,-0.34965009597351987,-1.2483644846877022,-0.31568937665922236,0.17190486659648424,-0.24517124114206512,-0.2770903847553441,-0.44587452716173365,-0.1561737618886055,-0.3243795562293493,-0.5182317640945487,-0.1958647017404075,-1.0907928338227844,-0.3249511662600609,0
514,-0.9005446862315183,1.5059617274265327,1.5282441325798102,1.9727786692206513,1.14217690429992,-1.0965931590697962,0.15492597961774002,0.1637281652437898,-0.5227765291106362,-0.275326210541857,-0.749050790934681,-0.1561737618886055,-0.9775966738785491,1.32340482186319,-0.884683730565003,-1.0907928338227844,-0.4919830793310235,0
331,0.21275455406708982,1.1475771580549212,0.944583789148051,-0.04836756419578372,0.38036957791245374,-1.0762104057833295,0.08388705504100688,0.07318803134019386,-0.26213364360873653,-0.26550589825842097,-0.48451464389745486,-0.1561737618886055,-0.9707680605532044,-0.17003549714086197,0.11976130171166355,0.7525153904645505,-0.4666865509374421,1
309,1.6483246270837162,0.08827461136047748,0.29399227538394285,0.5811273524157617,-0.5629137626759594,-1.2627289113763775,-0.6491284831128007,0.1940968284857843,-0.6256343711616004,-0.2770514222816292,2.149038675329548,-0.1561737618886055,1.9206068938170224,-0.7622284845306351,-1.0804780465707675,0.7525153904645505,-0.09897334034978074,1
016,0.24205190249600056,-0.4518378960946231,0.07294499198136395,0.09172849974743259,-1.2122925775336082,0.13366426843814747,1.462049973064086,0.1290681728846773,1.709797041729575,-0.2880827184274308,0.08406268609487681,-0.1561737618886055,-0.9054601824958378,-0.158663165143395,1.1250513790973007,-1.0907928338227844,-0.439203798422309,0
530,-1.164220822091715,-0.6085005717423839,0.37889230984157696,-0.22294619947355238,-0.6028943894483294,-0.37341156115623525,0.623451814636739,0.1584692366573881,-0.5574285843301618,-0.28724329477372507,-0.903730859730485,-0.1561737618886055,0.14911848488136037,-1.0053473316567234,-0.2743685340522285,-1.0907928338227844,0.052037754069769925,1
411,-0.6368685503713216,0.3182751127317729,0.0761119380095247,-0.10874440756288241,-0.06323609458953013,-0.5721503576372967,0.27599628767104245,0.04617411992388921,-0.5465165794162553,-0.26907222830407956,-0.7086033715366855,-0.1561737618886055,-0.38831440647199444,-0.37937552017163056,-0.1880432729926254,-1.0907928338227844,-0.22640917900525848,0
350,2.4979477315221277,1.431735647596085,1.4959134103305207,0.19179059697133505,0.34655375219148277,-1.3828232172359975,0.7383491676925358,0.1683746231621626,-0.3479692723448939,-0.2888385043283489,1.7100669697249822,-0.1561737618886055,0.3091304121674045,-0.5844379056126888,-0.47123400712853913,0.7525153904645505,-0.4317030272428509,1
021,0.8279988710742153,0.5563691811321865,0.8254058934828216,-0.9430626811115378,2.9751618043044394,-1.0566721492655509,0.5081820534746515,0.13208034417337564,1.315375693309156,-0.27539537554820054,1.5856180020210997,-0.1561737618886055,-1.2873991534017342,0.07668637889725177,-1.3543579214768025,0.7525153904645505,-0.4936303114560369,1
185,-0.19740832393766056,1.1971439866307148,1.0367439575589632,0.2864699503050039,0.508092619460345,-0.9416453016922591,-0.11903395771006291,0.16416563920564772,-0.669891899455716,-0.2777172520585599,-0.5844780827713758,-0.1561737618886055,0.6797098516556119,0.1111838462572256,-1.031409688813965,0.7525153904645505,-0.450605983293556,1
334,1.9120007629439129,1.0074945420184669,1.0592145499133576,-0.8555153561221902,-2.0271041953051085,1.7462207648967878,-0.42067249296308423,0.08648347537514779,1.960883133273086,0.11506979492053226,2.449083099382206,-0.1561737618886055,-0.427484622083639,-0.9638436982756474,0.553794983490834,0.7525153904645505,-0.34360026320879844,0
391,-0.5489765050845894,-0.022777438703979795,0.7317783198345966,1.7908748173187945,0.9735642298712908,0.6120155987888838,0.1326425900865664,-0.07976379960009744,-0.6212696648758326,-0.2290211755657248,-0.8741171468859833,-0.1561737618886055,-0.5877925508093919,-0.1063823566144224,-0.12999253206118797,0.7525153904645505,0.2045088244959272,1
361,-1.0763287768049827,-1.0708472255455455,-0.8597029157862641,2.434783927096185,1.204365409083938,1.958116604387426,-0.42634873185050337,-2.3539434101998795,-0.7245981516564596,3.048009761600706,-1.0493630751930616,-0.1561737618886055,-0.5293281810302554,0.6328274572268818,0.1852053880113887,-1.0907928338227844,5.016226844999474,0
123,-1.0177340799471613,-0.35949584183003774,0.34955346833126205,2.3431864692311506,0.6685378716609871,1.7486107611912531,-0.22201152422951248,0.8971835778474685,-0.726343581723686,1.113585956545066,-0.9132571648369723,-0.1561737618886055,0.10091430621040597,0.5594448843477172,-0.857714747978081,0.7525153904645505,4.2685602111135355,0
106,-0.4610844597978572,-1.345082977509035,-1.026608873753038,-0.15336338629960092,-0.8944199832111304,-0.10276933503844626,-0.2162110511875578,0.1752745633626529,-0.0840524146349823,-0.2751929125245816,-0.47539942826620724,-0.1561737618886055,-0.07919142868471447,-0.6862829957217449,0.3178958390643002,-1.0907928338227844,2.0416913669004764,0
278,-0.4317871113689465,0.2796932325821376,0.9072260439818135,-1.2890520619934005,0.19150296092344504,-1.4073903129858463,0.12350073513045713,0.16875865186287514,-0.016935583476473875,-0.27851734692515256,0.10164510085148515,-0.1561737618886055,0.12468997238898276,-0.02418495614512871,0.4742578811462306,0.7525153904645505,-0.4437348280728015,0
363,-0.9591393830893398,2.2416090992505517,1.561487473594892,1.3209724749690899,1.0081633771932894,-0.5489922183119479,0.3149946828003267,0.07586066240224784,-0.717640936202253,0.4139951048623722,-0.958064083322408,-0.1561737618886055,-0.15000594056555974,6.092703177727042,-0.8651221382260907,0.7525153904645505,-0.43376706541493004,0
112,-0.7247605956580538,-0.6863610612662271,0.05442349069185589,0.010456487611801075,0.42219101020814087,0.28900003263973506,0.4538833654434985,-0.08269740393354191,-0.46693964188178705,-0.24699937571477887,-0.7664315359467803,-0.1561737618886055,-0.49747508202466123,-0.465193411404444,0.29124768673361867,0.7525153904645505,0.9467827941701659,0
134,0.18345720563817908,2.51786658986285,0.06770768209165597,-0.2789389973530608,0.6917091492537453,-1.1976974809324832,0.15853661341350583,0.17251559393962757,0.05059928846054673,-0.27972692286617284,0.15786330565727205,-0.1561737618886055,-0.40034079734044214,0.2541577754737509,-0.1114259268528487,0.7525153904645505,-0.49163558710649624,1
216,-0.4610844597978572,0.3325182225478318,0.741379718549351,0.9447789181186265,-0.5844717655220382,-1.0600885801486637,0.13327567470263596,0.15300585516116533,-0.5314811419894307,-0.2783928031233087,-0.4687525130444314,-0.1561737618886055,-0.14647681723303546,-0.5188765372878653,-0.5014455071173285,0.7525153904645505,1.5222408075958238,0
082,0.21275455406708982,1.21689008176612,1.302516698876978,-1.6001406420251074,0.12614120823798666,-0.9112177570330231,-0.8568102439590713,0.15073526782686575,0.7619180727772293,0.028753219541407676,1.3676410295356265,-0.1561737618886055,-0.931820355443333,-0.28392622569815146,-0.14284941210913477,0.7525153904645505,-0.4890726689825022,1
119,-0.6661658988002324,-1.4400057121167102,-1.5971054136401428,-1.9336230313133975,0.03166903621844091,1.2944354863506853,0.12098573480961876,0.4227301627405334,0.1370433196585007,0.9785039798595636,-0.9794681847950012,6.4031242374328485,-1.266886723228941,0.83697411475676,3.1077618932845046,-2.934101058110119,-0.3388448852941606,0
520,-1.0177340799471613,-2.1360430048521475,-2.7229917787210147,3.1950240663055056,0.45880766832521513,1.3370951225208343,-2.129615318850667,-3.451735209142514,-0.7390418226830548,1.5001401100440632,-1.0587683692595244,-0.1561737618886055,2.3169868632650292,-0.96560710962376,-0.709579148215582,-1.0907928338227844,2.745839896127085,1
108,0.7694041742163938,0.7934037569463959,0.9300470645064276,0.44424799759970557,1.0159975643010786,-0.8993922076189826,1.047596277253974,0.12441017964217863,-0.6190965358154407,-0.2852565040432454,-0.25642502298877634,-0.1561737618886055,0.4069072802738763,1.2739147561214414,0.5954723565309987,-1.0907928338227844,0.3696901953776578,0
338,-1.4278969579519116,-1.1622986879567274,-0.5283301792084224,1.8250305466129466,0.30780687174759847,0.03001070643072485,-0.9644411906621859,0.1899897169999011,-0.751999864748125,-0.2594700538088743,-0.9466962547564662,-0.1561737618886055,2.1273471758096543,-0.12869367375968618,-1.2870160994333217,-1.0907928338227844,-0.29216122548375206,0
325,-0.4610844597978572,0.020371700488300167,0.6426677704224578,-1.9377843209897099,0.049592216266025634,-0.9795838097908577,0.4605631517957468,0.1605177148093339,0.7012887330156073,-0.28079318181348806,1.1634909123439359,-0.1561737618886055,-0.10282923041967999,0.3204057597210854,1.7379140045772383,0.7525153904645505,-0.4827461904197278,0
100,0.21275455406708982,-0.339620249636046,0.10034082824051369,-1.1917518529575788,-0.9357716997530913,-0.3509301886602518,0.45475988725862754,0.18511016416435339,0.7144260012195569,-0.28824280900063076,-0.048241125176602645,-0.1561737618886055,-0.20976222911190656,-0.5260509903574514,0.5566438720788371,-1.0907928338227844,-0.3893430493020617,0
527,-1.2228155189495364,-0.7710569620417808,-0.8447105303091137,-1.0629256550167243,2.5495508614637994,1.285619344512004,-1.553771225286832,-4.576347662399922,-0.5218619513837792,3.279627332659661,-0.8592076922903655,-0.1561737618886055,-0.2045703555576147,-4.746285165380376,0.5827541994051113,0.7525153904645505,0.9545448108091611,1
088,-0.5196791566556787,0.354045451890131,0.7454126314551628,0.22702396693566118,-0.3377365612794489,-0.6395294248496347,0.028924042393015246,0.11944750969179994,-0.18134389782867735,-0.269061582229562,-0.3745062251459642,-0.1561737618886055,-0.8721827882264251,-1.0687052635875887,0.05798519368736682,0.7525153904645505,-0.4033699151140939,0
483,-0.9005446862315183,0.523074303270838,0.6934901250768731,0.8131422519153222,-0.19102561140511334,-0.5372038492858969,0.28879670941087127,0.10677340141974016,-0.6185923733219141,-0.2704336220951949,-0.829645201394335,-0.1561737618886055,-0.5042319760189136,0.2454187924145782,-0.3990702525207371,0.7525153904645505,0.10881379419410084,0
157,-0.373192414511125,0.5931086005844083,-0.8169895812297217,0.8074162696355343,1.5203179707842667,1.4787725005775758,-1.9489371955828998,-1.3613154630878517,-0.6286203336021102,1.5276512914664226,-0.9316407102340469,-0.1561737618886055,0.21329507636520606,1.219417808684632,1.2037170752885877,0.7525153904645505,-0.31416952811272936,0
125,0.6815121289296616,-0.7029674266530961,-0.2126481188913137,1.3824389057594928,-0.02214841752756651,-1.1035521128905101,1.1639479498610465,0.17428242054620952,-0.5731507241735361,-0.3006845178096917,-0.2518565732849545,-0.1561737618886055,-0.29593341032017717,-0.9688469185322468,-0.33517011465729646,-1.0907928338227844,0.5512390794019641,0
406,0.5350253867851079,-0.5574478017764117,-0.8430713590617462,1.0598711485822618,-0.056065285812224475,-1.1907665856784926,1.1912940130787293,0.13473815647207898,-0.16833552754720296,-0.2895444465271461,0.1311358904101963,-0.1561737618886055,-0.6469297372622116,-0.18635187192050426,-0.34808655170563435,-1.0907928338227844,-0.4124732778219798,1
043,-0.6954632472291431,0.93125910537844,0.8260707811470032,0.5327798469145709,0.697945877302813,-0.13866073613441082,0.8033439016473948,0.15476674837964452,-0.7648556522733778,-0.28447968356878167,-0.9685869053044354,6.4031242374328485,1.4166716969135575,2.445354528635737,-1.1928820069484178,-2.934101058110119,-0.18399977847271476,0
472,-0.050921581793106845,-0.7839173996022519,-0.20825856628128347,-1.6301133917794148,-0.3745793972779656,-0.33402189336197696,-1.3670132015222602,0.20679977604528915,7.284368842839888,-0.2547499357408776,2.1903539156399816,-0.1561737618886055,-0.6187910736009213,-0.9090405539233017,3.4292656378925312,0.7525153904645505,-0.49292392775160926,1
476,-1.3400049126651794,0.7191346691900479,0.708263014760917,1.1510352344954922,-0.2935733996853499,0.015221775281522874,0.9210949380033517,0.1354651403100767,-0.7446091111019847,-0.2790077447188526,-0.9782447821489786,-0.1561737618886055,0.7909024389180025,1.3064435838848945,-0.9142213522248391,-1.0907928338227844,0.04342655675910977,0
001,-0.6368685503713216,-0.056097069784573676,0.7741232469440631,0.7201166148834426,-0.12021745411947551,0.3235957044314555,-1.573611612102529,0.19470082815116588,-0.4706421609627201,-0.26507249323129894,-0.8198538121709373,-0.1561737618886055,-0.3230373780966193,-0.21840692831209862,-0.2284884886526774,0.7525153904645505,0.276922950328913,0
018,-1.1935181705206257,-0.753224297023392,-0.583189162776465,0.7946754951019875,0.6808772806499854,-0.6986213133068251,0.7059851815354913,0.04256432383781981,-0.6970484868429275,-0.2737532563411248,-0.8921815724016916,-0.1561737618886055,0.06998829246488351,0.8235759319511883,-0.9026587533115918,-1.0907928338227844,-0.37397633539334457,0
405,-1.164220822091715,-0.4387157682977741,0.017438655241814406,-0.19148407054898126,-0.7772118602997679,-0.18531287111218708,-0.628839659418992,0.17776893744240532,-0.5922316610992988,-0.27235866204021675,-0.9778630202514821,-0.1561737618886055,1.3925561404341873,0.24068080769454336,0.05099644500777807,0.7525153904645505,0.14989248033831248,0
032,-0.40248976294003574,0.4029342756283998,1.2320375794003842,-0.711534109448766,1.464669200786366,1.8422441536787,1.129868220738167,-3.5897887652634535,-0.20904217240588222,2.9796139206567047,-0.3657851477338928,-0.1561737618886055,-1.0170402014868158,-0.1393845233349748,2.2119230187453587,-1.0907928338227844,-0.24589686549037906,0
099,1.0037829616476799,-0.27539553714773923,-0.058033003074438795,0.2973756039153045,1.0322233478394738,-0.08192862343722201,-0.7861837250250613,0.04208607107797808,-0.49799611055718296,-0.23573090763468452,0.4807826390320755,-0.1561737618886055,-0.0006097359078588428,-0.5546043668094218,-0.36467808986231337,0.7525153904645505,-0.12119828212542667,1
272,1.9412981113728236,0.5332010207105294,0.8594231798562643,0.5598749944938707,1.1720417607535114,-0.48389467205027864,0.39905698782775084,-0.05386118713998731,0.9759121411466527,2.1324064899192225,-0.08170496753353734,-0.1561737618886055,-0.8598572351348169,-0.5410444669080356,6.135939223321521,0.7525153904645505,-0.19216852072282203,0
129,-0.10951627865092832,-0.6116647691487016,-0.09222487158559486,-0.5974609711334087,-0.2630438861168692,-0.4141141660146342,-0.4051988615623606,0.18762800643273952,-0.6190106850383673,-0.27725253665416116,-0.3639919395905071,-0.1561737618886055,2.0699466271043074,-0.25320507784801266,-0.2335154103915454,0.7525153904645505,0.9281192575471908,0
172,-1.1935181705206257,-0.08742987780142569,0.8116379216236693,-0.8473828300477414,0.15442988061568755,-1.4484950149076117,-0.3164093228886784,0.17563286196476324,-0.49670070768397373,-0.275968824828183,-0.5753427557147556,-0.1561737618886055,0.1017824935132071,0.3130477684952556,-0.650588591504042,-1.0907928338227844,-0.4904965904608319,0
191,-0.5782738535135001,-0.04364719658125525,0.2817823693734512,0.9598234858437448,1.2289228410836035,0.9472652370922882,-2.5747657409890645,0.1661519715539016,-0.7254537212271098,-0.17147678583964224,-0.597841957725526,-0.1561737618886055,2.088082798446363,0.2563300835114641,-0.9124757200610999,0.7525153904645505,0.6975397653021848,0
205,1.0037829616476799,1.8291388173789254,1.6666061910214538,-0.630812244060437,-0.5818923162180012,-0.48581371187700795,0.6096887035575242,0.1653160332109662,0.1494641636669985,-0.28435862165821113,0.6383228621574687,-0.1561737618886055,-0.11359845924331287,-0.09979808280094697,0.8167633702322611,-1.0907928338227844,-0.27670853377663895,0
152,-0.13881362707983907,0.15860979557265953,0.7649111899847766,-0.3583010146171484,-0.09269622889947364,0.36604687695595134,-0.5512258065767938,0.18191420788699245,-0.6578891856790429,-0.27116082282704346,-0.23039860820828498,-0.1561737618886055,2.5374102730631622,-0.46928438839626213,-0.40654044158944797,0.7525153904645505,2.4289439253170086,0
217,-0.929842034660429,-0.827922345653764,-0.2267067561795178,-0.7171539422939279,0.8588702228068453,-0.27150802400562796,-0.8961729725960921,0.19694708378839884,-0.5253445380989195,-0.2750719011751429,-0.6158369732672544,-0.1561737618886055,1.3648516601876841,0.2666904693397761,-0.6535984656580937,0.7525153904645505,-0.4774554280646627,0
407,0.21275455406708982,0.06665198058070021,0.2849572901150166,-0.019165439293113633,0.24824107364071363,-1.0187874073098273,-0.06458804152932253,0.15583323219007408,0.26191629030785607,-0.2723327325660673,0.054857217242710345,-0.1561737618886055,-0.64229635720456,-0.41269475087589924,0.289314780299247,0.7525153904645505,-0.45416744652853136,1
027,-1.164220822091715,0.4815627296181878,1.2330875686561207,-0.0422170281930455,-0.5897683923939185,-0.5601577909835168,1.3854974645797309,0.128588807251054,-0.6910624049494114,-0.2857465028418694,-0.7017204908142664,-0.1561737618886055,1.723667685881991,1.2608072307295954,-1.0095204766899084,-1.0907928338227844,-0.379990344158463,0
313,-0.6954632472291431,0.8409904809966147,-0.2310376316940674,-0.053769391281220734,1.143792378974312,1.3918373948892515,-0.8775962134581258,-1.8118450773099501,-0.6744543005040408,3.0665104218916897,-0.8259942900165103,-0.1561737618886055,1.7418652300137156,-0.8184284884906524,0.2598337614147871,0.7525153904645505,0.9987761605595069,0
224,-0.7247605956580538,-0.8105664731013441,-1.1005524388208032,-0.07163810354267328,-0.39230807319191013,-1.1909984943363423,-0.023020488918437425,0.14439270363134332,-0.03192981187598763,-0.27336526624718394,-0.5970612830217492,-0.1561737618886055,-0.7592337268832822,-0.725562347182726,0.23864615041360226,0.7525153904645505,-0.4554488041188258,0
023,-0.929842034660429,-1.3700222261226969,-1.019564562269001,-0.3793585282739309,-0.6429393829806452,-0.21429861331331929,-0.28920068855481645,0.15930883631139403,-0.3731252488152963,-0.2753631975493336,-0.7568855380021117,-0.1561737618886055,0.46479102753420676,-0.17719008371749634,-0.21871151163018274,-1.0907928338227844,-0.00971924484458763,0
085,1.79481136922827,-1.512938306632612,-1.6414622079047678,1.5443810824902735,1.1027192898225646,0.567871798601663,-1.8079735512479662,0.019259836297985403,-0.44397217995435223,-0.17691586190123035,0.9501875174627274,-0.1561737618886055,-0.5938184424634385,-0.7649471147311679,-0.30678558898261393,0.7525153904645505,-0.22384290048838246,1
051,-0.19740832393766056,0.2730108864764607,0.7180065554837172,-0.12803607967209638,-0.7971429795277357,0.3402653048990499,-0.8191561217528237,0.1758229290034711,-0.31571675387606535,-0.27022064619001557,-0.566079695349619,-0.1561737618886055,-0.23430348213350752,0.15751837104625505,0.14476752572571056,0.7525153904645505,-0.23106035973557393,0
070,-0.5489765050845894,0.12330251807829384,0.6166331634202594,-1.0917841618952515,-0.948150989333571,-0.23344267994765674,0.44304963747965936,0.12797968610695168,0.5366069566132388,-0.2736172430848855,0.37708768996643627,-0.1561737618886055,-1.220939062976164,1.8056154702245035,0.34395644410962645,0.7525153904645505,-0.483075679691474,0
226,-0.6368685503713216,-0.9976595732369615,-0.8779089431426998,1.1721029352001864,-0.7616169844894923,0.7570660064220168,-0.7051761243204324,0.20141784004707536,-0.7040047707789684,-0.2777834903189292,-0.7990702617942644,-0.1561737618886055,1.692020119565477,0.15962314262052077,-0.9618766550093539,0.7525153904645505,-0.005480031175691575,0
059,0.24205190249600056,0.08131569106725864,0.7385251411356919,0.7185190518096711,0.37287522189964745,-0.7128245859281486,0.580581164512313,0.1165054140329059,-0.6780974958702325,-0.27988524075967336,-0.5219780776376622,-0.1561737618886055,1.8926324783388084,-0.030866739587791004,-0.3098059131962205,-1.0907928338227844,1.3110654972655738,0
137,-0.6661658988002324,-0.07563184149294376,0.6468965430922861,-1.0790586196686818,-0.7204588748061562,-0.7111619953324769,0.25982556855484795,0.14788544309192683,-0.3717550633226271,-0.27950382580325434,-0.11169078704294966,-0.1561737618886055,-0.2969074117952581,-0.576553234772205,-0.2033662779599021,0.7525153904645505,-0.41916483551023737,0
002,1.8827034145150021,1.490742472143674,-1.5004842483774092,-0.04836210084422535,-0.05461473571287062,-1.1095810495730112,0.8269027775933101,0.1622336781648518,-0.34154333876313897,-0.28869975808848897,0.41955175871486033,-0.1561737618886055,0.24894686509567285,-0.31163781629707826,0.017094445030753712,-1.0907928338227844,-0.1647185886028514,1
248,1.6483246270837162,-0.6186759970908253,-0.33564191031310947,0.06276348789541168,-0.3875656939195208,-1.1682594513271647,1.2539645686971213,0.22033136390404082,1.1534158633201363,-0.2531833178462312,1.1940015128688937,-0.1561737618886055,-0.7768255482932933,-0.7891992824610932,0.8989595474678334,-1.0907928338227844,-0.21300535512462482,1
417,2.468650383093217,1.5627759617689096,-0.7906835772353525,0.5999434969166334,0.014905930375140848,-0.9685029976690955,0.17681743190989765,0.11637674232032647,1.3471706706346556,-0.2696623507671069,1.6052530959410403,-0.1561737618886055,-1.2956026648458063,-0.7337855360014689,2.0666428843196014,0.7525153904645505,-0.36541685758782744,1
349,-0.9005446862315183,-0.21441447745058098,0.08757406053374174,-0.5354395208169163,-0.42647097622821434,0.10644022308470687,1.4987598287740433,0.1345540807357619,-0.5561008410351914,-0.29105495687594796,-0.401707569157527,-0.1561737618886055,0.6508719224376524,0.416414887663822,-0.8398759155187344,-1.0907928338227844,-0.4192223126983566,0
546,-0.25600302079548204,0.7446170916671462,1.0913482381812374,1.3911090845904215,0.24819771483142475,-1.0756966625493496,1.5770773445415542,0.0761547113312258,-0.30869724616582805,-0.2895102960050493,-0.5864645280212095,-0.1561737618886055,-0.9902392738213318,-0.8965555556409603,0.5331746625226697,-1.0907928338227844,-0.2691651146403954,1
414,0.18345720563817908,-0.21319169644262836,0.3073125405453988,0.6703857427310508,-0.15175631851514512,-0.3563725311358301,-0.48557417250136076,0.16146688079330643,-0.6210901085036609,-0.27394434543574864,-0.6343308877503623,-0.1561737618886055,0.404731141327178,-0.2663573707456204,-0.18089452571530598,0.7525153904645505,-0.07040573153182006,1
508,-0.6661658988002324,0.29082809058411857,-0.03187480310505301,1.1075804236039448,0.04299430697130655,-0.5308488857681534,1.9890617676630993,0.07706936587383652,-0.556487386565545,-0.29639533499574516,-0.9011662086396739,-0.1561737618886055,-0.7061649857108395,1.469134184478676,-0.01875219672803848,-1.0907928338227844,0.05460824841340599,0
093,2.3807583378064847,0.6661833011913174,1.2016897859116695,0.8049901035754272,0.6494366619756091,-1.131644515613942,1.2350358755887938,0.14248141355905394,-0.6834834918994278,-0.29562745560046305,0.3765976270540968,-0.1561737618886055,1.136444090852738,-0.9018839645909101,-0.15324679493340557,-1.0907928338227844,0.8640100181164629,1
097,2.234271595661931,0.07131026862991989,0.7151522494281376,0.36509704990647124,-0.7317267432764476,-0.9563398782490866,0.31125695503251205,0.013320926466604356,-0.5515886050940007,-0.16310807477477077,1.2207508900123447,-0.1561737618886055,2.122051775162434,-0.8363696015589165,-0.8753630722104533,-1.0907928338227844,-0.22534885386498935,1
506,0.5350253867851079,-0.1799588411780989,-1.3858468617869386,1.2577568335193339,-0.3841806406210616,-0.6221597553806363,0.6667983034479232,0.12860387033182608,-0.3281944669010299,-0.280694427381146,-0.2774320581527993,-0.1561737618886055,-0.899000271653514,-0.3281123476812543,0.019893536819672125,-1.0907928338227844,-0.24781263080260194,1
461,0.38853864464055426,-0.338707300093148,-0.333339019747881,0.1046722662702234,-0.11181600885708733,1.5829715816904955,-0.23318381442877034,-0.3838309001503915,0.1812074395877048,0.3736935247902378,0.16478468634790025,-0.1561737618886055,-0.6437947382737458,-0.19005320611858642,1.0622131447331593,0.7525153904645505,-0.08188021047179433,0
120,0.8572962195031261,0.718694578060532,1.209254298875655,1.185827198444809,1.936401046633372,1.0611254292542334,-2.2491914195554887,0.053287067908508824,-0.7838091402176341,-0.16585645676200872,-0.38791200918582597,-0.1561737618886055,3.4608220431674313,-0.6562114932844372,-0.6456007327817649,0.7525153904645505,5.104480345741692,1
128,-1.2228155189495364,-2.083122067012909,-2.575892055598283,-1.236987734459701,1.370675650284647,0.18444792799529833,-1.5458729515804523,-0.2558289392549769,0.04911503937325475,0.5994302952664196,-0.7584551008154118,-0.1561737618886055,-0.5851915610119492,-0.28067226773176346,-0.1662090704042008,0.7525153904645505,-0.4927104914447612,1
241,-0.5782738535135001,0.05101113050483607,0.8499579428981612,0.1349337150754512,-1.0330565925772475,-0.7098121773717144,-1.1128673887874567,0.196063351269999,-0.49245192774906216,-0.27456505318236823,-0.2780489723784106,-0.1561737618886055,-0.06707170010753032,-0.291386894843282,-0.6552692052234333,0.7525153904645505,0.17045799425848027,0
543,1.677621975512627,-1.9083127915456135,-2.6798799515079494,-0.5279752650237761,-0.9883617209887573,-0.9489584653276266,0.5685169635967845,0.17564996768338767,1.7693446596160591,-0.2873700261264981,2.8241178683870567,-0.1561737618886055,-0.09574561098398766,-0.7083676748155192,0.22188856143003508,-1.0907928338227844,-0.44179644387170197,1
256,1.560432581796984,-0.8588813650120546,-0.36359563840617243,-1.385969720244416,-2.242532082810677,2.2907630535770274,-0.27478313321881875,0.18902237817673617,3.081575983515012,-0.2792522115127387,3.9867002375505,-0.1561737618886055,-0.4518629947547013,-0.6183762327753523,0.32623541629312336,0.7525153904645505,-0.4352808016043593,0
189,1.8827034145150021,0.19321394087804744,0.08089564672334487,-1.3905255865792876,-0.9350464486264314,-1.0131992458079782,0.3877417260278832,0.18844322648715187,1.5629627711814704,-0.2881151942814728,3.775529764839954,-0.1561737618886055,0.20448095355956766,-0.6050409328231362,0.19420186991854008,-1.0907928338227844,-0.46946826416286885,1
101,-0.6954632472291431,0.20753247192847862,0.7335137665465854,-0.4582307973574827,-0.6707052607595434,-0.8814841320070343,0.18982701030529908,0.17460792009261542,-0.23517378913950673,-0.28224576715288213,-0.33477329572844294,-0.1561737618886055,-0.16055211966891061,-0.8633029595293348,-0.2190493510975129,0.1995229231784339,-0.4512082122778489,0
536,-0.6075712019424109,2.47561701768471,0.8127897698079043,1.2549701059227147,0.8049254404711964,-0.17871342649175057,0.3350317184515437,0.24206135310434412,-0.6849047122811093,0.43695467916456326,-0.9386889796052676,-0.1561737618886055,-0.1795879389888734,0.4927066473611765,-0.8044148151989097,-1.0907928338227844,-0.35771328175830275,0
538,-0.8419499893736968,-0.8023840067141675,-0.44461283437778404,1.3944974486089627,-0.13737655210873462,-0.7658460082348085,2.034265089660861,0.12356297414831459,-0.5975988982759599,-0.3036980061808687,-0.8996921959161484,-0.1561737618886055,-0.4010912096524211,-0.07765967955820514,-0.26831439864922974,-1.0907928338227844,0.039538589658427055,0
193,0.21275455406708982,1.0091519718142663,1.0833427690766304,-1.2759787867734018,-1.0130342928746514,-0.9697676944882011,0.9280438281556861,0.3107840381989303,0.07402307172906782,-0.1373868039949068,0.29535258121117264,-0.1561737618886055,0.4761157060301119,-0.8464793016361948,-0.0813037115547858,0.7525153904645505,-0.05281484975541924,0
254,-0.9005446862315183,-0.17944848842670535,0.07664986660080204,-0.3969366884204029,-1.043350866023053,-0.061833124255865436,-0.6609095106884607,0.18021756766134933,-0.42345640370267884,-0.27132903041589645,-0.6863670764507097,-0.1561737618886055,-0.5356144704949586,0.3532730110152527,-0.45472832749776565,0.7525153904645505,-0.4546130529400948,0
179,-0.2853003692243928,-0.32835344618815004,0.3439910035398424,-1.0842156271443013,1.115600438768154,0.07000073367821226,-1.2654573062394348,-0.5021507417251745,0.2131418748738977,4.847007924109749,-0.6657698693225622,-0.1561737618886055,-0.7382087960916256,-0.6626917024246579,1.41938840749724,0.7525153904645505,0.2541036809208878,0
165,2.6444344736666814,1.074583527137096,0.39728406860226956,0.3559379475362432,0.26466123869859176,0.3091838542132412,-1.7550664889180774,0.21774100510544014,-0.6661434194820454,-0.11019352372603637,2.1517229073369175,-0.1561737618886055,2.3370637171090016,-0.6241919473785499,-0.9089822241948844,0.7525153904645505,-0.11623710742263416,1
385,-0.34389506608221426,-0.38480794698151294,-0.6458281358163374,0.48161644870852016,0.3887071472361971,0.1675030900302327,-1.1787790191143277,0.13666687558571647,-0.7333845317507536,-0.2558988384987736,-0.7128484350558443,-0.1561737618886055,2.321295551497046,-0.6010290183946427,-0.7797972263913493,0.7525153904645505,0.5355374817347296,1
477,1.8827034145150021,2.6133286487660596,-1.649965835247785,0.2566104353880503,-0.04148997402476832,-0.815004091067777,0.9004451237098733,0.13850604672523195,-0.0530147461863642,-0.28542755338756776,0.32829091835788543,-0.1561737618886055,-0.7509016188918702,-0.2667396858765905,0.24948526455041184,-1.0907928338227844,-0.41573211187638154,1
244,-0.10951627865092832,-0.5505079424204997,-0.07721529266687238,0.2871340649463374,-0.4268940745353712,-0.8934309266445054,1.798880812081012,0.1505437386446822,1.311224486332411,-0.3054590465118716,-0.3279259642084084,-0.1561737618886055,-1.0493078147058654,-0.5013182660293004,1.9596917683492616,-1.0907928338227844,-0.4384454311450062,0
113,-0.7540579440869646,0.4905106546898671,0.4018274227525046,-1.2424132721044059,3.7526974058229245,0.47361729230828387,-1.055497389123785,0.16472368494504366,-0.26269462036339364,-0.2654677695712082,-0.21878156163499624,-0.1561737618886055,-0.21508831681060098,1.5601176870178994,-0.3773483576932324,0.7525153904645505,-0.49346815295425434,1
466,-1.164220822091715,-0.48701237784668067,0.08137038795019012,1.5202213523764352,-0.01515175152736883,-0.4416562875364615,1.489259368007257,0.10526875044482942,-0.6215838797769718,-0.2807697015232971,-0.9144688160958669,-0.1561737618886055,-1.0586985663240918,0.7271503759251062,-0.12214472556598123,-1.0907928338227844,-0.020089017933219547,0
453,-1.1056261252338935,-0.3042480477397589,0.4269401568124963,1.8976471989406458,0.1627784054004594,1.9759195114762118,0.12873518731633582,0.08292616861460604,-0.5319513866203627,-0.21368951106357206,-0.8867567616448324,-0.1561737618886055,-1.346055874036151,2.5222585321689404,0.3036742247729513,-1.0907928338227844,0.04233661369345029,1
148,0.06626781192253611,-0.5295598736443873,-0.14323299944524023,-0.4873578860953314,-0.6953224613564167,-0.18947189714829135,-0.5554436792137519,0.18510485875838004,-0.20779622468664063,-0.2758098964071893,-0.027439491460849372,-0.1561737618886055,0.7262227024597276,-0.5469641462210509,-0.27777515602010167,0.7525153904645505,-0.3581392897763686,1
345,-1.3400049126651794,0.2995132442827472,1.163513235443182,0.9744983421093453,0.8741539796760747,1.0699247370131038,0.9046368653263226,0.09045702108667399,-0.7263620897526272,-0.24017609451273483,-0.9790614786064004,-0.1561737618886055,0.056452601678765674,4.926746049459322,-0.49557869093064,-1.0907928338227844,1.4553849879490337,0
469,-0.8126526409447861,0.18913747577634282,0.8791212167836996,-0.38051626240552994,-0.3637139081568191,-0.5510738431126152,1.3320846989790835,0.16603115128895418,-0.5719367243933882,-0.29890955847307804,-0.8907307554997562,-0.1561737618886055,-0.06827683860871409,0.7469901054028043,0.05734523059245936,-1.0907928338227844,0.577613150870803,0
378,0.03697046349362538,0.44041375004129873,0.26317525531940744,-0.5630614676011069,-0.11214753782928794,-0.17672719567198608,-1.6919915544638795,0.19748379600719196,-0.11558213023623864,-0.2695242583271887,0.41039552564724674,-0.1561737618886055,0.01734011491624491,-0.05973194798162152,0.19610905701482728,0.7525153904645505,-0.24671153569066875,1
318,1.2381617490789658,-2.220634655568028,-4.10969468767881,1.8530714139352358,-0.7226299662587792,1.998894236000034,-0.3381759866125745,0.17994163012551928,0.22846131692929508,-0.2771339169361251,1.8112424723105744,-0.1561737618886055,-0.9561656664177054,-0.8958357355513139,-0.6239720344228803,0.7525153904645505,-0.4454371232611448,1
028,-0.4317871113689465,-0.739874357376533,-0.05357390036928584,-0.9022246622607719,1.70557384348579,-1.3950399036085943,-0.0349036498337116,0.19915484591541502,2.3998452876539416,-0.2850951702417944,0.838174505001059,-0.1561737618886055,-0.415216182491767,-0.7774747207834793,-0.9485789264192177,0.7525153904645505,-0.4935482079164737,0
133,0.44713334149837575,-0.3132350933296834,0.22286995297515194,0.045170567928854474,-0.7020831327199378,-0.36404399386007275,-0.9042217673644662,0.1961613742696238,-0.037345701421120994,-0.2754332605788705,1.1250821994901752,-0.1561737618886055,0.020386361155511137,-0.738195334493796,-0.5001089670590484,0.7525153904645505,-0.3839726867378752,1
073,-0.8126526409447861,0.29609655541343194,0.3810803699987456,-0.8158118335995825,-0.8663115864846012,-0.07383476664971415,-1.0948743052761094,0.16715760004048577,-0.4091661705352781,-0.2682328654205323,-0.6349354986775841,-0.1561737618886055,-0.34227471044223406,0.6813064491510562,-0.2284522573706721,0.7525153904645505,-0.4665582663102991,0
339,-0.4317871113689465,-0.8869562030602404,-0.48500835969068523,-0.2546787857444133,-0.8368902982148027,-0.6343413324299696,0.16895733130032034,0.17779102458034374,-0.13378225608221783,-0.281756965617191,-0.08006611301267802,-0.1561737618886055,-0.3166376137709997,-0.378931477330534,-0.49130469312038494,-1.0907928338227844,-0.4038530127277309,0
416,-0.22670567236657127,0.30235928672423895,0.8549623207293481,-0.724057792147528,0.19579588739899323,1.1126235553703954,0.6105330628223898,0.1693190808332021,-0.47672881788412536,-0.285990738869256,-0.46365202199275674,-0.1561737618886055,0.3103195109276893,0.07370932081894736,-0.4560180016844737,-1.0907928338227844,-0.37964531948371877,0
132,0.417835993069465,1.730267767651113,0.15823184448339467,0.4730515193341002,-0.13694328033050285,-0.09818991394527195,-0.6806581145588956,0.17845056008437965,-0.35918680219416693,-0.27380203732064823,0.3582640467594774,-0.1561737618886055,-0.25922032721917404,-0.016293500574583425,-0.9337499308661041,0.7525153904645505,-0.4841757362377061,1
397,-0.7833552925158753,-0.3042294519163297,0.41851920706619244,0.22159890431924964,0.9448284110507044,0.8317888512079625,1.328341042720305,1.0490728304876678,-0.3776360483951676,1.6169747910305128,-0.836575709911141,-0.1561737618886055,-0.73297452364229,-0.5891418224081398,0.006309257102931525,-1.0907928338227844,-0.41944373554161213,0
421,1.0037829616476799,1.5722392001857142,1.3714751264009883,-0.5149393432193825,-0.436304851905352,-1.4857897325324956,-0.24438804226701474,0.15441086235868384,0.30286498550006824,-0.27465479384082436,0.6040669843045419,-0.1561737618886055,-1.0662408727610395,-0.6763498455067062,0.5408413978997385,0.7525153904645505,-0.31361914124930557,0
437,0.5057280383561972,-0.16118207183860142,-0.35543013719392075,-0.574837462166571,-0.11455074909999276,-0.1819737658700691,-0.4926738578882416,-0.8999121784674438,0.2806629851400149,0.47162695367410723,-0.6409057704646871,-0.1561737618886055,-0.24815167132107555,-0.36778661521487255,1.9692435993678892,0.7525153904645505,-0.33223112014505385,1
327,-0.4317871113689465,1.21817693214686,1.0073317536233004,-0.36365790408029763,0.7373857092788704,-0.5851860739984994,0.09205045683958779,0.08954048948822814,-0.4440975413976958,-0.2699753145727248,-0.6723919189051112,-0.1561737618886055,-0.27632231755276376,1.4377785381955246,0.654232826578727,0.7525153904645505,-0.2538532941068182,0
035,-0.4317871113689465,-1.6029539317287687,-1.3847964565164848,-0.02607028255097166,-1.1962774105580216,0.04855943598227549,-1.065285920730823,0.45992661691799114,0.14779359098336867,-0.0996970318193443,-0.6210343856204222,-0.1561737618886055,-0.8399909670001997,-0.7811800103919073,0.44576988482855096,0.7525153904645505,1.8474313107135094,0
430,-0.7540579440869646,1.3360254188333214,0.9525502854016805,0.10602211131685747,1.287228203386118,1.0498211127401076,-2.4162839184343436,0.15579114078388995,-0.7071272142866698,-0.16032975588620152,-0.7840812259152993,-0.1561737618886055,1.2010688680288264,0.45859525803680085,-0.2742819578191988,0.7525153904645505,0.9138246825942751,0
055,0.6229174320718401,0.7600111826378455,0.33570217796845175,-0.8735271231295274,-0.12137456119619858,-0.4676914424858781,-0.34509832853611533,0.17565604472851648,0.4872426661863225,-0.087025856247731,-0.21019980785288436,-0.1561737618886055,-0.12856051993740622,-0.3492385756100896,0.5627887558516228,0.7525153904645505,-0.4702723301647216,0
194,-0.34389506608221426,0.1099404568592192,0.9128629388347905,0.04574054220050264,0.20557861359090976,0.3946415221189252,0.029671583226703442,0.06010547908586752,-0.5713676269080844,-0.25322535604272295,-0.7270754304334285,-0.1561737618886055,1.4192538231659395,0.2712142247132509,-0.003979863906653767,0.7525153904645505,1.5864014790919778,1
277,1.7069193239415377,-0.4722604348090554,-1.3936646143246647,-0.7593943972830288,-0.3741301329797706,-1.407155414969154,0.49434086036463204,0.1762244674525115,0.761097835282624,-0.2871876522725004,1.330868289906449,-0.1561737618886055,-0.08296862305674417,-0.4701128824257093,0.38833293802837776,0.7525153904645505,-0.4348360658804324,1
288,-0.8712473378026075,-0.19454919064143716,0.5760555872876355,-0.26930515837050034,-0.5352625456220104,-0.3054154900417474,-1.355466478319166,0.18616916844688594,-0.5126373694395764,-0.26975003978577566,-0.6560890041681324,-0.1561737618886055,0.20920331265596606,-0.07075778478047216,-0.476386737590407,0.7525153904645505,-0.38084873116236595,0
372,1.1209723553633228,1.00238432187488,0.24851343654692473,0.6967269988709512,0.592958174388974,0.1703376506444642,-0.4363191137944949,0.13846491962711568,-0.5564313738900205,-0.2706828943827633,0.5670702622826183,-0.1561737618886055,0.04537002965048738,-0.040141224356757835,-0.6786585503880088,0.7525153904645505,-0.3614932765922524,1
225,-0.40248976294003574,-0.4998471869243283,0.2631371217409757,-1.4422605516366833,0.8205198325634198,-0.685914577197555,1.9607172228664511,0.10980253075990015,1.951668530472094,-0.2935540320175188,0.6448510888802361,-0.1561737618886055,-0.9212696923647555,0.23628881879168237,1.2108416524922254,0.7525153904645505,-0.49265298682672626,0
181,-1.047031428376072,-0.5871561810093531,-0.08470013972839846,-1.1605270928107994,0.651602497871209,-0.4765255395068289,0.5958012335125956,0.15335562566221422,-0.45649104129097445,-0.28049318909860654,0.07994490066665834,-0.1561737618886055,0.13015489787334023,0.9864132292001632,-0.755761717531322,-1.0907928338227844,-0.47851774685128584,0
096,1.7069193239415377,1.8714788629722812,1.2722527949809777,-0.41348755845683716,-0.32168262921043844,-0.4557653300305873,-1.5220943622941416,0.14201897330554245,0.877427684986885,-0.25439946890947907,1.529122153730206,-0.1561737618886055,-0.9673492763505067,-0.9691852810165643,1.5172454431077973,0.7525153904645505,-0.05953514346895488,1
115,0.8279988710742153,2.058459966685543,-0.36209079447529957,-0.5906758160964661,0.3957268013350974,-1.22176627802655,0.1598518115153174,0.164836487190348,0.030541626437708698,-0.2797389098114681,0.3044435379452289,-0.1561737618886055,-0.1880648934361185,-0.042531625324375745,-0.012970540620084924,0.7525153904645505,-0.4744911351809122,1
041,-1.047031428376072,-0.5033149669276201,-1.0615634193755024,-1.2420609112397794,0.4332169750579247,-0.9768561187532707,0.40557521824237885,0.19712061563520697,-0.4691774760116177,-0.2909883805353983,-0.6408767268007062,-0.1561737618886055,0.1971996653117753,2.3790235311961343,-0.6538151484492707,-1.0907928338227844,-0.4849169017392261,0
168,-0.7247605956580538,-0.9306244382525165,-0.4858488036705064,-0.10460598288084795,-0.08018416388593173,-0.3365922339714811,-0.18785678739225298,0.18629651031190475,-0.43481510525973477,-0.27909978356335496,-0.5607628111084908,-0.1561737618886055,-0.22252374044595713,-0.20744319260197383,-0.6221942760716817,-1.0907928338227844,-0.42707901338821014,0
329,-0.5196791566556787,1.0878225870968452,0.47845761767173073,-0.3509165039264056,0.04761997257985922,1.5012215972705398,0.6137882796073071,0.16666933220014013,-0.5707257363640875,-0.2851932528705508,-0.39664559188536075,-0.1561737618886055,0.40312814398998015,0.3655293690899989,-0.7158943372256693,-1.0907928338227844,-0.3930439816564349,0
394,-0.10951627865092832,0.8254553712757893,1.1567818404687062,0.03125065416456446,0.5027823372776928,0.7441209744337476,-0.6437943335990559,0.1515461344111698,-0.39187359595873644,-0.26677527798611156,-0.4126445552880495,-0.1561737618886055,-0.3345635055423968,0.6214330056460396,0.10292186468883972,0.7525153904645505,-0.394837589810217,1
262,-0.4610844597978572,-0.6066407260914244,0.12229367051672509,-0.6010732034254609,0.1598789781634347,-0.4286479937598451,-0.22078312586660384,0.17757216444540855,-0.4134273424717149,-0.19486021710856713,-0.1937749745006006,-0.1561737618886055,0.673061445564701,0.4597311903201391,-0.6291115792735558,0.7525153904645505,-0.40457383726399976,0
074,0.21275455406708982,-0.739590774116969,-0.258077720041859,-0.5939162249671505,0.47534647986740325,-0.48865822904395106,-0.08247060543107321,0.0556179883221332,0.19769109855982545,-0.2607762446384833,-0.10491159780767897,-0.1561737618886055,-0.6820286418747541,-0.1710806222487403,1.091596761260246,0.7525153904645505,-0.4222041493113463,0
360,-0.9884367315182505,-0.15979427007588348,0.33655879286573653,0.614029896468435,-0.532336568966417,0.7316815174361173,0.5346227822656883,0.13306081322997199,-0.6462896373445544,-0.27550245555757047,-0.9599313463343377,-0.1561737618886055,-0.24412008878446875,-0.902923159260071,-0.3375647590132819,-1.0907928338227844,0.2694541061196659,0
034,-0.13881362707983907,-0.5443068933012062,-0.0004262196637924275,-0.417004249734987,1.1587160548049744,0.8417749078792413,-0.6337009314255597,0.15908926538880608,-0.7075314264950306,-0.1412409690796788,-0.11741302728658858,-0.1561737618886055,2.349612322351499,0.31380796447931303,-0.6452669041032831,0.7525153904645505,0.5876687442683165,0
026,-0.7247605956580538,-0.05249014545093472,0.5698677431963315,-0.8016485381331496,-1.5075154282650363,-1.1514455613124848,0.011517321706155131,0.16301335125859898,-0.32103492789903293,-0.27266818658756653,-0.7630653089106346,-0.1561737618886055,-0.05293142435926532,-0.2816312193688926,0.2933635827296542,0.7525153904645505,2.369163990245128,0
220,1.1502697037922336,0.7145637469688865,0.47665709754281094,0.6489347076733952,0.22828622558670608,-0.8050147382431628,0.05643680559611512,0.10853087882657547,0.07123640135328477,-0.26744517230004183,0.4928943047986808,-0.1561737618886055,-0.8291392320192571,-0.41638032541494135,-0.0847528858482047,0.7525153904645505,-0.44698947503084024,1
094,-1.164220822091715,0.7864072681943801,0.9637328246165754,1.3191355494355668,0.8258889383195864,1.3152552680153358,2.6006646447198656,0.007372691709681749,-0.5505887005300378,-0.2902573353976794,-0.8498042797837099,-0.1561737618886055,-0.9901683082912278,1.2050973314986686,-0.35939320326488366,-1.0907928338227844,-0.4734151915559591,0
351,-0.929842034660429,1.6736473001861754,1.5029753019575112,0.570227629004425,1.191647326508972,-0.4896117163240802,1.9120210590858777,0.0817850001053053,-0.7169820073422651,-0.28171385068731225,-0.8734229509387167,-0.1561737618886055,0.15317033582975317,4.4873442815850675,-0.9220394245927062,-1.0907928338227844,-0.4652702341398549,0
409,-0.8126526409447861,0.30689009778865145,0.8961146221494233,1.4194434469135897,-0.37647927537623255,-0.4606883451281916,-0.4541323963055394,0.1449804853762382,-0.5999263836837564,-0.27406956875264005,-0.9184790995234907,-0.1561737618886055,-0.02978011649516876,-0.8326226396906411,0.3269232833885301,0.7525153904645505,1.4306250625362473,0
390,-0.25600302079548204,0.46955129701040554,0.6422977096492835,0.5631301859828861,1.3610105833547095,-0.3809484869778414,0.3288011296743019,0.42141199852295447,-0.5471230772889055,0.3790768742530185,-0.5540779240838373,-0.1561737618886055,-0.3879714583807211,0.3062908401751272,-0.12603552420798075,0.7525153904645505,-0.36290945208842706,0
080,0.7108094773585724,0.7266255123399995,-0.5169850798026439,0.966400981011685,0.3722437692569577,0.7281769038725658,-1.8029127703836751,0.1311460428570076,-0.45160210987091315,-0.2387891890089538,0.15834987875854353,-0.1561737618886055,-0.4029586350134756,0.28040671424681884,-0.6619187427371918,0.7525153904645505,-0.34411068218433744,1
139,-0.40248976294003574,-0.35738012406910197,-0.8956747139007906,1.3742597763218662,1.4354236772525264,2.7528913092783984,-1.1861360041668971,-2.2538640569261803,-0.6957613095989152,2.623587975215122,-0.9053718307388227,-0.1561737618886055,0.4850851947760424,1.0382367291267152,0.32369635576618083,0.7525153904645505,2.073037305345643,0
265,0.09556516035144685,-0.15116881789150088,-0.5741747628108578,-0.3506305166723951,1.1492706642057728,-1.1478469973736034,0.6378984501319388,0.12153627595572608,-0.42790649643893364,-0.27920659543128473,0.07867749167427207,-0.1561737618886055,-0.9764133460923976,-0.09195079181376799,-0.15802162403616676,0.7525153904645505,-0.47059881381628854,0
285,-0.16811097550874982,-1.6663972963006402,-1.624008828539473,-0.5474639214178371,-1.382125629352118,2.0557964278007206,-0.3518419311892311,0.17511626328440724,0.44052773725499533,-0.27602713974573395,-0.11586060556934669,-0.1561737618886055,-1.0634086110794032,0.917383078221938,0.2835441042909983,0.7525153904645505,-0.4098655478051053,0
367,-0.34389506608221426,-0.06073389097238139,0.6723928786556456,-0.2873168823129576,0.8522294331093764,-0.8527322299299499,-0.49115527304044804,0.12569631635678052,-0.4910668447483691,-0.22250262809069998,0.42104841433292944,-0.1561737618886055,0.44437664904926416,-0.3974135338582385,-0.9543713891277618,0.7525153904645505,-0.4812678553457052,0
033,-0.4610844597978572,-0.40584778846496533,0.33461999134823595,0.017166419888057564,-1.9801136393559302,0.3800661044324417,2.2772707548112234,0.1248975318028662,-0.3403371361689035,-0.308305053955618,-0.24451996576834292,-0.1561737618886055,-1.1268991757649742,-0.433150888898673,-0.7190297929028936,-1.0907928338227844,-0.47940101288593673,0
491,-0.08021893022201758,-0.20110901763625855,-1.3385108221206294,1.384777359713742,0.6362640270066553,-0.7677551782614392,0.46877435060567385,0.08376647913459122,-0.6764793027951164,-0.26353962121143504,-0.608877088759119,-0.1561737618886055,-0.1721971250644644,0.5897438075764441,-0.6055453905371472,0.7525153904645505,0.6541781404604408,1
380,-0.5782738535135001,-0.21977442460550345,0.6330631504323054,1.4861099317504909,-0.9027374147116048,-1.0922329680620455,1.7778610471145584,0.1689623491995778,-0.6149452473510327,-0.3121524752520861,-0.22105392639844268,-0.1561737618886055,-0.19351399870693883,-0.9783899510320485,-1.020936269618376,-2.934101058110119,0.0390889278551316,1
500,1.2967564459367873,1.0332642851668188,0.38426208217902125,-0.6446873528461339,-1.3789923467696312,0.8173693656719511,0.38188106249236553,0.18416319750451238,-0.12111304987380415,-0.286753438546029,1.2673262302783252,-0.1561737618886055,0.5300167215223351,-0.7792727404959134,-0.8993671452130685,-1.0907928338227844,-0.4621832375822026,1
009,-1.0763287768049827,-0.7459067681695177,-0.2846679566519617,-0.6487334418293083,-1.2752857135996012,0.6999120730318311,0.04754493487210238,0.24948405309307203,-0.19956955170067106,-0.27812051958210626,-0.5666850182253004,-0.1561737618886055,0.017382934214581022,-0.7277245476536887,-0.5618720911370136,-1.0907928338227844,-0.48331065737732737,0
171,-1.164220822091715,-0.4950598067308398,0.3636987459497356,0.36518003251878417,-0.5022074613431817,-0.07477729840129183,1.377013786941003,0.14730752663762334,-0.4008959691833899,-0.2935087610049446,-0.7446089044338816,-0.1561737618886055,-0.859815049312824,1.2150379838760546,-0.6367770636525212,-1.0907928338227844,-0.482931528591447,0
058,-1.164220822091715,-2.1449629677681212,-2.5204878302774176,-0.44257493064619724,-0.8717985446675227,-1.4612163507815445,0.16808210986533254,0.1642951046475005,-0.06626259874480454,-0.27717385548041507,-0.7587393034820342,-0.1561737618886055,-0.6694192451009424,1.2413075337173467,-0.07443389685023681,0.7525153904645505,-0.004986108745364499,0
488,0.8865935679320368,-1.5757933670985742,-1.342086762418752,0.09282786959069232,-1.0529766062829304,-1.6074396859033906,0.07233412628175302,0.16836204262516866,2.1829981699636254,-0.2788249881309606,2.659826729393671,-0.1561737618886055,-0.6588160721117806,-0.7168895716342831,0.5378109159810129,0.7525153904645505,-0.2198141837503496,0
489,-0.19740832393766056,-1.021895616955692,-0.6813955139753572,-0.1732761829151457,0.18056903382801756,-0.04548691734878571,-0.8093957512068877,0.19378665441110338,-0.10587302106742198,-0.2759704014793321,-0.05274305336831112,-0.1561737618886055,-0.0459656019707714,-0.8465939375578632,-0.5399084552578555,0.7525153904645505,-0.47496189446478065,0
025,-0.6661658988002324,-0.9273459202835409,-0.3018050770536904,0.5504692676250384,-0.5093034738133131,-1.0219089933579197,0.751836177991964,0.14133812712025406,-0.41761464755576216,-0.28514582391478105,-0.4821945502111044,-0.1561737618886055,-0.16549743412608459,-0.35750515472043304,-0.6986098286192789,-1.0907928338227844,-0.4298376128811695,0
061,-0.7247605956580538,-0.4711248542977276,0.26252668443616234,-0.7238364248290982,0.4779399991557305,-0.8084670944014194,1.61714883802888,0.12258517934189782,-0.00014039573934531164,-0.29264384138643496,-0.10814105481874786,-0.1561737618886055,-0.3511892192597121,0.2732184117796573,-0.5571317954873497,-1.0907928338227844,-0.4930672469451915,0
303,0.0076731150647146385,0.5411959359435862,1.2024780364261414,-0.9785566778227333,-1.8450398468560285,1.0074822288587988,-0.8364181955014789,0.1890065040930013,1.4013993168046464,-0.27453982872758725,0.4137245300770002,-0.1561737618886055,-0.8319973967067631,-0.3147269547187688,0.22290371271669998,0.7525153904645505,-0.4554527092053702,0
251,3.2010840938159855,1.8294773320519417,1.4522008616385809,-0.2509701344964338,0.3878198791008142,-0.8817862399572137,-0.38451665249206346,0.16667670062032963,0.8690486757474153,-0.2734885086835,2.456120098527959,-0.1561737618886055,-0.255981397252217,-0.6816930402165757,0.8564287754811543,0.7525153904645505,-0.4427486087247746,1
006,-1.164220822091715,-0.324504140592443,0.5338909009704679,-0.3107477031827905,-0.43251635118774323,0.003311671931784072,-0.9668256597699645,0.14554991673987586,-0.7006579642131046,-0.2658202366017041,-0.919226289308154,-0.1561737618886055,2.73877597278858,-0.6466674666685065,-0.6567170440787388,0.7525153904645505,1.5721204212418989,0
402,-1.0177340799471613,-0.6321426573220782,-0.020289686434961703,-0.3804818349683602,1.5653875818834189,1.0346908820560845,1.204722188630327,0.47285421137345945,-0.4910046206633427,1.4036388222019338,-0.9510004185289938,-0.1561737618886055,-0.5418269394986384,1.8539053219803607,-0.09158828249074,-1.0907928338227844,-0.4082919685659962,0
013,2.703029170524503,0.5602011883204955,-1.1675942682144986,-0.7282797857513315,0.22495100768838508,0.02799111659518785,-1.0005759429205159,0.18260771071244486,1.4529657098102742,-0.27032694194386997,2.4783253788985005,-0.1561737618886055,-0.4462924370013451,-0.366507654678832,0.7170745345592154,0.7525153904645505,-0.470150269651047,1
079,1.0037829616476799,-0.10171021276807737,0.3969137934017226,-1.6873851561831332,-0.8182185503026277,-0.07167391508599488,1.5268518848888466,0.14038807994528713,-0.38173362681487333,-0.29427452285214695,2.8045501273100224,-0.1561737618886055,-1.0813026153394798,0.06551018238632131,0.45180812538657544,-1.0907928338227844,-0.433228962209965,0
290,0.5057280383561972,0.4672615075613233,0.6259844566403262,1.4215436010838411,0.14544002630437888,0.9457512252922438,0.17041254039168022,0.1967275166380144,-0.3799114762682054,-0.28233860841710084,-0.029963483207032956,-0.1561737618886055,-0.8416199864988126,-0.6998636208188956,-0.33921883496678334,-1.0907928338227844,-0.44492377959493024,0
516,-0.7247605956580538,-0.9041616010799367,-1.3749702001153166,1.178377852958483,0.5183640089226889,-0.09566045817734534,-0.5776723014499777,0.12053522798877116,-0.6236112241143674,-0.06926946587371428,-0.8256293115950647,-0.1561737618886055,0.3233894863148097,0.03286099918605217,-0.018215282206871686,0.7525153904645505,0.16743237098556085,1
164,0.0076731150647146385,0.41671761058386075,0.9256338224837359,-0.6152572108921991,0.03709490237244024,-0.6550774514939048,-0.08316771477110747,0.16940828763343047,-0.08137474371244702,-0.2777089515866021,0.2648206900396938,-0.1561737618886055,-0.06448039694749177,-0.00785152582627497,0.04704005810987145,0.7525153904645505,-0.45160997715584905,0
095,0.5936200836429294,0.34378466157582,0.9294330460856344,0.11737559979390384,0.6061392399007589,0.27604929662525074,-0.45379318073982167,0.17981093136394555,0.09225796545075533,0.42405200049261893,-0.4911307541287047,-0.1561737618886055,0.05107994009056913,-0.8239369628591565,1.4929542847592483,-1.0907928338227844,-0.4573167733753874,1
458,-1.3107075642362687,-0.9537233059480189,-0.3399709501179408,3.394897930039752,-1.9012407535049913,-0.2575498541559481,1.8998625575247468,0.11417469238967172,-0.630815750170383,-0.2884182030837815,-0.9619708244419843,6.4031242374328485,-0.9814020808186534,2.046089614767038,-0.6426009762812884,-1.0907928338227844,6.81985410236712,0
039,-1.2228155189495364,0.40758860258605983,1.0102547131979769,1.7165740064005246,0.6196272660531353,1.1598224929739902,-0.00017850762446943054,0.18763241198564123,-0.6029156233768437,-0.24321148584309624,-0.8667230637487473,-0.1561737618886055,-0.7913960158313768,4.611572284760615,-0.27587899661204957,0.7525153904645505,-0.4152697030667247,0
344,-0.22670567236657127,0.2087579808630852,0.895194941051352,-0.6037415243631782,0.14273335920579436,-0.6259928189227844,-0.029541406632398348,0.1546922642354943,0.11299706054550038,-0.2762523644995299,-0.15152192213850232,-0.1561737618886055,-0.05017025214413109,-0.28439547431448703,0.778727966767323,0.7525153904645505,-0.3990882318996942,0
317,-0.08021893022201758,-0.23258928706399543,0.06830356277402203,0.3787080685335325,-0.3996631095038604,1.668777498804882,-0.029587014243398914,0.17729276250043277,0.06760125311649663,-0.2807248832193856,-0.1284764791117749,-0.1561737618886055,-0.5651195424352511,-0.8979686248736054,-0.07224516490098587,0.7525153904645505,-0.43164204205516754,0
036,0.18345720563817908,1.8388317665914644,1.421609530315636,-1.349014871851794,0.6206615427165454,-0.5153496752228091,0.31704675185327086,0.15339698698276813,0.3466357015835728,-0.2776754118245139,0.48895214679610016,-0.1561737618886055,-0.7760687601340118,0.08558364454679969,0.8458066803428194,0.7525153904645505,-0.4728793027075305,0
014,-0.9884367315182505,0.10203088793712141,0.8102537390302814,-0.4570086631692568,-1.1314750043701374,-1.3418794321037655,0.08999591226213477,0.1636637691238404,-0.0983373869663559,-0.2778870262059075,-0.6391103106623602,-0.1561737618886055,-0.7644254730765233,-0.4016737000378419,0.0780199134616169,-0.3534695441076827,-0.47889947191129234,0
266,-0.9591393830893398,-0.775478138554384,-0.4591873962058327,-0.7484665320881632,-1.2272683033475646,-1.2625780212013133,-0.2521272947579937,0.19334370111211616,0.13019410555697347,-0.2805008466822223,-0.8051594866281924,-0.1561737618886055,-0.47687372829434815,-0.11981718569512594,0.9965299755333057,0.7525153904645505,-0.44469265488067994,0
063,0.2713492509249113,-0.6829858482565487,-0.24194517444163177,-1.2142914518369732,-1.313112229753858,0.2791373569483422,-0.669657654920294,0.21264748433917918,2.960740178159363,-0.2791177338757039,0.6665336842081102,-0.1561737618886055,-0.6928462724564287,-0.5372402409915206,0.8782197808929986,0.7525153904645505,-0.4899256692742319,0
161,-0.6954632472291431,-1.0777490305727226,-1.0127291493526984,-0.12034932045444648,-1.040313677323819,2.319809202570815,-0.19828085189404773,0.15872653968079597,-0.23843802124245997,-0.27499462449731954,-0.7511976728159928,-0.1561737618886055,-0.7391647156811203,0.06853126494456381,-0.08123106268293466,-1.0907928338227844,2.381404092269147,0
049,-0.4610844597978572,0.4495284460623749,0.8252448380475736,1.2699911439574916,-0.026917726248567485,-0.9422571297752688,0.9714963035957462,0.1719071741161684,-0.6275278239601526,-0.2927737078244479,-0.8044453335566188,-0.1561737618886055,-0.24050667813823443,-0.0936186659719067,-0.4312795225156096,-1.0907928338227844,0.004396517114015448,0
229,-0.6075712019424109,0.9236262396002467,0.6057689389323014,-0.7461190652810313,-0.5248402557210678,-0.014335454331202755,-0.901321956087587,0.19932437365130246,-0.27333407374852275,-0.27600607058526216,-0.31607660560019507,-0.1561737618886055,0.1345368462056085,0.48780073820267866,-0.3430658655048804,0.7525153904645505,-0.47487650485803995,0
505,-0.8419499893736968,2.0652964845952697,1.5847045689564059,3.908126360056991,-1.0263308520905154,-1.197473574282609,0.4494527608392261,0.16683128682885578,-0.7008421364847097,-0.2806160848053461,-0.8368963116285807,-0.1561737618886055,-0.6575262304457089,0.13236445061355756,-0.8874816600118721,-1.0907928338227844,3.657553649389834,1
173,-0.8419499893736968,-0.4051815742439966,0.29392336991658624,-0.9212578172287736,0.22189328152335877,-1.06963066115031,-0.011393265346988127,0.18611764069018036,-0.5431700078972195,-0.28475571369739394,-0.4670544167763256,-0.1561737618886055,1.923760070123112,-0.3479420425894484,-0.6219904089741627,0.7525153904645505,-0.4047074884524528,0
234,1.79481136922827,1.646737818214647,0.5926758910545056,-0.029977907602958473,-0.5490477246146899,0.9685134240228088,-0.7850327740029044,0.19267749219756855,-0.02914308102738423,-0.27369470635860565,0.9928420907611513,-0.1561737618886055,-0.10758159498546874,-0.2785898157336307,-0.06696762893821265,0.7525153904645505,-0.1973495356158617,1
169,-0.4610844597978572,-0.6717715281772902,-0.5186262783234805,-0.5663160437631114,-0.8667166257772442,0.8493453351642916,-1.0775358097117016,0.19555879654105873,-0.4080690921623642,-0.2732826206688737,0.17138718646722673,-0.1561737618886055,0.11032100114637491,0.01690324621091045,-0.8328130265994563,0.7525153904645505,-0.4500651949469049,0
478,0.9451882647898583,-1.171337822933218,-0.8373375537766354,0.08879273066802637,0.5067776391453106,0.060129978687177246,-1.8239790113579495,0.20087849247827455,-0.6986850651768944,-0.26257356913595525,1.1337043624684164,-0.1561737618886055,2.234351400107794,-0.79682494661413,-0.722033225765345,0.7525153904645505,-0.0037057772490611215,1
302,-0.9884367315182505,-0.24311710301965847,-0.38276692029017306,0.668851394478007,1.0176509260199529,1.1693494184357605,-0.8155880043090237,0.06798615973612511,-0.7117762921609098,-0.23840555561358948,-0.9693721004245776,-0.1561737618886055,1.4485756740249207,-0.19954824633696402,-0.08200384250568228,-1.0907928338227844,1.1708366392083656,0
258,0.15415985720926834,0.666347641614277,1.2187261221748555,-1.380339362691693,2.0876503382008127,-1.466831414586455,0.3683974141460523,0.15440572456491292,0.33835738282824995,-0.27910670535121834,1.6040657584531395,-0.1561737618886055,-1.1073401016964055,-0.591638262582779,-0.10820853448102949,0.7525153904645505,-0.4872718307881597,0
146,0.24205190249600056,-0.6052021437399115,-0.010728915551255783,1.5478445192146997,-0.4093908199943407,0.48542388034977424,-0.1671845628348442,-2.8968997604450677,-0.3875483875219057,0.8541930200868332,-0.8069632183663991,-0.1561737618886055,-0.9702522630467788,-0.8305844386062069,0.6170323959488544,-1.0907928338227844,0.20670222088759269,1
341,-0.10951627865092832,0.07210347934349251,-0.1849832908320947,-0.44817137831239595,-1.984504968274199,-0.7322590978808421,0.40532027783489977,0.14461488234798195,-0.2128086951798454,-0.2778936168984758,-0.42202254189431704,-0.1561737618886055,-0.6783299513011369,0.33025831996656907,0.2886435841668086,0.7525153904645505,1.4977324489495694,0
209,-0.6368685503713216,1.2449618964251234,1.3397624453784573,-0.8203072410889946,1.3894059653454025,-1.2295070643832164,0.15374843050054934,0.16736691015537758,-0.48607878624256773,-0.2797223920925886,-0.04863778486650434,-0.1561737618886055,0.20367837096201744,0.5992578597915593,-0.7333798021901997,0.7525153904645505,-0.48871187320434956,0
287,-0.8712473378026075,-0.4898706310604185,0.10072270290199625,-0.29114863250216655,-0.05793914365236658,-0.29707002613621497,0.20070391093603726,0.14465373226531636,-0.43464929136373187,-0.2789018112335321,-0.3496702896390642,-0.1561737618886055,-0.31695201613419727,-0.6091754300967472,-0.7680583009346073,-1.0907928338227844,-0.46701751065941266,0
269,-0.16811097550874982,-0.008672872531192496,0.37479104459448803,2.3296509645642343,-0.5525303917219988,0.26566585322759917,-1.2784946213189032,0.1942838045034334,-0.6621838563988569,-0.2676108847284481,0.1243578247221493,-0.1561737618886055,0.47937734506972707,-0.09322820985387079,-1.0132991275892187,0.7525153904645505,0.5848063062250806,1
307,3.142489396958164,2.6145097952134875,0.5389054991117044,-0.4487998893758073,-0.49818833572961274,-0.8620233192865373,1.0712734318810713,0.19551928134540064,0.8017255537006283,-0.23612245842792487,1.3517115263052366,-0.1561737618886055,-0.4085939678415295,-0.7459657925339885,2.0059408766926485,-1.0907928338227844,-0.03642560636929121,1
365,0.8572962195031261,0.12565993879821147,0.4714063326983515,0.7224733933045958,0.9281210427656124,0.043953640022968136,0.16590687449756175,-0.0871051390675557,-0.2574582513217356,2.0809963762470365,-0.37070805935446755,-0.1561737618886055,-0.5350605922752052,-0.2958761774669792,1.1466335857182595,0.7525153904645505,-0.2772311105804029,0
438,-0.49038180822676797,-1.3573518939292801,-1.1194052621781647,-0.2334841795910971,-1.8090177988106515,-0.7535716394600308,-1.2442695761344729,0.203146157019984,0.688771608805774,-0.27384782955754167,-0.18978000002135897,-0.1561737618886055,-0.10795995535616448,-0.799812274178102,0.2468562380515787,0.7525153904645505,0.2546709610486811,0
253,-0.050921581793106845,0.5065849340090901,0.4057698944269917,-1.4851878356579935,0.2973083365205323,-1.3278329388751302,0.42420572131442935,0.1649756631714871,1.2695534553312007,-0.2816448868638893,3.335228647881477,-0.1561737618886055,-0.09723756213283989,-0.20124563970957435,-0.16382739379474082,0.7525153904645505,-0.4935525443042953,1
479,-0.050921581793106845,-0.7572615725562597,-0.26141417618701907,-0.26015551218656247,0.3442208560687649,-0.02353270633093391,-1.6433999808203503,0.17928429510538815,-0.6497136307593052,-0.26568659508032244,-0.058179046649870426,-0.1561737618886055,2.2815400940550354,-1.0999607195690955,-0.6580408080930059,0.7525153904645505,-0.11726500532567688,1
206,-0.49038180822676797,0.7676652783164223,1.3538416066593493,-0.7548393085891221,0.34501690705412585,-0.7283829495426614,0.710660508748192,0.1224860997104056,-0.5439522583504205,-0.27923041673093174,-0.39085713714393944,-0.1561737618886055,0.27338458156600004,0.7151529877855876,-0.5210335832692912,-1.0907928338227844,-0.4069987651583516,0
255,1.7362166723704484,0.5492863507121659,0.463998809828402,-0.46377850281969885,-0.4296343757875743,3.596177278010313,-0.8722382660260323,0.18649985843413305,2.6502136218431236,-0.27467703964736223,1.9362111237161468,-0.1561737618886055,-1.205485139427638,-0.45621441814249125,0.3488995077235067,-1.0907928338227844,-0.4866743003177939,1
098,-1.0763287768049827,-0.20627111134091758,-0.6038197374068229,3.1258591852877182,0.7440228688409223,-0.0725397994439013,1.6081590739673424,0.1095405904566099,-0.7371894277249578,-0.2845244776881914,-1.0553230209953712,6.4031242374328485,-0.5280900820600823,4.1666365563441845,-0.7035794559468136,-1.0907928338227844,0.7309835405565701,0
423,-0.5489765050845894,0.11226446273427793,0.48014585361535495,2.0642975697994506,-0.5619187983378575,-0.1558155724874859,1.0294570181249099,0.1343235643153269,-0.6774121023137785,-0.28208079990426194,-0.8711958717271511,-0.1561737618886055,0.09864997405431285,0.7845135594950666,-0.8433302373688943,-1.0907928338227844,1.5311772277556572,0
337,-0.3145977176533035,-1.677585600965307,-2.691773170107575,1.1957476145536068,0.972912120645921,1.3886863767480817,-1.9790967705538947,0.09934409576376242,-0.7382536916761598,-0.1962579333773719,-0.8111783896661142,-0.1561737618886055,2.4800010032727497,-1.3932054358357344,-0.6060884408625095,0.7525153904645505,5.957848565571069,0
246,1.0623776585055014,-1.6176979328837147,-3.015853563299014,0.19619282937472723,-0.8815451026006174,2.121199473484249,0.31418092135662634,0.17580952708288797,0.846647003257846,-0.283418273896775,1.779592899533548,-0.1561737618886055,-0.6218364625488706,-0.49134201291131685,-0.36731113763752515,-1.0907928338227844,-0.46969244421996587,0
281,-0.08021893022201758,1.655062488795756,1.2498256359908415,-1.3258832600551131,0.8796981043476259,0.021833113690501584,-0.6560045320218807,0.2029512748034614,0.16305155822361797,-0.2784994098806677,0.1492702578584449,-0.1561737618886055,-0.5389590025872035,-0.39231584882418263,-0.27980444796751247,-1.0907928338227844,-0.49071468469651625,0
528,-0.8419499893736968,-0.7168029678541956,-0.5774141700974186,1.4320104099459123,0.09779063838328009,-0.22690278630713906,1.2819090180285468,0.06751605379250673,-0.4221660382520906,-0.2842887331823863,-0.7571580657693684,-0.1561737618886055,-0.9336005684950048,-0.6563862466471129,0.1648540716879174,-1.0907928338227844,-0.4391615609879389,0
293,2.1756768988041095,0.16424029984542843,0.15508122631832308,-0.31204056135766833,-0.035137494660467054,0.6991179923284304,-0.725933222887837,0.1760047399531163,-0.45928306584331824,-0.2716778331901686,0.6128501500883202,-0.1561737618886055,1.8215208823177116,-0.6843611912240116,0.3808553064726713,0.7525153904645505,0.26046977470708566,1
465,0.7401068257874831,1.3190055229721165,0.7523037298846721,0.8245523450238798,-1.5130086589903167,0.17112079639633127,0.6376914464744546,0.1911241857232008,-0.2118481349630974,-0.2933804561270187,-0.07711720625598889,-0.1561737618886055,-0.5147833937686376,-0.5989915014968992,-0.5157329847300471,-2.934101058110119,-0.3845152451612224,1
286,-0.8126526409447861,0.3977815121822567,1.293440765543164,-1.8915644863123608,0.03479371013971872,-0.19135891139394662,1.600330769928353,0.09399387196014343,-0.10299838812880191,-0.28104339288738184,-0.08436386459507447,-0.1561737618886055,-0.40400529975044025,0.20663096677671344,-0.3782587690610818,-1.0907928338227844,-0.488749080723508,0
118,-0.6954632472291431,-1.15737666053088,-2.1885896785970735,0.3808534947001697,0.15632609771126849,-0.35083540918532086,1.4417252493731603,0.10753837770460566,-0.27898394931697085,-0.28502444189682963,-0.6277003982698941,-0.1561737618886055,-0.8188463151383079,1.7145679239732048,-0.01932001601877912,-1.0907928338227844,-0.46246660116684013,0
162,0.18345720563817908,2.140304920650554,1.700363831186542,0.2904759268569903,-0.29550205391779505,-0.3246199174191889,1.3621276665104698,0.09035892818633653,-0.2893127798816392,-0.2842110124771186,0.17445514163104056,-0.1561737618886055,-0.952388496997836,-0.3144967384497178,0.01735782530468256,-1.0907928338227844,-0.34442926270755303,0
431,-0.7833552925158753,-0.48799207329743566,0.1468439698749133,-0.7105596993628334,0.070853594154622,0.36420533874207,-1.8892609977417378,0.2124742992943661,-0.5559241643225296,-0.25679347864689817,-0.5865377091475036,-0.1561737618886055,0.7577057343822385,0.7594970259017629,-0.38358213228224536,0.7525153904645505,-0.09722553894291933,0
210,-0.9005446862315183,-0.8658779436594386,-1.2019686901850366,-0.8278861979607461,-0.6042559027040821,0.49337674117074654,-0.9388051381945658,0.18987736089192078,-0.20902007793326915,-0.27457260177548076,-0.6613193060490781,-0.1561737618886055,-0.04381499967003503,-0.24366350570928225,0.06723723310178427,-1.0907928338227844,-0.4294585645645076,0
136,-0.050921581793106845,0.061764261708131284,0.8024164858939261,1.0235945827893036,-0.6138841964109771,-0.5634645577099188,1.3079953327987177,0.07633892668377465,-0.242763835777099,-0.2853724842279699,-0.6741044397373512,-0.1561737618886055,-0.9457030170366402,-0.10687190779123461,1.1879867412424048,-1.0907928338227844,1.9835822585888976,0
223,-1.2228155189495364,0.4691910858610222,1.0536918693186332,0.48006390060347637,-0.23932602790190446,-1.2579446149982445,-0.009434996113902491,0.1426294987494881,-0.6334931726072434,-0.2734877188320852,-0.9609089452821945,-0.1561737618886055,-0.2917597983270675,2.8329551633624557,-0.09431801414802116,0.7525153904645505,-0.33568595355266145,0
534,-0.4317871113689465,1.7754842606421803,0.7940481548575677,3.2319350163820895,0.8004387439528126,0.5015310409010835,1.7058811388584905,0.0006874912212119913,-0.7267279193782616,-0.2819877320707302,-0.8911036721446371,-0.1561737618886055,-0.5005714668960346,0.028780625277222412,-0.763255799270202,-1.0907928338227844,1.416876292314258,1
357,0.0076731150647146385,0.2686634522842878,0.9834878022288773,0.0773780446126282,-0.1850142560315618,1.3525010739991155,-1.915104838714687,-1.3202992635034387,-0.5956920392240335,0.9630662244133323,-0.5443192857147362,-0.1561737618886055,2.4996927700027456,-0.5128146213932189,-0.35371700714057963,0.7525153904645505,-0.04302332744643556,1
382,-0.19740832393766056,0.9725147596942145,1.4651366357569597,1.0361942192431182,0.9011906643548713,-0.9878217774794219,0.5027870556885325,0.13009015767775522,-0.49368107373833536,-0.2760085194737881,-0.4694806387510709,-0.1561737618886055,-1.1409005075824155,0.31108100019025303,0.18220277717440267,0.7525153904645505,-0.4562414536548186,0
419,-0.4317871113689465,-0.6151944307874585,0.20826898217426454,0.025816952337290325,0.21649313713238882,-0.32253693896977736,0.3110203357038451,0.12203858302301387,-0.7026167985498087,-0.2525192228961013,-0.48993757340772165,-0.1561737618886055,1.6927634608859032,-0.7649123263344663,-1.1429483271933514,-1.0907928338227844,-0.4142043296599119,0
228,0.6229174320718401,-0.19840195916975503,0.5010762546772202,-0.39890785401198187,-0.15719238521108597,-0.9297324858273688,1.4771007045514386,0.12555415896901498,0.17365553096815034,-0.29472681246641425,0.008628285693399436,-0.1561737618886055,-0.5421328087452859,-0.7563970511277328,0.6217226300472335,-1.0907928338227844,-0.0990334079084856,1
412,-0.6075712019424109,-0.8851093218207338,-0.2601337708295991,-0.8019506126777599,-0.7670739981765176,-1.1733060155954407,-0.05879845788292695,0.17884791257348068,-0.17327639447410328,-0.27746454713925023,-0.6163661276581789,-0.1561737618886055,0.2868377433798518,-0.2498375414584435,0.1864818829438982,0.7525153904645505,0.012883322382273726,0
156,-0.19740832393766056,-0.7466505183992854,-0.2649799966686122,0.19848261462528416,-0.6804689299956757,0.5013256629825343,-0.7195522221940134,0.15059271771890387,-0.1488579646270665,-0.2677798685057739,-0.42539794323868,-0.1561737618886055,-0.6099146934731363,-0.17756928325902135,-0.031736072310000814,0.7525153904645505,-0.20148430959840918,0
511,-0.373192414511125,0.19880055498975036,0.07165303638031466,-0.38138509758581196,1.1362326493909014,-0.884744158618418,-0.09342497126450956,0.10494659260742908,0.11883486936996136,-0.26461314809232545,-0.19238813319375375,-0.1561737618886055,-0.7927516296004764,0.7974693730986921,-0.08472323870004675,0.7525153904645505,-0.4923950148329537,0
107,-0.8712473378026075,-0.14811034283734517,0.5866185782834159,-0.08298986486194748,-0.05580865447612498,-1.3315393400109514,-0.06588896251201283,0.17905431259601237,-0.4302613196068828,-0.2791660635605055,-0.4443318714564071,-0.1561737618886055,-0.18130579251739232,0.8405862614218711,-0.4210072914246962,0.7525153904645505,-0.4588135425713724,0
068,1.208864400650055,1.791241604661003,-0.5351610864118584,-0.6599065816576805,0.3399322272558842,-0.3523091869744581,0.998007695616559,0.3340053399706798,0.8664860634408958,-0.15143449146744709,0.09693980303749969,-0.1561737618886055,-0.6463453815483763,-0.013645341571009445,0.04988412808452343,0.7525153904645505,-0.4907608435646672,1
512,-0.08021893022201758,-1.6102041111009389,-1.5158917975509067,1.7746577125541771,0.6657400973662356,-0.33597169556362383,-0.3761864587701786,0.16614951784701298,-0.7645517283010653,-0.269501256276356,-0.5185604896002709,-0.1561737618886055,2.1904073295974595,-0.781381730355405,-1.2497525919096097,0.7525153904645505,0.1664135429950682,1
174,-1.164220822091715,-0.3553950438689745,0.46759740281851714,-1.0943924152321056,0.5599197585425454,-0.2740610250246675,-1.5988925197167225,0.20967736418571392,-0.566140758533601,-0.2742844352448167,-0.6684697542672388,-0.1561737618886055,1.9417356037355875,-0.19522375251552676,-1.3230171009248686,0.7525153904645505,-0.49225352282246043,0
504,-1.281410215807358,-1.1239664195537438,-1.0993553786500023,-1.2876514667167787,-0.8000254648102846,-1.5913487433116498,1.227933092708302,0.13572709827656068,-0.4777223779526362,-0.28541799654363487,-0.9054582179631656,-0.1561737618886055,-0.04382895685335993,1.396786408894023,0.33093231112570287,0.7525153904645505,0.2322949513272791,0
011,-0.7833552925158753,-1.8135580397230169,-2.046343908171549,0.45246253376308077,-0.16836427082670902,-0.34525041394365497,1.4739268530677927,-0.2375039724362798,-0.3592222106227351,-0.14349526994533848,-0.868117954230865,-0.1561737618886055,-0.6451832089857691,-0.3752033276584272,-0.1931714136076081,-2.934101058110119,-0.4135978235355428,1
221,-0.5782738535135001,0.7934876085070756,1.3329132458596231,-0.4068239636585107,-1.1810053951431099,0.8854802434138963,0.19323939470405815,0.19586390218929167,-0.46921180194629825,-0.287131204132076,-0.7373417490318228,6.4031242374328485,-0.36594804959037425,0.9794734230931665,-0.09080046310598341,-2.934101058110119,-0.43813040435796347,1
388,0.18345720563817908,-0.07679006891350935,-0.19018355449975355,0.551511679828368,0.3074794440170945,0.2376204174280368,-1.2442472050512037,0.15997901626386665,-0.2834574119503172,-0.2682974009094604,-0.585640391950477,-0.1561737618886055,-0.7356480421599163,-0.6869945556118596,0.019522678181787132,0.7525153904645505,-0.2798741305436712,1
439,-0.8126526409447861,1.0771689851944413,1.5114051124695909,-0.895200644945122,-0.6225909863301066,-0.9524054462765598,-1.3912209182369968,0.20263044118294107,-0.6957517525134367,-0.2742970362641013,-0.15162229392453058,-0.1561737618886055,2.315250308665604,-0.5123946606975017,-0.9530684824051096,0.7525153904645505,-0.30607897120687544,0
434,0.03697046349362538,-0.5944106867507203,-0.5616155842803774,0.23534022726139653,-0.5599427303825201,-0.8546145841983313,2.290622051098876,0.12650118640261027,-0.03964903256146085,-0.31082530910031764,-0.41084800108505504,-0.1561737618886055,-0.867659137294153,0.14692960813526243,0.6730706549325036,-2.934101058110119,0.7462259759570808,1
542,-0.6661658988002324,1.27994095927884,0.8717704418160396,-0.5839036675120225,3.7507316888877904,2.281659408669736,1.1744287906535602,0.4384324698636625,-0.6411030914133571,0.6765390889280452,-0.38590327979050376,-0.1561737618886055,-0.24547964457984428,2.4634474316111272,-0.22048509889902568,0.7525153904645505,-0.4846378006700224,0
310,-0.49038180822676797,0.11177307840570817,0.6512382783798625,0.8632980024880157,-0.2721077734156967,-0.5501864326682128,0.8456180927841167,0.1723060449322036,-0.702871056593028,-0.2343554419278716,-0.3052474882391207,-0.1561737618886055,0.7713769577493981,0.00825693706911942,-1.268875656224784,0.7525153904645505,-0.3387753358581675,1
487,-0.25600302079548204,-0.3883756419440866,0.38905551437940705,-1.2566838801214513,-1.9354746522192856,0.5407439799962301,-0.9035096606652188,0.20270511276501552,0.7267113948911902,-0.2760223596742269,-0.11765444969844824,-0.1561737618886055,-0.8381913352723778,-0.6387953018950785,0.8091615604931173,0.7525153904645505,0.5759514331591618,0
048,0.06626781192253611,0.9703338834900779,1.2694982977986429,0.2683918005224154,0.6578390638886793,-0.09620835328310803,0.4220423803971437,0.11729932965927631,-0.6651193360606378,-0.2757652651431218,-0.37339913355189935,-0.1561737618886055,1.5348012248498986,0.42232425100236093,-0.6315673895171875,0.7525153904645505,-0.14844231756367768,0
204,0.18345720563817908,-0.7505391136504055,-1.0515668206220987,-0.8558219688510053,-0.8694349888660442,-1.1302282081425123,-0.262117551357886,0.1743443085958036,-0.2096934332890957,-0.2762410449495781,0.6440676070041109,-0.1561737618886055,0.35869368620035064,0.08034399581556877,-0.536468580218977,0.7525153904645505,-0.409577688826118,0
373,-1.1349234736628042,0.13854889965069622,0.6969684004103346,-0.9442522039101909,1.686840408104324,1.3578494262009373,-2.0537937108011586,0.06578441609271087,-0.7194016062065787,1.3201328766882718,-1.0241422861468696,-0.1561737618886055,2.255491379652696,2.6706714964664435,-0.9176605200621564,0.7525153904645505,-0.47429161443764867,0
510,0.5936200836429294,0.9792938233411197,1.2797490460121146,-0.8108247863521891,0.8242446912799843,0.7038578301091343,-0.01774483477100177,0.25856110851236835,0.707549488014366,1.1793323685217514,-0.45826456547406413,-0.1561737618886055,-0.8670579433575539,-0.6323407552237373,5.898949985527326,-1.0907928338227844,-0.4320335510208525,0
077,-0.9005446862315183,-1.0033642825172049,-1.432629480748793,-0.6228930433212976,0.04285289619763343,0.3013218570171086,-0.2152958463187535,0.1745000854556269,0.6561949161664324,-0.2765804011575056,-0.12577031820050597,-0.1561737618886055,-0.7998166646087751,0.034927123042005785,-0.811956600117026,-1.0907928338227844,-0.4924558445332555,0
166,0.5057280383561972,0.16303131132760237,0.32021654684867634,0.347568647375943,-0.5214881480698299,0.03847081063076394,1.115580149964734,0.1483515851696152,0.2574819686970034,-0.2892175246523647,0.18917559049251806,-0.1561737618886055,-0.7128441659525373,-0.3122377866525076,0.33700706590375107,-1.0907928338227844,-0.3586874511188761,0
460,-1.1349234736628042,0.671357330292783,0.9106296764990228,-0.6992395294551761,0.35176454605959584,0.5983928798998623,-0.9297923868664885,0.19063355056334727,-0.2710835471504139,-0.27032950724413624,-0.7699270405483762,-0.1561737618886055,-0.4175489351934718,0.8684535916964192,0.5413592885103283,0.7525153904645505,-0.492940556817148,0
443,0.38853864464055426,0.4960056217812345,1.1587567779486887,-1.3547558820905237,-0.15608704767824325,-0.8871257987380278,-0.5348997869597206,0.18420381265713087,2.5604822455034437,-0.2758183564640188,0.9476559164327788,-0.1561737618886055,-0.7841245893330006,-0.4073640054276944,1.3928044163947118,0.7525153904645505,-0.4914690869636299,0
392,-0.16811097550874982,0.23098023130895504,0.7032893696500506,-0.5972416563036261,2.1190683541406568,0.38912438882352546,-1.133928699745833,-0.43397235964580955,-0.5847509273808758,1.064283271182182,-0.6675853695410408,-0.1561737618886055,1.0313884301331655,-0.8848961878946229,-0.027336268206943584,0.7525153904645505,-0.4026021282469828,0
242,2.0877848535173773,1.0617526767441365,0.9344891261641124,-0.7120520069254669,-1.8260970188470895,3.6820478638891236,-1.672578415800174,0.2015302090025874,3.450290378578139,-0.2740440080138561,5.441816439069273,-0.1561737618886055,-0.26744870344895233,-0.6611699825281845,-0.44399870295541616,-1.0907928338227844,-0.4919304166443815,1
218,-0.9005446862315183,-0.9274291296200672,-0.44594964854972563,-1.0586767517949676,-0.08500109453137296,-0.9443882699980518,-0.4395859375679876,0.16844976293176078,-0.3229047765943373,-0.27474921710108935,-0.4489136578508254,-0.1561737618886055,0.10423885660743357,-0.42900308433961737,0.06579124549339899,0.7525153904645505,-0.3418930938175309,0
398,0.09556516035144685,0.20336498950934231,0.7847791876907144,-2.3511317181542424,1.7803927750940691,0.01168848027565279,1.023092764878499,0.1418390417731478,-0.32540987997467447,0.14372538186091588,1.0633496074864965,-0.1561737618886055,-1.0241218375824424,0.2175495688353772,0.7641763479847827,0.7525153904645505,-0.3437794138950371,0
545,1.208864400650055,0.7482936303011056,1.0909856351613736,-0.46155458674144484,-1.941288063476772,1.0449396075844652,0.5978007434793525,0.17344790264981352,1.7817793540544349,-0.28840692180696753,1.6177252666326862,6.4031242374328485,-1.1384153560046688,-0.825748844668902,0.6788851291620627,-1.0907928338227844,0.9214466100269898,1
050,-0.6954632472291431,2.180360674512531,1.5321711967005598,0.8616217851679694,0.9276104681004377,0.006277200228860591,0.8522455797607313,0.8483263995504592,-0.7008883122415674,0.4303879684253623,-1.0300746739012234,-0.1561737618886055,-0.15752141499317066,0.39565299049129105,0.2537176818245992,0.7525153904645505,1.5043033762792775,0
084,-0.6368685503713216,-2.077924380614536,-2.694311970649689,-1.5285127129880411,-2.8517747173262147,1.9333760432929137,0.6877421123378497,0.17537622927083618,5.152764868004617,-0.28930757208359953,0.7487011741232278,6.4031242374328485,-0.25461162744530214,-0.7060000305751162,0.7228551652024402,-2.934101058110119,-0.48514134299138173,1
294,-0.5196791566556787,0.21000372289235517,0.5890263491235987,-1.4299972114115678,0.02664696617862598,-0.9702757632926845,0.931461319276167,0.1504873004205972,-0.1632962496178067,-0.28530073499657294,-0.37967629635523803,-0.1561737618886055,0.03131415134498835,0.5287980504300377,-0.20855835541115947,0.7525153904645505,-0.4836644516689255,0
245,0.9158909163609475,-0.8340906799517437,-0.6338864284184692,-0.16647160510677833,-1.5338270095052098,-0.6013082769265945,0.10860488961376212,0.20549678554568745,0.30889284885706597,-0.28848653298850463,2.026924256855682,-0.1561737618886055,0.2048865237581768,-0.7944204114479644,-0.666985106362967,-1.0907928338227844,-0.4303402826732631,1
211,-0.373192414511125,0.01858300103809006,0.5411273857817686,-0.26107241198178144,0.517175204666447,-1.0963589159190044,0.8338260121643187,0.17137703761600526,-0.2548701435311416,-0.289131072143109,-0.21775323224593954,-0.1561737618886055,-0.19143784916787288,-0.07549318519948782,-0.48048501586339504,-1.0907928338227844,-0.4872229755275492,0
356,1.677621975512627,-0.4375467994017629,0.393271623869646,0.9341705681454333,-0.3916870434947416,-1.1170411119216235,-0.20032786732734711,0.2683548064134976,0.5383324900789358,-0.17575115874028827,3.2500096527574915,-0.1561737618886055,-1.0426081219305503,-0.8670905801803608,-0.2362159621864288,0.7525153904645505,-0.24386281742864596,1
213,-0.5782738535135001,-0.5022191503078283,0.35098394707757224,-1.1178570020933518,-1.143043947025686,0.3446227068852056,-1.2685466843318098,0.21062893074288636,-0.2785144072734924,-0.2705345427400075,-0.3636206905637462,-0.1561737618886055,-0.013332183405057362,-0.2045128222617886,-0.4214944612626679,0.7525153904645505,1.302306178297695,0
083,0.1248625087803576,-1.6616350339967336,-1.653032503473047,-0.7380120535767505,-0.2812484758409314,-1.0976541018552577,-0.48273509758776356,0.18463213745839363,2.322408709486859,-0.2760123121265453,1.1934354857665486,-0.1561737618886055,-0.5430665924125861,-0.6653356359488182,0.9890899270479081,0.7525153904645505,-0.44509652506872455,1
513,-1.2521128673784472,2.311556869703228,1.4164301539017123,1.9164683439410894,-0.6313300904905045,0.9796996662955267,1.7884445647705889,0.11893285089156759,-0.7556659189589847,-0.2826605621515668,-1.0789246455242807,-0.1561737618886055,0.6642076744013786,5.448604484663667,-0.9065893393945229,-1.0907928338227844,10.93874118648641,0
178,-1.0763287768049827,-0.8200457535804505,-0.5413957707047291,0.8819003829188957,-1.085136614662965,0.5212218419130402,0.3317783209620733,0.17724702120489189,-0.5378631415860413,-0.28393529781094934,-0.8106092041980171,-0.1561737618886055,-0.021667206319653843,-0.33751718332395336,-0.710935950091176,-1.0907928338227844,-0.18336105655312093,0
268,-0.6368685503713216,0.9146747334505081,1.1301054659653005,-0.9098228590227099,0.0674573204004278,-0.9697253908216532,0.5075480814207729,0.12755865854697454,-0.41547383608036964,-0.27204571103961067,-0.5976088723734151,-0.1561737618886055,-0.010868613372027085,0.29782332578037357,0.6581121917320675,0.7525153904645505,-0.1803477937124889,1
142,1.5018378849391625,1.3969254294536237,1.2365115940729383,1.7569905645315254,0.10025503605334228,1.3197243856906347,-0.8724938513097359,-0.025960439184340038,-0.6429991727394758,0.17177595989068584,-0.4487960322031696,-0.1561737618886055,0.302031764894675,-0.5996358348974093,-0.032272583007171396,0.7525153904645505,0.538360582347756,0
208,-0.49038180822676797,-0.0544159452760717,0.812913131739482,-1.4027510771602432,-0.6698059922916545,-1.6028883345223832,0.15591743799809263,0.16864987667450462,0.6586027169436982,-0.2783073567806613,0.9661085388205819,-0.1561737618886055,0.19134681659893452,0.17881284332365072,-0.20191459386787586,0.7525153904645505,-0.49118787465084707,0
352,-0.9005446862315183,1.0896528946640627,0.8246148411317469,-0.38528038418772936,0.2673049459884871,-0.11058010871606436,0.0234047562769101,0.16999825176867142,-0.7257502178934316,-0.2778848502153952,-0.3212431968148722,-0.1561737618886055,1.6122941933410488,1.4918982287795486,-1.1420446189224631,-1.0907928338227844,-0.382205998595556,0
499,0.38853864464055426,-1.6522172694505235,-2.739413371071918,0.24489522733976476,-0.304175516374023,-0.6777116922514057,-0.7321779047539072,0.19166069131422922,-0.569084812576056,-0.2732909829509072,-0.3241723182602038,-0.1561737618886055,1.6913799657981903,-0.9099077676782364,-0.2052361831787936,0.7525153904645505,0.4134779957984925,1
143,-0.9884367315182505,-0.49042086852911215,0.34251317090407835,-0.5109867210842535,0.9032572644400422,0.9824512230789633,-0.5356529332333855,0.17895716807034256,-0.7378296074265329,-0.26199589726218103,-0.6143318991739869,-0.1561737618886055,2.5658570786000463,1.4584154971234942,-0.7794631304875335,0.7525153904645505,-0.254676335858394,0
364,0.8279988710742153,1.8449981408802272,-0.2907998235045983,2.660695340451733,1.216852542072755,0.7459390658661837,-1.9144790059820578,-1.7101170052328614,-0.67647930434524,0.7429546386592356,-0.6587062771326001,-0.1561737618886055,-0.02934903725638168,0.046804804484128375,-0.38830793645833095,0.7525153904645505,-0.01766205317069063,1
451,0.5936200836429294,-0.9032915954299597,-1.484168223815775,0.0573244917362963,-1.215514775382518,3.2444394396729344,2.368471779685761,0.17875979383509338,-0.21841598377572785,-0.1526011613280953,0.32584491872447574,6.4031242374328485,-1.1430854674379192,0.030117956601543382,-0.4067556141637693,-2.934101058110119,-0.46186126193406835,0
212,1.560432581796984,1.3241923345644906,0.4119922245278191,-0.3826434155513555,-0.07838730775215222,2.1609474942771825,-0.09680129874118953,0.18566157020058105,1.948152664284939,-0.28044522676672395,2.7443262842621254,-0.1561737618886055,-0.5245958557125671,-0.6791740602435532,-0.22280271265762608,0.7525153904645505,-0.49161008747585444,1
177,-1.047031428376072,-0.4939784476812246,0.15942899844262123,-0.34883010836749145,-0.26909850145353614,-1.7787972355677273,-0.0004528521109044991,0.16510182540415053,-0.45323650793596426,-0.27941785370474703,-0.8184467238352405,-0.1561737618886055,-0.3812862727172675,0.3107055877118867,-0.18001804032745922,0.7525153904645505,-0.3582532082652488,0
273,-0.9005446862315183,-0.10974273042407799,0.7105896276245758,-0.6877758497835534,-1.4852359246099578,1.2128890054291241,1.632014982670489,0.10881803998673471,0.3358063649025861,-0.28011956275771766,-0.6303586826788957,-0.1561737618886055,-1.1867167552824782,1.537958544712186,1.542837278989674,-1.0907928338227844,-0.4700935786375552,0
300,-0.9005446862315183,-0.5930985911296116,0.32188252713067717,-0.1976835030710225,-0.35975076015496565,-0.8529478438903293,0.41596229960099473,0.16458896825898983,-0.3902725696072871,-0.28249453775813754,-0.23585120734253548,-0.1561737618886055,-0.13094513199057334,-0.6167671967754513,-0.6785766280268116,0.7525153904645505,-0.4463320913086637,0
362,-0.49038180822676797,1.1465236781712227,1.4358843575282798,-1.342178825730165,-0.7570986738743912,2.801286021887352,2.8103511517842863,0.06546665972276529,-0.6916296205126964,-0.2860414061613874,1.1615785603660365,6.4031242374328485,-0.2305086163626162,1.1919033992133314,-1.76954324616718,-2.934101058110119,-0.4931383882169396,0
052,1.443243188081341,2.255617817912584,1.2582400008074814,-1.3958713388539437,0.6880358881342381,-0.7319313629967253,-1.139429966838899,0.18271967712020332,3.114707327018726,-0.27323060728081994,3.017627078375626,-0.1561737618886055,-0.6533382539120209,-0.08622447436815449,0.39367257276877915,0.7525153904645505,-0.4934794588494537,1
005,-0.08021893022201758,-0.69965553351466,-0.05915531968567521,0.5223568323241656,1.1823332303110021,0.7754886266520504,-1.3253287507723666,0.17068665604591582,-0.7336289761095889,-0.249259997770836,-0.23523441520994273,-0.1561737618886055,2.096406612635666,-0.17900329329982512,-0.7041523183262504,0.7525153904645505,-0.10184043012030579,1
214,1.443243188081341,0.7098573348816617,0.5840324893472827,1.003749050186543,0.043997104066360815,-0.4699496907680216,-1.0652342518350262,0.16902616628515663,-0.598331094130319,-0.2662252133939876,0.34015078077687594,-0.1561737618886055,0.6388982617919623,-0.46783530195097356,-0.7953579906639026,0.7525153904645505,-0.30673957920546574,1
236,-0.22670567236657127,-1.2121125307518663,-1.7302535196240074,-0.5336080042263412,0.7352961725927076,-0.8647988595063943,0.24709731723420142,0.30474604247246057,0.0856226050145352,0.051933511611827264,-0.29379131315076706,-0.1561737618886055,-0.8770030066699276,-0.38297334033898467,0.4178973589659174,0.7525153904645505,-0.42979721552543093,1
370,-0.6954632472291431,1.1021197533149587,1.070454589498094,0.15843980107438285,0.26085127989966883,-0.6201667010628514,-1.4491406587801536,0.18752420374012035,-0.7028679571319737,-0.26345125752117254,-0.7980264109125235,-0.1561737618886055,2.0371922596016603,0.3623692903819848,-0.9878376615020846,0.7525153904645505,-0.28021798217103244,1
509,-0.25600302079548204,1.7355515354958069,1.2500557702802602,-0.6411705470452449,0.4870693572980979,-0.20374084238060342,1.3199917914766817,0.14640337683794047,-0.38375569807964893,-0.2918417929820727,-0.5783476923287152,-0.1561737618886055,-0.20770449023569634,0.14773320496685577,0.344845925824139,-1.0907928338227844,-0.4227010135600964,0
180,-1.0177340799471613,-1.2810280164606636,-1.1843345193054535,-0.8578608062648662,-1.0139356006978046,-1.314437649657198,-0.726749016193267,0.20347368602279128,-0.4116508647518029,-0.27726938461059314,-0.657107967105989,-0.1561737618886055,0.5277566867833174,-0.6651483558843823,-0.2720277021983961,0.7525153904645505,0.20141222005206413,0
024,2.2635689440908418,0.8202278441169881,0.47912891396763146,-0.3075332964827369,-0.02955330355487072,-0.040834433161889866,-1.1312095413829182,0.19118604823336502,-0.37838267741918513,-0.2731475232375935,3.6232257033254522,-0.1561737618886055,0.5107543963620899,-0.39270155651798944,-0.5954165603731506,0.7525153904645505,-0.3291728489108411,1
330,-1.1056261252338935,-1.4603217776668747,-1.2254389118483673,0.394263569918265,1.0635771983917601,0.12365409631318647,0.8414725159414709,-0.006245852989233763,-0.7300848696716558,-0.25984962726254274,-0.9899622530863683,-0.1561737618886055,2.2182368360739164,1.4831652647784968,-0.6945250983845302,-1.0907928338227844,0.19293937864165714,0
428,-0.6368685503713216,2.3352074349027574,1.0393815227978314,0.08672426814610318,0.19787858711028472,-0.17542077092248748,-0.046399917137790854,0.16535702862978066,-0.6916209907295772,-0.2755101950955412,-0.12313018982140345,-0.1561737618886055,1.6681118229920482,1.791170979729043,-1.2276684610776079,0.7525153904645505,-0.4751193322443759,1
326,1.4725405365102517,0.4861523081273851,0.9045288777983281,-0.5970751672043936,-0.28595607218414987,1.7210534729868832,-0.18282671930702274,0.18115431942854135,0.8056631323381516,-0.2781803248612803,0.7417122183075204,-0.1561737618886055,-0.5348861108611082,-0.7420654143641203,1.2702589753617504,0.7525153904645505,-0.27600085631979565,0
186,0.30064659935382204,-0.732937478241081,-0.06384594166453875,0.406496614389651,-0.8868606171298813,1.0226803467242407,-1.3698860896735585,0.19286496547391616,0.07141716951984022,-0.26884982494102705,-0.13027008930457207,-0.1561737618886055,-0.21394679453628487,-0.6394516538039283,0.2669497118034238,0.7525153904645505,0.1596848984052347,0
433,-0.22670567236657127,-0.6120092215742389,-1.8860790930244236,-0.19484818826556005,-0.5651467125463454,-1.0263027811719145,-0.4695425504007705,0.1755099797116307,-0.6201921570792068,-0.27218219437549274,-0.5977423601456332,-0.1561737618886055,2.102524258193111,0.6673415577335209,-0.5563875343436393,0.7525153904645505,1.918969278584655,1
518,-0.9884367315182505,-0.6532696871590801,0.09587984765445436,-0.7361194362017245,1.613621091426412,0.7097925162829879,-1.792644483259712,0.22641859151979016,-0.22855946757603418,2.350490856919178,-0.8390860231485255,-0.1561737618886055,-0.45665935736185376,3.8194592498713265,1.3481483687464952,0.7525153904645505,1.1198265563732261,0
529,0.38853864464055426,1.4732569330184453,0.2183346274551341,0.33990983105589223,0.6069801018212458,-0.7698728637559827,-1.0641650442897561,0.1642911461914729,-0.6920495319820047,-0.2618752451038132,-0.5198128980978212,-0.1561737618886055,1.9502367464025445,-0.28740413401779463,-0.8504524277811191,0.7525153904645505,-0.30085669026591033,1
299,2.029190156659556,-0.6967575566190491,-0.7134458673046635,-0.12979752774612108,-1.2606744078159164,-0.4189719181056131,1.636483069612188,0.14866283030121766,5.76061013810641,-0.30066380620914734,3.6545509421457423,-0.1561737618886055,-1.329968627884912,-0.5439566774969117,0.17870708710509198,-1.0907928338227844,-0.48839251619051716,1
440,-0.5782738535135001,0.31076320081861164,0.36893266087205606,-0.10748469791433618,0.2995167930375494,0.640592957370934,-0.2471255503940758,0.1911505580021262,-0.737517823681554,-0.2808078856868681,-0.4902505402059503,-0.1561737618886055,2.066396357394244,0.1385830731055359,-1.1572078530763528,0.7525153904645505,-0.31332346734343997,1
222,0.2713492509249113,0.4057140714431491,-0.29626516447545265,3.12112561350006,1.0101714805133357,0.7244462580470805,-1.0391140403222625,0.16032592402620235,-0.7415811730845498,-0.25731565326654443,-0.24280275753336614,-0.1561737618886055,0.10573646871722343,-0.04077833624391576,-1.3851343907679006,0.7525153904645505,-0.3112256310725502,1
537,-0.34389506608221426,-0.40883376700085905,-0.45285781192132313,2.321486906784229,0.7327308784414942,0.5915294815691269,0.375030025012437,0.6066896127301594,-0.7249759012372353,0.6404647583430179,-0.8872721667276033,-0.1561737618886055,-0.05114120926003165,0.6919423070362395,-0.7438245241156208,-1.0907928338227844,0.8957735834858305,0
454,-1.2521128673784472,-0.07502996572705932,0.7393005902012199,2.637162506373182,0.2373186689507833,1.5657648641736925,-1.0876657913727135,0.1186012272507922,-0.7207423931080532,-0.2201107006344786,-1.0584826632660564,-0.1561737618886055,-0.5906528869263887,1.1818130139546867,-0.8948355642257042,-1.0907928338227844,1.2134937884918164,0
291,0.5936200836429294,1.3099932801164884,0.9863001395237811,-0.25505682548304304,0.8584615749158439,-1.2756791907561653,0.9028389781731271,0.13256913961301384,-0.37511456493628464,-0.28644175219990636,0.003998798625357804,-0.1561737618886055,0.0028251289103710664,-0.3926856795481786,-0.5618168022899498,-1.0907928338227844,-0.4731650669803052,1
150,2.7323265189534136,0.3095738600488016,-0.22096701101247768,-0.6755853567012117,-0.7106152005326722,0.6996978819748728,-1.6702769010276792,0.16653392107931303,0.5099995107276768,-0.09266125533767272,5.23741221487689,-0.1561737618886055,0.2560671469337379,-0.8593911461835312,0.07755252251170806,0.7525153904645505,-0.2471399727721776,1
316,1.7655140207993592,1.2560704309973811,0.8672307243834181,0.4018486633639644,-0.4998230456793386,-0.8694755628412176,-0.016778053319268803,0.1802531679882246,0.6445462954504718,-0.28027196212794114,1.1506958898338266,-0.1561737618886055,-0.8814023752591855,-0.44803395156157594,0.35338458257366023,0.7525153904645505,-0.4754582832035393,1
167,-0.929842034660429,-1.4102052852824876,-1.0405891569971126,1.1209307054708384,-0.9613174558690232,0.30769286024517467,0.5381828082645416,0.14654695041700433,-0.46268570280244536,-0.2772141095077491,-0.7330716728860954,-0.1561737618886055,-0.8748457783049235,-0.23287315978845885,-0.4584087395765983,-1.0907928338227844,-0.0764336522291187,0
264,-0.13881362707983907,-1.3360731236465222,-1.221402439423197,-1.1913542914691344,-2.4639273373350052,0.9305852273457658,1.1773188825443308,0.16851108392387917,3.691977871896424,-0.29692354982069874,1.179713980152007,-0.1561737618886055,-0.17163482832928142,-0.4897621047643266,1.0539452446382676,-1.0907928338227844,-0.3974295872120141,0
066,-0.929842034660429,-0.29346628642419037,-0.3312995936456482,-0.9504432223144604,-0.22002782625379178,-0.37593927938038973,-0.7760880757754463,0.18127073729151535,-0.5985591427055644,-0.2688320382804544,-0.4613751745532014,-0.1561737618886055,1.5064389396756122,0.6750917149455491,-0.6447263917891354,0.7525153904645505,-0.3967764536889196,1
149,1.3846484912235195,0.5160262002048777,0.7488962951962062,-0.4462085509973185,-0.1446313304696776,-0.6119430512171724,-0.8324945028895381,0.18696333762448303,-0.2186618984639412,-0.2741790549583639,0.4965257689649678,-0.1561737618886055,1.2710333010805053,-0.39073410984581586,0.5761523539334217,0.7525153904645505,-0.255586050288316,1
130,-1.0177340799471613,-0.9337489142270475,-1.0823403152898925,-0.0719207835539106,-0.2256723712267385,0.008052310666363667,0.10419371250562989,0.1370528524879848,-0.5791861754388196,-0.2708352475267461,-0.812723763240755,-0.1561737618886055,0.09377181514688457,1.9573408391810878,0.2834813788409538,0.7525153904645505,0.2864555672163711,1
497,-0.8419499893736968,-1.1137467485519539,-0.8777218281021716,-0.3723000745769891,0.5944957706067675,0.2533518020724623,-0.462529172927166,0.1486424810651665,-0.526110468082517,-0.26441932351831643,-0.7545500158089143,-0.1561737618886055,1.3477890793228113,0.9676989750438167,-0.018619652488349046,0.7525153904645505,0.46086628713486844,0
219,0.15415985720926834,-1.2285214876303907,-1.5710218305612438,-0.8291271618874336,0.05290945547675569,-0.05300772651440371,-1.787531616790063,0.1951864650223688,-0.5884390071457729,-0.2691717893096929,0.49929536998937313,-0.1561737618886055,2.113331217609192,-0.4103651816697125,-0.5167236157388688,0.7525153904645505,-0.025277774045595593,0
358,2.820218564240146,0.29088073207291826,-0.5746423644439986,-0.9474339680952921,-0.4458465100549087,0.1876722061824944,-1.5179075237706072,0.17789634023536574,0.9826628468569304,-0.2559080773990433,2.383418568760699,-0.1561737618886055,0.1905318529544246,-0.6735701012497483,0.8338087396300955,0.7525153904645505,0.2988396983875379,1
343,0.3592412962116435,0.32367995707523095,1.169965391501145,-0.8140889319999078,-0.2914156861478306,-1.0802713372964767,0.06035806947839722,0.1650103227785126,1.3760941304896515,-0.27770254596653965,0.5637173039990709,-0.1561737618886055,-0.42790366027812204,-0.48109749472888996,0.9339948601185794,0.7525153904645505,-0.4734936184081823,0
482,3.464760229676182,0.6645904906999175,0.23439391342818208,1.2059446687615232,0.06961675942264772,0.28401209298083346,-0.327898330414276,0.1481746048790596,0.25204151215638326,-0.2704732618656074,1.6400003409136135,-0.1561737618886055,-0.8699102912578874,-0.79271179470887,0.09249489524803027,-1.0907928338227844,-0.2908236263598905,1
078,-0.6368685503713216,-2.1084571495609756,-2.847247667297717,-1.5849618094964457,-3.326895620064041,2.075023262899687,0.6283274890508023,0.17777505936391172,6.151068122929468,-0.28899842958763183,0.7774505605384403,6.4031242374328485,-0.2524821311775705,-0.7734215551808631,0.6600082141300765,-2.934101058110119,-0.48574991324171696,1
239,-0.4317871113689465,-1.5346030119552583,-1.6278036637951696,-1.3733520864583522,-1.226770987634093,1.926714638070079,-0.26680251697255936,0.18156641924823227,1.672734769649996,-0.27765743679190275,1.3264602776958798,-0.1561737618886055,-0.9683223323302922,-0.5278110976159115,-0.6046357349114668,0.7525153904645505,-0.492956380350496,0
503,-0.6075712019424109,-1.4451762647497257,-2.3038129990381466,1.0374948369438206,1.3188447145789886,2.163960382912328,0.44809447684861486,-9.615260375865615,-0.6335906200190032,9.03257309937016,-0.9807691961788216,-0.1561737618886055,-0.2854352873779763,-0.9586097241553321,0.26915189179770643,-1.0907928338227844,4.97832535293035,0
200,0.2713492509249113,0.08022865224611246,-0.5079220741424659,0.8554299858857499,-0.8435420869031983,2.1448140316376434,-0.5140323963764039,0.19435052755746768,0.007146783379972667,-0.2796830636970154,-0.4018081223298803,-0.1561737618886055,-1.0764170779430176,0.3711743340681914,1.1455924005138334,-1.0907928338227844,0.3673485430572432,0
292,-1.164220822091715,-1.45257748182791,-1.4138892992155827,-0.3012122864696448,-0.09399046534405325,-1.0466609581912723,-1.2683573293339991,0.17686945066534768,-0.2810048973564979,-0.2710864365070717,-0.8659956415664133,-0.1561737618886055,-0.31248833731533043,0.48690497104182484,0.10979519705144129,0.7525153904645505,-0.3791107744958183,0
384,-1.047031428376072,-0.10962078106641848,0.3354093904395104,1.0533309454297597,2.6964362384595923,2.0924688997298135,-1.8417378174038597,-0.5406493095619872,-0.6704896567947356,9.016716810726033,-0.7598894814112845,-0.1561737618886055,-1.0871053849547194,-0.021861772626074423,1.0317336172014546,0.7525153904645505,-0.17148986002073432,0
342,-0.25600302079548204,-1.1054743134480016,-0.4763140106262471,0.8736056901138092,-0.25328155355691456,-0.1743943669984272,0.5185533682622833,0.1413868746746246,-0.24706631755183525,-0.28146397897129866,-0.019709001929758586,-0.1561737618886055,-0.8125237069743269,-0.665772318388014,-0.22805388409759622,0.7525153904645505,-0.1796180801900772,0
170,-0.4610844597978572,-0.5279404705699527,-0.1841820816369196,-1.6360660433068468,-0.3750980061821841,0.3253410349041203,0.7258968669346675,0.36776015158405034,0.942954840409146,-0.0331272824883735,0.3666166256843012,-0.1561737618886055,-0.5422687427390077,-0.19890814425919937,-0.11829515680209574,0.7525153904645505,-0.49200369294001467,0
175,-0.34389506608221426,-0.25266126904295244,0.01982159258370062,-1.6798887413283239,-1.274415301213154,-0.7455377840567697,-0.40364658213756055,0.18216784003292172,0.8631967882342699,-0.27656961050210926,0.5626190844154194,-0.1561737618886055,0.006888174969477428,0.2518636490910381,0.9697630905379886,0.7525153904645505,-0.474765429461659,0
197,-0.8712473378026075,-1.744927899518877,-2.3429350385258028,0.14466057083589393,-0.38641453586700125,-1.1256916488094908,1.5606761242678993,0.15538823479786987,-0.431640692598047,-0.30142145792499936,-0.7212107202357924,-0.1561737618886055,-0.016026156861970238,-0.6126814332055993,-0.18818359348530117,-1.0907928338227844,0.0119572659747081,1
333,0.38853864464055426,1.6898047127890996,1.304814042130332,-0.30883445381963437,0.9156649536347429,1.6137408228086965,0.29953348872310404,0.15893202139558488,-0.2404126755999847,-0.2775141744317702,-0.10427270467196798,-0.1561737618886055,-0.4928995567183486,0.5817351742561095,-0.11346149443476979,-1.0907928338227844,-0.4845542432098167,0
531,0.417835993069465,-0.5675435419864334,-0.5621169454641316,0.3449552956305409,0.5590368442123157,-0.7861659774400547,0.6207754902431563,0.17904393080773046,-0.5230092903738454,-0.14908272267276798,-0.047841688134462455,-0.1561737618886055,1.0675287719700022,-0.6635601585372651,-0.7199036174321376,-1.0907928338227844,-0.3945360678611078,1
147,-0.22670567236657127,1.9253006790428697,1.2172727742638323,0.560522925141766,0.27050415514583603,-0.3919214715823331,-0.16909459296718193,0.16274388546182889,-0.7051592078719392,-0.27647782722789993,-0.8733243533665175,-0.1561737618886055,1.7357013291914327,0.97223335898683,-0.6957726929895631,0.7525153904645505,-0.2541443068382762,1
065,0.3299439477827328,-1.4916652424897274,-1.4217370075462308,-0.9745169673679119,-0.08948791162333221,-0.6963341097427465,1.5756755407820904,0.16023211793020156,4.466150278301484,-0.3033935062243791,2.2293741485242253,-0.1561737618886055,-0.8698565799396198,-0.5754795113154998,-0.6378964653259694,-1.0907928338227844,-0.4921415496725301,1
183,-0.6661658988002324,-0.6544133469072985,-0.971433843618181,3.214197906978511,0.3284049821273146,0.37942772575948175,0.20108665616422136,0.08291849489887168,-0.5915808643008982,-0.26053424537209574,-0.6228308896148176,-0.1561737618886055,-1.0497080760142075,0.7528312356843248,-0.5931887465062294,-1.0907928338227844,-0.21766945484367062,0
532,-0.4610844597978572,-0.2999279504099394,-0.35904851936244636,-0.8100760413088255,2.0278081894125224,1.4193199185334715,0.04775879769801625,0.19940040228799255,0.807709043708514,-0.2859150449667438,-0.10502919673910498,-0.1561737618886055,-0.8967915113054313,0.32715865912611,-0.9339837510507834,-1.0907928338227844,-0.4936075551583206,1
429,-1.2521128673784472,0.7572650720485523,1.0608953585115726,-1.3227323041975099,7.422722164859633,-0.3569937548354667,0.9335239065893705,0.14487953660207978,-0.25912976793727693,-0.2832142995846629,-0.23073099604576822,-0.1561737618886055,-0.25270665212010096,1.2677835155079902,-1.5581020548976752,-1.0907928338227844,-0.49373057073248333,0
456,-0.08021893022201758,1.464894514333069,1.261690733038841,-0.6105733403294881,0.7136973642767688,1.1576749396915809,0.6626298899404999,-0.6576114793379576,-0.3837039425837421,2.3096669183426104,-0.7011952924422961,-0.1561737618886055,-0.47601134907991877,-0.32359184335404056,0.474729613820528,0.199522923178853,2.9812498198171413,1
408,-0.10951627865092832,-0.03786086334158868,0.4797522951047027,-0.11507166201882552,0.21457916788176748,-0.7175789685801258,0.05159062881168712,0.13978383572123215,-0.4600903018364196,-0.27081740131910104,-0.209532326496797,-0.1561737618886055,0.14955279769609345,-0.2733404867525966,-0.20652266827966123,0.7525153904645505,0.38385531209668505,1
160,1.677621975512627,-0.9275439414453962,-0.9061236884013261,0.6001488363801112,-0.9304856738207276,1.7508377066899157,0.030618684253801688,0.156757446992392,0.5230552009957118,-0.27722889391060096,2.2126696710625273,-0.1561737618886055,-0.5601300601063407,-0.7082750958745855,-0.1488036950245503,0.7525153904645505,-0.323821566825641,0
270,2.351460989377574,0.7866805465284492,0.1449621498427352,0.13876216072923214,-0.14161010098134177,-0.3660010170818922,-1.5627257468415001,0.1882958685031587,-0.44182756554542896,-0.2547422249318835,2.093399430911679,-0.1561737618886055,1.8573750996041676,-0.8490560928355648,-0.26803000688340195,0.7525153904645505,0.08520372337653949,1
114,0.7401068257874831,0.9115587142878897,-0.20931212638199567,-0.608690886474337,0.09074516060774038,0.4536937478316264,-1.7831681492312528,0.038773651191034555,1.0631458545672026,-0.15599750344516103,0.5038371871296838,-0.1561737618886055,-0.7070900688814992,-0.43416570181415187,0.8218187504823242,0.7525153904645505,-0.4914166832078043,1
195,0.0076731150647146385,-0.9890937296764628,-1.2448444049639937,1.6142188733954037,-0.18841674657160354,0.15170092104673125,0.7294088775365338,0.09559818522267471,-0.5618642311388181,-0.2693269037690402,-0.5600064385981572,-0.1561737618886055,-1.0952240221701697,0.2712760349289775,-0.10345095908486204,-0.1691387216791169,-0.1801226666714653,0
519,0.7401068257874831,-1.1720471852863181,-0.7767940612679677,0.07424739831742502,0.6614495135753482,0.2011227103663356,-0.9075296889679695,0.1554108746728211,-0.6949971799276755,-0.2681158288780852,0.9058248486052046,-0.1561737618886055,2.004279891701633,-0.7946803484971302,-0.6573880077219675,0.7525153904645505,0.09843000373032339,1
057,-0.25600302079548204,-0.6347695660894688,-0.11659437368506809,-0.5937085268921647,0.9343613068924239,-0.9735664276078407,0.8534606319832626,0.11961742740073966,1.5028679948716375,-0.2771251991594151,0.3424555631804536,-0.1561737618886055,-1.1157186248467572,0.1110358560655483,-0.1603393590139449,0.7525153904645505,-0.4914955379306133,0
247,0.2713492509249113,-0.7343416603452879,-0.28364138631545116,2.1225880155523127,-0.9267135707452202,1.122444614213763,-0.4990730852010313,0.1887686905964283,-0.33858323371008325,-0.2778539215791331,-0.23770361229425874,-0.1561737618886055,-0.7589651395957664,-0.7397021558065207,-0.7134834207384508,0.7525153904645505,0.3158815906765753,0
092,-0.6954632472291431,-0.8949365892663115,-0.39848865266637096,-1.0106153019127677,2.15592945467253,0.8183403398096937,-1.635628100433301,-1.0778437954340578,-0.2984280873034307,8.614698561667698,-0.44085136342842834,-0.1561737618886055,0.046000556208248465,0.16514268273661104,1.6576712644658222,0.7525153904645505,0.21616468839018763,0
426,-1.164220822091715,-0.5785565409411648,0.005977190532599265,0.7845137700453658,2.8577211148503054,2.6127575727273826,-2.1689286085903707,0.8201879222418912,-0.7512496133611803,2.1554141444217065,-0.9948884428005603,-0.1561737618886055,1.2772902267074786,2.223187087169869,-0.9042886909565955,0.7525153904645505,-0.37365545974123104,0
124,0.15415985720926834,-0.9572903784176979,-0.25750333901730516,-1.1149410416380456,-0.45549625765815827,1.1060314429746716,0.6133306617724392,0.19733032467661465,0.4960544057864451,0.402012768841092,0.5976794586182912,-0.1561737618886055,-0.1362172101870389,-0.6218830508488042,0.39026157992612237,-1.0907928338227844,-0.44422205307131524,0
355,-0.13881362707983907,0.1875472337808179,0.7896893751070571,-0.5728733071212102,-0.3233740200639662,-0.643697087006222,-0.11069332757626461,0.15890679917442874,-0.005538072620131214,-0.2758691953777711,-0.32271754008236203,-0.1561737618886055,-0.030758201542049595,-0.8680812063690183,0.9731130235716147,0.7525153904645505,-0.10320150606043023,0
279,0.8865935679320368,-0.92928890774252,-1.8187017141251012,0.36524541855996284,-0.6913214929407425,-0.5924058556888786,0.0818240751165501,0.14720840320767004,0.13375976971614606,-0.2501525396840181,1.0021109275077527,-0.1561737618886055,-0.7554272375300468,-0.37102825395757993,-0.4979872359773797,0.7525153904645505,-0.477137050942754,0
311,1.3846484912235195,-0.7176754084016641,-0.8386926804129387,-0.16132289994523,-1.5044220201099712,-0.3035328172929187,1.2274433731478664,0.17451518560095086,0.8395931622618916,-0.3002121858542599,1.8182581823273287,-0.1561737618886055,-0.3027875387367239,-0.7770375313420076,-0.460986476710817,-1.0907928338227844,-0.4416449330059703,1
232,-1.164220822091715,-1.300053574360657,-0.87741229336826,0.2473187294036431,0.03750756715935225,-0.4665975014064524,-0.8819070125424662,0.16995926687283375,-0.7144452270701477,-0.270024594518139,-0.7594190275772241,-0.1561737618886055,2.344120210566339,-0.5937653955066643,-0.8893071316387173,0.7525153904645505,0.9031246387871804,0
019,-0.6954632472291431,0.014634448225604762,0.5729274625226222,-1.6593407256192771,-0.11969411531074059,-0.4107568905985066,0.2748153148732584,0.15285865451716438,-0.3714058989401622,-0.27859493022413895,-0.18491450016487126,-0.1561737618886055,1.979485456699648,-0.35482676753917525,-0.3460813712990898,0.7525153904645505,-0.4441133981217634,0
046,0.7694041742163938,1.4675816934307824,1.1411879451759328,-0.25595060947564013,-0.36855755169268434,0.3668835758393375,-0.5132849430895822,0.19966804308844238,-0.4502647893167444,-0.2792183642115899,-0.2087247983763822,-0.1561737618886055,0.3202439625703261,-0.32596490834069647,-0.5188119984105743,0.7525153904645505,-0.3952473998447766,0
038,0.5643227352140187,-0.6295838189388308,-0.10388079276255312,-1.217528018558779,-1.2357562535460234,1.0480489614545554,-1.6188465218091643,0.19538367647296576,4.136736983778,-0.2736936598029836,1.2583372491191593,-0.1561737618886055,-1.1708467022158797,-0.47348029727415664,1.9459564393228577,0.7525153904645505,-0.3933368642652846,0
250,0.21275455406708982,-0.9986157638738251,-1.12542237247738,-0.7847777692110645,-1.7940451792771035,-0.16093229142278007,-0.6598241737030945,0.21398797810047257,3.103001819887422,-0.2789415210104516,0.45252013258563256,-0.1561737618886055,-0.5492006469698236,-0.8473765504947268,2.0023839934972405,0.7525153904645505,-0.35334742263691055,0
207,-0.6368685503713216,-1.7967030481622606,-2.5196623032717054,0.4852124555203788,0.1972650995114412,-0.4377018181716404,0.8358657095140923,0.13785404118822236,-0.6207229667769979,-0.28341149012894606,-0.6586824571153599,-0.1561737618886055,0.1115442567110078,0.6334599736452914,-0.4645994765631015,0.7525153904645505,0.7001724608791686,0
449,-0.13881362707983907,1.796748160503998,1.116231425746818,-0.1592702568426286,0.5392272187339986,-0.21854164114740868,-0.2302313965207062,0.16539547189576825,-0.5080464878302192,-0.27293943291581985,0.3536147059397451,-0.1561737618886055,-0.1592940356281009,0.4430274584770428,-0.5639143851379522,0.7525153904645505,-0.4386914716701188,1
154,1.677621975512627,0.40408840135851104,0.8590883990675976,-0.6748734257758776,-1.3338144669966252,-0.28288051881610055,-0.5870939442245035,0.1831195109567035,2.785661923433603,-0.27506641461871445,4.93853396793273,-0.1561737618886055,-0.9133410738517173,-0.8263895271872445,0.3523340905423507,0.7525153904645505,-0.4540021191851902,1
328,-0.7833552925158753,0.4181754378320742,0.22443398969036502,-1.205048235644421,1.580286404864559,1.2741044527717114,0.25906165700025474,-0.7569381214142074,-0.6164226180751616,2.316996029376684,-0.7438471280830261,-0.1561737618886055,1.311310589586362,-0.46511114280950716,-0.11965672563068203,0.7525153904645505,-0.33691880086253645,0
141,0.03697046349362538,-1.1303549660301546,-0.6831517211049242,-0.03298840407155009,-0.8302327156161008,0.025142572044745924,-0.7492944978723152,0.2045396214058871,0.20365922535252717,-0.27799985250598647,0.1878775667898034,-0.1561737618886055,-0.9289655541569543,-0.6117515031613027,0.34751849299914306,0.7525153904645505,-0.30653904319927056,0
064,-1.0177340799471613,-0.5907317525686449,0.23241139433227495,-1.5045290882440874,-0.6779894136478535,-1.124462163839457,0.8882836076232837,0.2675565541014005,-0.10697574542753871,-0.16150813536802103,-0.7260825279833244,-0.1561737618886055,0.41608366083582216,-0.4958798046415714,-0.5831283972551674,-1.0907928338227844,-0.48823723944201686,0
353,-0.050921581793106845,-0.4822644565308733,0.05940428174160048,-1.2876987591012707,0.3574276573165921,-0.6249905327092934,1.1085166423179433,0.3834528927502469,1.1093383796691054,0.04776325056014063,-0.31496924099080015,-0.1561737618886055,-0.5064962817020253,0.015898640097565163,1.1845065876768714,0.7525153904645505,-0.4615553618212808,0
274,1.9120007629439129,-1.9014175828314501,-2.788776231445254,-1.2178986993997296,-1.0991837355079086,-0.992626980022106,1.2155633287580296,0.1693698232838348,1.0152435744170787,-0.2981371582235919,0.9826896174541426,-0.1561737618886055,-0.2648538916455988,-0.5315254601898611,0.6588707909725885,-1.0907928338227844,0.17045670386041978,1
075,2.439353034664306,-0.8798954436630357,-1.3289163913337902,-0.15851749377081828,0.15985081101544973,-0.16843591485830267,-0.6399396272765538,0.1597687474704252,-0.4938791318517256,-0.26906527322585744,0.8335909997420875,-0.1561737618886055,0.4414406891513812,-0.583553756394974,-0.5319235997175619,0.7525153904645505,-0.279479910473923,1
304,3.464760229676182,1.921247159798436,-0.47284431792482395,-1.2458573766395677,0.5112638075200385,3.1623240960500727,-0.6443913380390917,-8.3545838255671,1.456331245112392,3.966918394632927,-0.12704394519383605,-0.1561737618886055,-1.2939418818443826,-0.5868942631682152,4.006794486442119,0.7525153904645505,2.7387823122149424,1
263,1.5311352333680732,0.25883507486887986,0.27940404264529667,-0.11644882415377249,-1.7838235580110882,1.5822893096316633,-0.2348739965083801,0.18778172142903343,1.0827737865984512,-0.279413631044578,1.4483118026112236,-0.1561737618886055,-0.6834059610010006,-0.7457996170863619,0.040813176780317297,0.7525153904645505,-0.34959418935078146,0
401,2.029190156659556,1.4881920374504856,0.3131089691665112,-0.23695062845291384,0.8779843659336242,-1.1580563179822208,0.20862680060179997,0.13780861406998862,0.7959850659902358,-0.27622709199121454,1.8643358304144282,-0.1561737618886055,-1.1292903383030064,-0.5747716893959689,0.32807928490419613,0.7525153904645505,-0.47756628243562427,1
054,-0.49038180822676797,-0.370749806656924,-0.2576345517498202,0.9090841388034121,-0.5537487356927902,-0.24273671063198185,-0.14355560592887182,0.1381854643286148,-0.40799361040716625,-0.26857864441503265,-0.7938525477547346,-0.1561737618886055,-0.7616654476723567,-0.8327325621221227,0.07598678166340304,0.7525153904645505,1.2227131517519882,0
464,-0.34389506608221426,-0.1334635058620654,-1.0882443883745911,0.6920619866487655,0.9954973251709731,0.9867289587144946,-0.2085423554993242,-9.991232964796552,-0.34047071001880574,3.690347176093133,-0.8502256842436854,-0.1561737618886055,-0.5188305318768314,-1.0423932878999487,0.7021263008323078,-1.0907928338227844,5.504008624663211,1
332,0.2713492509249113,-0.7294105484838246,-1.279283067076296,-1.1843595569145209,-1.3253621384133591,-0.9370470906454823,0.9221499076074885,0.15844611899709812,0.6618399378962821,-0.2892284850481892,0.9929090912676445,-0.1561737618886055,-0.959674584754873,-0.5677230740958795,0.4802179916335973,-1.0907928338227844,-0.24611183356403216,1
306,-0.4610844597978572,0.24398440874455074,0.7570943984771608,0.14073270430656099,-0.46954855668433315,1.1477389482609563,0.15240188564512855,0.17227126466197584,-0.4925085245231299,-0.28075242512497983,-0.5658602500368933,-0.1561737618886055,0.06451294700632847,-0.2998944894396521,-0.5813213832413295,0.7525153904645505,-0.35472960339031945,0
188,0.417835993069465,-0.4200493866736642,-0.3704455742342114,-0.24514046553043134,-0.2789475462203861,-0.9116081113138254,1.2886512424273249,0.1535917148403372,0.04222451194048286,-0.2953606258944417,-0.09961471271952567,-0.1561737618886055,-0.6163293983292051,-0.3708875789660137,0.5415442379458995,-1.0907928338227844,0.132153547796595,1
424,-0.4610844597978572,-0.307609683506951,0.2591742258612587,0.3967487167879504,-1.2093102647519944,-0.16372237300121611,1.236353023029487,0.13397629013585782,-0.2643495442920583,-0.2848896326037442,-0.42529339424513685,-0.1561737618886055,-0.31480187446303787,0.05031932050199712,-0.4091024186990251,-1.0907928338227844,-0.4123413901915713,0
087,0.5643227352140187,-0.5003138319399948,-0.3938291928963464,-0.07579085701154664,0.1210781490685459,0.6670687840174773,-1.6813292747852382,0.1905280253254251,-0.7112814450579455,-0.2680643667673496,-0.41305543145145607,-0.1561737618886055,2.903358435134171,-0.40713336274629136,-0.35306231321708414,0.7525153904645505,0.6689715243933695,1
199,-0.6075712019424109,2.0177825746785203,1.4788789395769462,-0.09362484847566867,0.7322485212938756,-1.0002083843574252,-0.9942675818317303,0.17292052921251888,-0.7235373804861158,-0.2728786232864429,0.028017783212628385,-0.1561737618886055,2.1380933360442955,1.8503646442653654,-1.2592734192412816,0.7525153904645505,-0.46272230481050536,1
374,-0.6954632472291431,-0.5563959966179866,-0.43651660567320016,1.0667842395013187,0.3824563130322914,-0.02886464668877053,-1.3674462372482534,0.18241186714825883,-0.7448603109719344,-0.25591242971769396,-0.8335510290649135,-0.1561737618886055,2.559960793579081,-0.3357903094203232,-1.031329980590551,0.7525153904645505,0.436382681217806,0
413,-0.8126526409447861,-1.9159810453210466,-2.4215285558447404,-0.5083360028314106,0.4932519748494865,0.5555679523323996,-1.7122072362076606,-4.397859151729982,0.2162997198040172,2.9269681531763108,-0.826600368144774,-0.1561737618886055,-0.8954754305083299,-0.5559463055807902,1.680165583539871,0.7525153904645505,1.4731560340891248,1
008,-0.8712473378026075,0.19484735547254847,0.3475792296801702,0.049329218960937435,0.7715273265984055,-0.7938887907935005,2.7115033968604205,0.06160378562911228,-0.4374286238606423,-0.30088883518868637,-0.5004607103786409,-0.1561737618886055,-0.818389218267306,1.7817759848467036,-0.4341730309872192,-1.0907928338227844,-0.4806624987485671,0
379,-1.1056261252338935,-0.62502990478692,0.01338865322721891,-1.380593194443342,0.8135141907297765,-0.9780425065261031,0.23172248957433583,0.16479535558302247,-0.08997889662941769,-0.27893936195502694,-0.24644054676000535,-0.1561737618886055,-0.0930477295938398,0.7415012479885039,0.4355433587406885,0.7525153904645505,-0.49080550714523163,0
490,-1.2228155189495364,0.3885896958212852,1.2052026787378936,1.6794789020997347,0.5173068791810091,0.9096649254346862,-0.7384391292598781,0.19904847220168043,-0.7287356055431584,-0.2657900074049051,-0.838757593795052,-0.1561737618886055,0.018937843368748215,0.654056425276393,-1.0356535457939338,-1.0907928338227844,-0.16369717285887445,1
151,-0.929842034660429,-0.6962071648741638,-0.15918980018986448,-1.1453950970007216,0.5985737160071967,-0.415198128921718,-1.4981112671058021,0.19045466585545132,-0.3507656297973216,-0.25216397868067375,-0.013617065935166907,-0.1561737618886055,1.4596200025552373,-0.8587487987847576,-0.5371632478288622,0.7525153904645505,-0.4791278005097259,0
336,-1.3107075642362687,-0.9012371985266291,-0.07860029038633264,-0.036893964205314246,0.04085858764980164,1.3356671119155232,-0.8478539806222505,0.1351916594663673,-0.667743976290393,-0.23941683656409107,-0.9514849552197221,-0.1561737618886055,2.0201841153034428,1.2862408513980037,-0.7199962550228618,0.7525153904645505,-0.18057234923613727,0
444,-0.6075712019424109,0.13585726425472908,0.9306679049185034,0.9863037661052148,1.6726652256213332,-1.2813955241982127,-0.051900124764246956,0.148695841483728,0.8180421916641631,-0.2757525844644061,-0.16399440754061748,-0.1561737618886055,-1.229927114302634,-0.4725031150757891,-0.9799554521743054,0.7525153904645505,-0.49289767053654676,1
320,-0.8419499893736968,-0.6508247513411638,-0.15735734924076222,-1.0492514116213616,-1.5218238504189863,1.7962962065342283,1.6324375455694649,0.14133140001139174,0.09462700384295647,-0.2973014082200651,-0.17887776950574538,-0.1561737618886055,-0.17290224496027987,-0.3278408165390586,-0.29628551287434535,-2.934101058110119,-0.4858177999278997,0
436,0.974485613218769,0.5580797135085321,0.1941453861470298,-0.07179513110266014,-0.5420622670362303,-0.7352237145259615,-0.862098271898301,0.19763712519858134,-0.13051686698100878,-0.2757961378907315,0.13149103530714898,-0.1561737618886055,0.7246805109763521,-0.6532643395289869,0.15917294808503876,0.7525153904645505,-0.1950887301925992,1
252,-0.2853003692243928,0.8056521321496021,0.4899345985675973,0.35755837953345,-0.18346474117439615,-0.14914080945882233,0.6952576629083473,0.11025342707773766,-0.6403708994838274,-0.27390210453304004,-0.5737095708347287,-0.1561737618886055,-1.589309074380552,0.3015060937680143,-0.07306168153110609,0.7525153904645505,-0.4401664173785801,0
144,0.5350253867851079,-0.31352538081068043,0.27533043197351587,1.0321786595931435,-0.8894461521264676,1.545589708764548,-0.3035142230273118,0.1898941762948567,-0.048874182134339444,-0.27914892535489744,0.9712892163040567,-0.1561737618886055,-0.31727705086570784,-0.9239591405552136,-0.7079200505459424,-1.0907928338227844,-0.45835283675777144,0
445,0.3299439477827328,-2.2057894554963866,-3.48299947048615,0.06549789419642973,0.38429026382395104,0.7859237332014163,-1.141056646965091,0.05684094492079517,-0.17470853581556653,0.5767209258433501,0.31421782984004276,-0.1561737618886055,-0.6004049679659198,-0.4661282924839829,-0.2251874448136819,0.7525153904645505,-0.3999232736090696,0
322,-0.6954632472291431,-0.15495187151542575,0.10177621512921901,-0.8425503291058556,-0.25742559076810434,0.597916523929451,1.0916406435825543,0.10808036089261744,-0.3610177705271928,-0.27660335048135803,-0.3018930136894918,-0.1561737618886055,-0.3558750451950701,2.818640120617227,-0.12581959762798164,-1.0907928338227844,-0.3484955084098152,0
081,-0.08021893022201758,0.5027257151259223,1.033679141137212,-0.5273091329601879,-0.05735235784305379,-0.7339112830718795,-0.41527482206680016,0.15305329024980383,-0.5281179314684764,-0.26831777410497826,0.026637016026471085,-0.1561737618886055,1.7331201215248444,-0.034032061740237464,-0.36348307916321976,0.7525153904645505,-0.1007933488688489,0
230,1.1502697037922336,0.9549746017859418,0.3898981682784547,0.48985951380457404,-0.14721927768213156,-0.7426532771947236,0.4726571326344539,0.09447489913639674,0.2977540230988778,-0.27235067328875096,1.0323379726072834,-0.1561737618886055,-1.16170080859312,-0.4508384134261209,0.2256032300237592,0.7525153904645505,-0.4450679979149979,1
060,-0.9591393830893398,-1.0032195280117053,-0.3011941744080639,-1.2108251350546908,0.1268557265555291,1.2463495562617302,1.14551453074761,-0.3353883241689932,0.7133832815624026,0.7891221377109064,-0.648985487204635,-0.1561737618886055,-1.5710613745138255,0.843747380038527,2.543909117054285,0.7525153904645505,-0.3206521358958763,0
042,-0.7833552925158753,-1.1773104306956326,-1.2330252156568704,-0.5810388779250264,-0.061895421512721455,0.21328351898493964,-1.0675569350634204,0.19070974533307652,-0.48194736654952897,-0.267636381200119,-0.5413822672930055,-0.1561737618886055,0.318317425083141,-0.629005934087537,-0.18682018904404699,0.7525153904645505,0.5826849494829425,0
260,1.79481136922827,1.4744774892682548,0.34364774141462034,0.2879410222350704,-0.047933791102038645,-0.4901241474294585,-0.06743073458967434,0.1934437294756045,-0.4466934657509284,-0.28276851341398945,0.7443394949107208,-0.1561737618886055,-0.24107818898065642,-0.5302989447639734,-0.7883611022658166,-1.0907928338227844,-0.45921978722263,1
399,-0.34389506608221426,-0.82706348271934,-0.14781659059984784,1.8802392682010347,-0.36039710201607783,0.5985914567315328,-0.7627666456353612,0.18974067725539479,-0.4797308838702857,-0.2627939526651268,-0.3476716888920639,-0.1561737618886055,-0.4500129045946549,-0.24059400684050944,-0.5685506048554336,0.7525153904645505,0.5801882976444056,0
524,1.6190272786548054,1.865013871704138,1.655198591141533,-1.1856546330054627,-0.8880987160659317,0.14812680062101324,-1.6903805696675978,0.21106625576866722,1.9190941557024683,-0.2736157786105142,2.1416589764367866,-0.1561737618886055,-0.889575302000702,-0.7288329928298448,0.4097682880239453,0.7525153904645505,-0.47836385036530504,0
297,0.5350253867851079,0.0621740999642058,-0.10190428550721348,-0.1726175060410838,-0.7345847106073022,-0.7597097363185099,1.935307891462429,0.1355095204196107,0.09480585471049786,-0.3050046164279921,-0.2967619818090417,-0.1561737618886055,-0.9858715652643871,-0.20583086512029397,0.6919347926607864,-1.0907928338227844,-0.2509618566460866,0
481,1.0330803100765906,0.7370130188374426,0.46886278679942306,0.7639138290387858,-0.483861380778765,0.5994543554788875,-0.2686083382448476,0.0981130545264428,-0.4307254413899216,-0.27008694452997084,0.13472394352962594,-0.1561737618886055,0.22169526521088595,-0.7829601471703538,-0.5452374126123923,0.7525153904645505,-0.12376222076113637,1
037,-1.164220822091715,-0.48034045397724606,0.32328003029800123,-0.9032266838283154,1.1728437067730109,0.5718054603107323,-1.2601580996933797,0.12106081200465352,-0.7209793324289274,-0.23553503117622948,-0.4308520727666004,-0.1561737618886055,2.403507230330292,-0.2904683530345235,-1.052209222279473,0.7525153904645505,-0.4078207004632554,0
346,1.443243188081341,1.717936940276482,0.7711982052910049,0.08030483944565618,-0.02842213113673614,0.12066319266506086,-1.7415191182115328,0.1900401866298834,-0.6276853309079486,-0.2642836435829013,1.795510541321941,-0.1561737618886055,2.010610481341874,-0.8508068372498109,-0.8678073438611441,0.7525153904645505,0.38148805681200965,1
340,-0.929842034660429,0.18347041777614653,0.7384317286665686,1.285319690658254,-1.484089617680048,1.2092604523308081,3.201238856904637,0.061371178256627926,-0.299714123203003,-0.30559194731957645,-0.8419849437432106,6.4031242374328485,-1.4020060420272937,1.528538592445424,1.0243225903389956,-2.934101058110119,-0.2279600467663045,0
389,0.15415985720926834,-0.11955779239074571,0.06881878634692426,0.46314337077914425,-0.436494822474469,0.896392309534695,-0.18574488289938593,0.18549347224654703,-0.33027505876555896,-0.2764223471159766,0.18836693193780693,-0.1561737618886055,-0.3816444679317789,0.595051591235631,-0.37646396309214447,-1.0907928338227844,0.43442934274390405,0
138,0.44713334149837575,-0.06258493086433448,-1.319377746335544,0.04691631372358149,-0.5343264451188886,0.4523127383015321,-1.3008782059764301,0.19965727104051953,0.1300625431500506,-0.27270487026040835,0.18596779641932057,-0.1561737618886055,-0.18110372600619562,-0.37008798651589625,-0.4522333836464203,0.7525153904645505,-0.47009437375994634,1
435,-0.5489765050845894,-0.7868400771245113,-0.9158680145797741,-0.07349058762758118,0.08083593566921306,-0.45294415304229974,0.2911370475965972,0.0974428163943285,-0.3217120815819073,-0.26479019553556277,-0.5177105231857893,-0.1561737618886055,-0.14218499903292917,0.06534166456862323,0.014022786581377348,0.7525153904645505,-0.2744117982480485,0
261,2.2928662925197525,2.3902846470908066,0.7536256444914375,0.02129489730031967,-0.41530939355625957,1.3166137804903129,-0.7561355150043929,0.21218378331207235,2.192408981473397,-0.27774624907924433,2.553796093645382,-0.1561737618886055,-0.8313540418309555,-0.21776236629700108,-0.5403302046674923,0.7525153904645505,-0.4862045192295921,1
237,-0.25600302079548204,1.0437291660939352,1.3439576373306068,-1.6564054955014829,-1.6697755895795867,0.08821537017395369,-1.2088904881818843,0.19732080648271344,0.937610651832167,-0.2726444596893577,-0.07476669054403817,-0.1561737618886055,-0.3502390687490547,-0.6548074460371596,2.9028992365682478,0.7525153904645505,-0.43188954257630124,0
187,-0.40248976294003574,1.1135709327731338,1.4550831809234392,0.02931522543999846,0.09183499414280562,-0.5707309990934676,0.6711380805932,0.13413220652572125,-0.5078951653233219,-0.27911731191073125,-0.5423781803742933,-0.1561737618886055,0.09934063826263209,1.153924449043184,-0.27392902384136963,0.7525153904645505,-0.0035628927221977103,1
496,-1.0177340799471613,-0.9235629406120711,-0.5434565060550763,0.4187657125283467,0.21775256783637256,-0.3954388308189002,0.004818635681017272,0.18398151186228764,-0.6809048698093794,-0.2801254858184914,-0.613561952569562,-0.1561737618886055,0.5221297071163844,-0.38550013037384995,-0.837144587698865,-1.0907928338227844,-0.11900153856754116,1
202,-0.8712473378026075,0.7271417096926075,0.9569059663966908,-0.5627816865677747,-0.8063691028747197,1.428063035899584,1.0918853504160406,0.1372275342390581,-0.38848217125707274,-0.28319713897134596,-0.5521753207091925,-0.1561737618886055,-0.09158968611657073,0.9629320199438915,0.20131195690344555,0.7525153904645505,-0.4119445785786052,0
086,-0.7247605956580538,-0.17880602283423178,0.32536269802954326,0.029838064834850804,-0.2706714897215254,-1.101121701618337,0.199760414407623,0.13579014844537637,-0.44790648928037624,-0.274850137967394,-0.8394925842066836,-0.1561737618886055,-0.12367743275735318,-0.4285781927700817,-0.2015126388452653,0.7525153904645505,-0.3139759906056476,0
198,-1.0763287768049827,-0.17119527122548453,0.48188895089052225,-0.48459121252752213,-0.939968381136118,-1.2744499448981088,0.6975870633606005,0.1549155473499745,-0.5920165098086138,-0.2826882965040282,-0.7461370684877919,-0.1561737618886055,1.2246434000265585,0.2336873704073409,-0.6686498258605096,-1.0907928338227844,-0.26752278845727073,0
184,0.06626781192253611,-0.2930518459815211,0.5031539437360214,-0.6393681838212063,-1.0981539011399768,-1.150381869129126,0.011487212055291842,0.1795368711873043,0.3363687080758075,-0.28043108531339955,0.3359475840712227,-0.1561737618886055,-0.37010193349271775,-0.673345839846917,-0.17672087969551362,0.7525153904645505,-0.43606770752133933,0
521,0.3592412962116435,-0.653461868001649,-0.9739319703390638,0.4945512350161602,0.253473400800962,-0.7528781303909486,0.3299389792130281,0.06618647431073833,-0.17713521163398496,-0.2707968284747088,-0.3766713574481646,-0.1561737618886055,-0.7295854938185147,-0.3561702205918831,0.7262381006529561,-1.0907928338227844,0.2554463266910151,1
015,0.6522147805007509,0.44300159761355595,-0.7752165347273734,-0.06619701879867738,1.0992384549525855,-0.9432377735811466,-0.24028116020626925,0.11237741020683029,0.050335767436899416,-0.034525746972109736,0.0641456007495707,-0.1561737618886055,-0.39423634988535944,-0.1055945393345647,0.03571112149348552,0.7525153904645505,-0.4686848230424732,0
522,-1.3400049126651794,0.37833461136513963,1.2685307740614542,1.5635152804645203,1.1758687807808725,0.3928956840877985,-0.5079974753800656,1.4111553795784568,-0.7476366459768687,1.6178577292100491,-1.0110222011489913,-0.1561737618886055,1.537259185968034,4.621192864187123,-0.9907769689591014,-1.0907928338227844,0.30444909839633716,0
045,0.06626781192253611,-0.0639546556631783,0.6197966327395192,2.6120299556458626,0.3732138984120211,2.063824637370478,1.4658648724727166,-1.3396839638648512,-0.5599944558768265,1.7488821407509714,-0.7372380331312801,6.4031242374328485,-1.1914422206747473,-0.46336703794548273,-0.03222124617457005,-2.934101058110119,-0.04489565117972042,1
090,-0.050921581793106845,-0.5784970470845341,-0.12539104524491157,-0.7176315176349088,-0.34383792437483246,-1.1601287154216486,0.6947979756826965,0.1526070067360863,0.27481715896734066,-0.2846606368758745,-0.12282890133493167,-0.1561737618886055,-0.5630874493675802,-0.8035431962635544,0.6654378795471954,-1.0907928338227844,-0.42256487531227876,0
463,-1.3400049126651794,-0.20745475515831577,0.5720261692871061,1.7922450568611625,0.1738969896638739,0.3341478700132907,0.9529633343068726,0.09693636779511212,-0.6617015413814946,-0.2761704285706826,-1.0098116516952051,-0.1561737618886055,-0.40984795202301344,2.149240140794811,-0.8428538746954429,-1.0907928338227844,-0.38788902859787294,0
022,-1.047031428376072,-1.0752408217778477,-1.017307998989487,0.4826440513502815,0.6640589713984855,1.5454099651893594,0.20656148254492468,0.8172459175780702,-0.38899457137117416,1.7475540207640545,-1.013739296249786,-0.1561737618886055,-1.2715579736356386,-0.20447206859247857,0.4565401688652864,0.7525153904645505,1.030576550841827,0
227,-0.10951627865092832,-0.7590192900324664,-0.4239960178532572,-0.6457388469488958,-0.5827603227999036,-0.28981349502228126,0.7714598777730869,0.15606757760247744,0.33662146561484557,-0.28457662937958383,0.8454490366962049,-0.1561737618886055,-0.4254868957073779,-0.3800696494995299,0.0459845161951893,-1.0907928338227844,-0.4152736269238599,0
053,-0.8419499893736968,-1.05493687364542,-0.5584661930514451,0.1606298441910256,-0.4784372419350058,-0.7650211927641382,0.4575721149006388,0.14126360948720373,-0.2771955674510833,-0.2791157953695321,-0.7906486224651141,-0.1561737618886055,-0.48183600895458556,0.5105275393690408,0.006088710322293349,0.7525153904645505,-0.2989739308845777,0
140,1.326053794365698,-0.4234074564619462,-0.988897144946504,-0.9486771112059258,0.06114878605362083,-0.7283022342058451,-0.7831009036396291,0.16679375457697684,0.7981389031757615,-0.27095565778621983,1.0384288278548564,-0.1561737618886055,-0.6893591451495348,-0.24359934167528421,0.48300095723693914,0.7525153904645505,-0.4711286781230092,1
280,-0.2853003692243928,-0.07337282993220866,0.6456028496883899,0.2730125381955445,-0.0037066826634648557,-0.20489866932042886,-0.5936294549645145,0.17121063059809633,-0.6233504450389801,-0.27095985695561875,-0.5133460009297116,-0.1561737618886055,0.5775219494578088,-0.09593364830061335,-0.7777629524305889,0.7525153904645505,0.2911886338411284,0
507,-0.8419499893736968,-1.8498303126392794,-2.168429810959714,-0.0692809952314588,0.10411778729480162,-1.4045232211796614,-0.24398883013828218,0.18116070109468885,0.03484520039788293,-0.27936801516998944,-0.11802050027242007,-0.1561737618886055,-0.4071380928110671,-1.2533678958825456,-0.3422624258236072,0.7525153904645505,-0.47620962630088864,1
323,-0.021624233364196103,-0.9623215589971816,-0.9867864179963168,0.07000504715638427,-1.0250388984319354,1.7891036616727278,-0.09625159878071,0.18169860604209578,0.103606589787438,-0.27974280926200545,0.6832342724782214,-0.1561737618886055,-0.3233669524417146,-0.8753210878946194,-0.7070927455788094,0.7525153904645505,-0.47491144426763016,0
240,0.5350253867851079,2.0348688789117686,1.166028953783092,0.15742116066060854,-0.23362755918269992,-0.3466487117856188,0.7347677136201485,0.4935215544666185,-0.41227183625370906,0.03128777610803027,-0.44422855226004565,-0.1561737618886055,-0.13585110852766943,-0.22632191903792204,-0.16018351642641301,0.7525153904645505,-0.23483903165847092,1
420,-0.4317871113689465,0.4094062777130324,0.3346416299773638,-0.33726945800275027,-0.8826797453013291,-0.16438341593110636,-0.16900093407276684,0.18056731050321184,-0.34926947737449426,-0.2784087237451365,-0.7339433161250335,-0.1561737618886055,-0.22968330210370516,0.06578140536318043,-0.07818497928197846,-1.0907928338227844,-0.3283194872310115,0
462,0.417835993069465,1.5480148160814182,0.496301006650625,1.392830233949426,-0.41370744159724265,0.8761321053089721,0.256701592580333,0.159172270729648,-0.4362446638288447,-0.2791478768785059,-0.5933895236347415,-0.1561737618886055,-0.685568686588829,-0.4030899727115152,-0.0778857745940799,0.7525153904645505,-0.046133225204420154,1
452,-0.7833552925158753,-0.5386608401017752,-0.5729358439077985,1.2434101996570426,1.0666916160707935,1.1967608704278545,0.09878191894541419,0.06868208178095071,-0.7352305081252953,-0.2564255626322015,-0.8480340347468761,-0.1561737618886055,1.3177130379091306,2.187690153455939,-0.8262296111347207,-1.0907928338227844,-0.03215400590749195,1
007,1.5018378849391625,1.9600058882316216,0.8803102014386516,-0.2041006096081743,-0.002721150271218915,-0.0077137377833622,-1.7094837894111383,0.20322186988563554,-0.41573071696669095,-0.27012147098999206,0.8991838288025752,-0.1561737618886055,1.357258702970728,-0.5641103435859735,-0.36628775779628386,0.7525153904645505,-0.3624919923235888,1
347,-0.13881362707983907,1.6928820473425907,0.5653896405498722,-0.475941580053161,0.11456106802402685,-0.5470519362164676,0.13895692529129672,0.14809933753644328,-0.3606402210244738,-0.2763973969690852,-0.6522841791488488,-0.1561737618886055,-0.3859961354804704,1.2760342731335304,0.20508136204032473,0.7525153904645505,-0.33035800852314545,0
312,-0.5489765050845894,1.5634635722576367,1.4648273613458067,-0.7613417721747989,-0.35477583063257007,-0.7718598306230121,0.423479554290194,0.16099771734636933,-0.1274940883442695,-0.28040225677805125,-0.41909240099638795,-0.1561737618886055,-0.43730589650498375,0.8560683286159028,-0.0006635662156757872,0.7525153904645505,-0.48488805260845697,0
319,-0.9005446862315183,-0.7504382307396804,-0.19988277672091861,-0.6750827487084412,-0.5634457196618252,-0.6100524594126262,0.6621061356678765,0.16911253387372296,-0.4930732774051944,-0.2868191491369005,-0.6451978533641849,-0.1561737618886055,0.5729048658888376,-0.4327878205616229,-0.5847008115216883,-1.0907928338227844,-0.40281551091663576,0
455,-0.08021893022201758,1.000004185485717,1.042961388963339,1.5552308723768211,0.008670842171928626,-0.7244016488223083,0.8836231585355342,0.13062977716329258,-0.6096766851215567,-0.2870366654699191,-0.47117992747037557,-0.1561737618886055,-0.047922747780992,-0.5168402733053264,-0.4611117159722004,-1.0907928338227844,0.7473716477753676,0
494,0.7401068257874831,0.8824330558086378,1.0269311873905693,-1.5584071391546166,-1.4174357657775378,0.39531698503880575,-1.704019937008283,0.2063665270627802,0.515546041313812,-0.27402502166397436,1.0289458431223555,-0.1561737618886055,0.45615963800343307,-0.2789516339803998,0.7816751866188706,0.7525153904645505,0.32600223665817724,1
368,-0.6368685503713216,0.8419453246929519,1.286655136587367,-0.9161779246821603,0.4952563913605719,-0.6469097636240669,-0.3597220933452757,0.12577760612979455,-0.6096790162844,-0.08835728877170738,-0.450489010817167,-0.1561737618886055,1.7358798847052717,-0.5759181108573921,-0.6562408107774707,0.7525153904645505,-0.39772078416986484,0
533,0.8865935679320368,2.0674717484769234,1.2695412819125091,-0.234657065637738,-0.5912297795928376,-0.40265982437939074,0.36642679706744685,-0.9929025931194019,-0.005982054460800887,0.35937034640434207,-0.005871467701898964,-0.1561737618886055,-0.7884393498344157,-1.0048618793976025,0.5695347951365932,0.7525153904645505,-0.05056511929890351,1
386,-0.021624233364196103,-0.13765036550421478,0.08507337849436832,0.5064265172884922,0.263700306313475,1.7804712983529531,1.7204590421646706,-0.42847662655191265,-0.6068759345779144,0.35501176737403844,-0.34288175204452204,-0.1561737618886055,-0.8587707898443488,-0.2737840952734038,-0.2942974803050544,-1.0907928338227844,-0.36914353611679374,1
376,2.146379550375199,1.321053996442348,1.4495866338008137,-0.8012812086770145,-0.7028609140957772,-1.5742247821668824,0.16260851002977217,0.1505793084376491,1.9697218985820129,-0.278623915955646,2.122398127077958,-0.1561737618886055,-0.675172066911672,-0.805413650684576,1.8792530653572266,0.7525153904645505,-0.2922883655659424,1
544,-0.08021893022201758,-0.5984087855132022,-0.667756128194758,0.7301859447925572,-0.09550721355402461,-0.7281964939694604,-0.9419770099712009,0.18933707039940753,-0.6311645116538083,-0.273698663144311,-0.1670295974793332,-0.1561737618886055,0.28379339916951674,-0.2909271699749206,-1.0131387093260082,0.7525153904645505,-0.3360275783594601,1
470,-0.3145977176533035,-0.5877099727513228,-1.0337756130569422,-0.36137968843416995,-1.4664698697292697,1.304967519491847,-1.228458947976287,0.2017389532565776,0.6418962268701152,-0.27470671931931406,-0.152603031239042,-0.1561737618886055,-0.6097196362155014,-0.8445182720076481,0.105538172741543,0.7525153904645505,-0.46338145705877265,0
072,0.15415985720926834,0.5542668422701558,0.6266381702784564,-0.8454728471288855,-0.12487372511674505,0.48762035167480006,-1.7358968468054523,0.1937403588042287,0.5453963207102088,-0.2697960931034453,-0.13043338495122964,-0.1561737618886055,-0.6698324175436913,0.2887610949622172,1.6185025136557565,0.7525153904645505,-0.4514492168985136,1
403,-0.16811097550874982,0.9735443565628852,0.9022372435348631,-0.6547317489665829,-0.14695513836774723,-0.6693248738498495,0.8518648183810277,0.10965917428246079,0.5258999157705427,-0.2777124207177566,-0.15916673148095517,-0.1561737618886055,-1.069047098427886,-0.06631236412568602,0.7417975282460691,0.7525153904645505,-0.47604791831715526,0
348,1.091675006934412,-0.7732902549282751,-0.4769683163330697,2.7606059968533585,-0.3791926668942605,1.897873172841934,0.2774228168660309,0.16139192673028144,-0.39731871732907365,-0.27881927489967145,0.6721883360117131,-0.1561737618886055,-0.9408505956393818,-0.085103540717991,-0.6594880059487404,-1.0907928338227844,-0.4453514127134039,1
298,-0.5489765050845894,-0.20043971983427625,0.23395777368288143,-0.9566901567583105,0.7235460594634732,-0.2728246676910806,1.02465249749657,0.1395591813075906,-0.632122042948915,-0.2781000852384678,0.3512837050059614,-0.1561737618886055,1.5560376549728752,-0.19470792041826812,-1.13454922895147,0.7525153904645505,-0.47959077377861103,0
235,-0.7247605956580538,0.6667919832897682,1.1466170180914783,0.541283926127367,0.34603631157947123,-0.7377624000199106,0.4748527230701946,0.19303039532241278,-0.6686769180831849,-0.29098065859763445,-0.8247822135094727,-0.1561737618886055,0.4486694307161339,0.6818000975632176,-1.0769697227404893,-1.0907928338227844,-0.46285584252168177,0
056,-0.7833552925158753,-0.1488041751502433,0.10569412402774607,-1.263132130904654,-0.23524551683558145,0.4812240355750415,0.23809991460596047,0.17112153967271468,-0.3167430518917342,-0.2799221415066526,0.19838755898834165,-0.1561737618886055,-0.24759481419943202,1.412387201456205,-0.40652409049894994,0.7525153904645505,-0.4251256561338673,0
324,-1.047031428376072,-1.7337699960041097,-1.7698770847620902,0.5184280897494091,0.3866558405694802,0.1919280179237132,-1.1411281110058296,0.176041140352742,-0.7583059765619022,-0.26233492825795807,-0.9452576322045978,-0.1561737618886055,2.664003269818547,-0.6493811696840411,-0.771777900812622,0.7525153904645505,2.3567465623078654,0
215,1.7655140207993592,-0.43680064398895496,0.07642262765756963,1.747692856073788,-0.37098993099874694,-0.8415045954488029,-0.3199007291325908,0.16791323672536262,-0.404933148996053,-0.2738162247526778,1.5074347998150555,-0.1561737618886055,-0.2794199922608377,-0.9067356358278953,-0.46036632227764207,0.7525153904645505,0.26332084179977666,1
283,0.2713492509249113,-1.7581849260093856,-2.5612072643019004,-0.6274287895058664,-0.8459664436559061,2.4514974620209085,0.024581887277729995,0.18142734484688194,0.13182680716975048,-0.28084903457877547,0.6396664722015661,-0.1561737618886055,0.0949912285152169,-0.06000129112398146,-0.6026093858174685,-1.0907928338227844,-0.4378408965917022,0
486,-0.8419499893736968,-0.31591239462588205,0.3851419890054991,-0.28948302759584665,1.2325801514472794,0.09799181275473398,-0.7606139931488493,0.178711110202297,0.4468558962070687,-0.2757353499719733,-0.1697142762528995,-0.1561737618886055,-0.7800778222245038,-0.7607217611003668,-1.1090429360574199,0.7525153904645505,-0.4933156472053041,0
387,0.5350253867851079,-0.004642182047257472,0.34347203918506747,-0.7840985579149565,0.4435701996304797,0.3443945122168909,1.4561620826940471,0.17112945572913735,-0.31867966915774015,0.23496633458745414,-0.10998903369966047,-0.1561737618886055,-0.18806920674618047,-0.393530136586308,-0.36518716203873874,-1.0907928338227844,-0.4286621952228234,0
158,-0.2853003692243928,-0.8023625375745652,0.01890568933607895,-0.3857911470450404,-0.49248984553972797,-0.941375337170018,-0.18644467434886672,0.1503083954511024,-0.13704768009584373,-0.27061579541688713,-0.30810462014026946,-0.1561737618886055,-0.365876563952132,-0.6178891453594301,-0.0014615006829554525,0.7525153904645505,1.2379049499648866,0
069,0.15415985720926834,0.65240763358927,0.6668999193574837,-0.4595481523902334,1.0677209690608251,-0.9543784964940855,1.6430422496588732,0.10734173875711392,-0.52924644610935,-0.29747529529139904,-0.2603395414215201,-0.1561737618886055,0.12820863949177871,0.2452915183331116,0.026194609017008437,-1.0907928338227844,-0.40614099347982097,0
182,0.18345720563817908,0.9693680552826087,0.6943474599917676,-0.12081037200069394,0.1933992337595775,-0.12932333202052176,-1.6089335969445877,0.1931710123947378,-0.7159495419129411,-0.26971136937773327,-0.06797664934284446,-0.1561737618886055,2.0210530682254255,0.043037827869358065,-0.8902677705482294,0.7525153904645505,-0.1023264213513555,1
003,-1.2521128673784472,-0.9139756544078008,-0.30445557441778254,0.22756844059334555,0.8095886307685143,-0.9194498046785556,0.4359909974773554,0.16200412105915052,-0.4000835093952565,-0.28089828075828477,-0.7701989536960583,-0.1561737618886055,-0.3735933881180166,0.7779719189144354,-0.4608335530186112,-1.0907928338227844,-0.48886961279893976,0
474,-0.7833552925158753,-0.9740446843802888,-0.5530988151003524,-0.608699584956996,-0.5819789553376955,-1.1569409522331395,-0.17476097610032332,0.1697346398992049,-0.14344995238827019,-0.27622197436774526,-0.7047934166541757,-0.1561737618886055,-0.022207423378968548,-0.21102118042067294,0.24904578260998203,0.7525153904645505,-0.37954318783333824,1
089,0.6229174320718401,1.1051480994358105,1.0992253818294926,-0.010879192508748829,0.7161209258089665,-0.9879475310930257,0.8020504947930097,0.16275809215778372,0.042567553008269594,-0.2879554689923913,0.0968455111355776,-0.1561737618886055,-0.601793972702401,0.6121121008170916,-0.8822972924807251,-1.0907928338227844,-0.49326237352035857,1
062,1.9120007629439129,-0.1332308591949862,0.25755503979892935,0.17338782308528974,0.7600189138160341,-0.704219445346728,1.2438598446113782,0.23076593516180813,-0.4486354832755823,-0.18148196913738865,0.3401186127458405,-0.1561737618886055,-0.004840006392765075,-0.449047669043718,-0.2511308001152768,-1.0907928338227844,-0.37168451938594027,0
267,-0.6954632472291431,0.1582597722003893,-0.04428248403354965,0.5422865049423921,-0.04603121322619968,-0.6696237872889472,0.6912644998347208,0.1400529776799168,-0.39761896032791655,-0.2793638201449152,-0.7374888583980463,-0.1561737618886055,-0.7128184019842765,1.6281219514050114,0.4355908900050079,-1.0907928338227844,-0.3346386573226821,1
117,-0.9005446862315183,-0.7784415916884201,-0.5765529941645515,1.35773157060215,2.3788113144152505,2.3699265316293454,-0.3698080684025781,-11.02134853717286,-0.6044388853439328,8.685193680224181,-0.8183952227316729,-0.1561737618886055,-1.2048699815140904,0.45694148418496566,1.4374699084818663,-0.9064620113937993,0.27655711378331665,0
305,0.5643227352140187,-0.06271759996805881,0.5026006512169183,-0.6699325209985013,-0.49623425824250295,-0.6508062623882539,1.051476407778724,0.2206418750671754,0.06166391844407376,-0.224256400231654,-0.3792779956350773,-0.1561737618886055,0.1806555094353183,0.514561181853738,0.6011071771417685,0.7525153904645505,0.2711260136616373,0
044,-1.0177340799471613,-1.4792144457820127,-1.3205746832479395,0.09119704697980949,-0.7147359998718248,0.23053062457096937,-1.3979198582019747,0.19372507645923728,-0.454200653467431,-0.23551834501668048,-0.5728782841228075,-0.1561737618886055,0.643881223345183,-0.2878426464273388,-0.6144535891468844,0.7525153904645505,-0.1288003347993996,0
296,5.398385225984291,0.8982764238048577,0.5040707459843854,1.2131235636330844,-0.4388368849402169,-1.0355673827728975,1.692394236668621,0.15655291892514353,-0.4210182236185618,-0.30807224007707484,1.896420310033291,-0.1561737618886055,-0.285451463805182,-0.801596828003868,-0.4560275101888661,-1.0907928338227844,0.04194971973084433,1
393,-0.929842034660429,-0.3387610982899717,0.14350981310153288,-0.620109332580812,1.2130618632694683,1.3369616167036449,-1.9183398289412303,0.047692107307036,-0.6251850328495882,1.5178636772041671,-0.8985956061085452,-0.1561737618886055,0.37619709730967765,-0.8823899611101043,-0.6238826341390851,0.7525153904645505,-0.17193745158640203,0
289,-0.6661658988002324,-0.7168269488847249,0.036414866708834225,-0.5136242490642335,-0.3080144185133601,-1.096419779780122,0.33902388279075746,0.14510834879364234,-0.4009967713958077,-0.2801567448203454,-0.4986170027586698,-0.1561737618886055,0.0827890123028083,0.16792668949344236,0.2788292455331612,0.7525153904645505,-0.17578060841744114,1
375,-0.08021893022201758,-0.4866354089633225,0.09101735182578878,-0.6555988214404198,-0.48845668405852133,0.4526396209104322,1.1500194430714832,0.15488597370000096,0.5515046390883425,-0.29135545856830464,-0.009360021552666235,-0.1561737618886055,-0.6691168419376767,-0.4231270363929348,-0.3609841178867562,-1.0907928338227844,-0.48723708483121225,1
335,0.8572962195031261,0.799326651973874,0.5609645458796666,-0.8000519570921142,0.2104307220832959,-1.2081459508817394,0.8562990426876878,0.15672074724375692,0.6375478965830953,-0.2883587201012354,0.4387124706453114,-0.1561737618886055,-0.32267465554586305,-0.08879149206326001,0.7845499267768485,0.7525153904645505,-0.4563537695304371,1
103,1.091675006934412,0.9115831407952479,0.940703735549249,-0.29721331193662415,0.3059564387883174,-0.8352979982379254,-0.07929592800978878,0.15503627487532595,-0.09066997302907744,-0.2752562788092565,0.161001819901637,-0.1561737618886055,-0.28117874289739714,-0.7501577157074717,0.6320920263414151,0.7525153904645505,-0.25520067254975726,1
135,-0.9005446862315183,-1.368268336129976,-1.149029012125084,0.8378719693211102,1.3325646375091,0.6204133838406283,-1.4900772768365567,-0.05691908878341036,-0.37911264193778665,-0.1791588012252879,-0.5966612692154092,-0.1561737618886055,-0.5453901901058934,-0.2144505621416918,-0.6844633756750617,0.7525153904645505,-0.4778826310777207,0
012,0.8279988710742153,-0.8878846805140372,-1.4111176995133254,0.15855567651170688,0.38838001201395267,0.10725121028763841,-1.128625866376866,0.14223337598366634,-0.5793452004703086,-0.25991318927496526,0.07895958309468794,-0.1561737618886055,1.6416102776879948,-0.37529982964386926,-0.5504119328085604,0.7525153904645505,-0.22861131928587644,1
517,-0.19740832393766056,-0.19666467356815354,0.5207562633589811,0.41425734494808514,0.2320153664714148,-0.43094629137182994,-0.2528321291205315,0.28142937126607237,-0.46738675710024774,0.19559704085766424,-0.5836696899615325,-0.1561737618886055,-0.33528469709525427,-1.157148782424662,-0.36979534817800214,0.7525153904645505,0.04229562735564915,1
067,-1.0177340799471613,-0.9198537353052119,-0.049307965619513,-0.5861822751268628,-0.5928078330805243,-0.7064971539717803,-0.6796526411375501,0.1602342600604012,-0.492271542840975,-0.27276807124455504,-0.4502765385963164,-0.1561737618886055,1.547312515310794,0.37747964396376743,-0.7353386262595714,0.7525153904645505,-0.3442110962402911,0
047,0.21275455406708982,0.0660738422709408,0.4527402199483581,-1.0433042114501696,1.2074499351989263,0.48807293287317055,-1.2767673963082355,-0.01909311615791413,1.2562612955149042,0.8116780696708458,-0.5026330808003225,-0.1561737618886055,-0.9052366036281191,-0.4331369948483441,7.957349181613888,0.7525153904645505,-0.415446202437536,1
396,-0.050921581793106845,-0.41413920308220226,0.14182914535755872,0.14200238558040992,-0.9726571448202651,0.31046705661650176,-0.4107870634865954,0.20778354469303265,-0.07520170230130489,-0.2805871687430867,-0.5632634075718616,-0.1561737618886055,-0.4968570442017872,-0.39683809656496366,0.8674768805897856,-1.0907928338227844,0.8387112562524265,0
354,0.9451882647898583,0.27873013720137824,0.13849191903658312,-0.09592759462110159,0.18440183550934372,-1.1013564282302173,0.5836728952840132,0.15632884709741,-0.5043897314602211,-0.28322343687467866,-0.02548545342687178,-0.1561737618886055,0.07615645298674695,-0.06918045855702624,-0.3651770405830588,0.7525153904645505,-0.25876897085997874,0
020,-0.7540579440869646,0.19197427926209745,0.7030979270053218,0.07462564741405708,1.188579140101743,-0.31796534904362295,-0.160901615157112,0.1582293559047247,-0.58009695195996,-0.2699671858510245,-0.3344759867651188,-0.1561737618886055,0.14408666078763624,1.279101914420539,-0.7001729683441383,0.7525153904645505,-0.48118665824129125,0
501,-0.4610844597978572,0.10040313668378739,-0.006521092740960676,-0.07961749562912986,0.44793806632075195,1.197032814424147,0.23925176067851703,0.15388011158571216,-0.620550125224242,-0.27612841596276133,-0.46420475137065004,-0.1561737618886055,-0.1345682124637308,3.8791338178031674,-0.6068402217641571,0.7525153904645505,-0.35125916993027073,0
127,0.1248625087803576,-0.445930454749269,-0.8456375047514842,0.671989612284924,-0.6201213275546025,-0.73660161851589,-0.23472637618227735,0.18396144832384387,-0.5895505825621918,-0.2783681630005463,0.02510049911419741,-0.1561737618886055,0.7355176563324671,-0.13726423951933167,-0.9498970384369737,-1.0907928338227844,-0.2714505017872137,0
163,0.417835993069465,1.0297820582743318,0.03720545104216195,-1.2746300570794622,0.8837945165135257,-0.45980139460630326,0.045394784540660725,0.16421795190292815,0.7777303450980086,-0.2560987358554526,0.71006067310266,-0.1561737618886055,-0.46851199189928416,-0.033287481562336074,0.9091127634757518,0.7525153904645505,-0.4922844547842433,1
410,-0.40248976294003574,-0.2409992886459247,0.3016423163657991,0.38239353965338363,-0.32371264233359776,-0.6639667137971051,0.41372226913651344,0.11181254587173946,0.8242060802867239,-0.272968347851244,-0.22507616258946814,-0.1561737618886055,-1.2294662594795744,-0.27741995274686604,0.5679588753538324,0.7525153904645505,-0.47611326164524453,0
243,-0.9005446862315183,-0.5028862158616041,0.3375295112126253,-0.5058515907080953,0.7847007996597115,-0.6850434973874459,0.07250729908635305,0.14967329711206007,-0.4068019935587582,-0.2773153430945093,-0.6747233020217496,-0.1561737618886055,-0.0762575140155024,0.07018169321168348,0.03522630972091853,0.7525153904645505,-0.46134606433180997,0
526,-0.13881362707983907,0.4841069799947274,1.0670901054224773,0.6217071632343284,-0.04385049421144495,0.48610585201836093,-0.39263291771081327,0.21053290264784127,-0.6562371104560184,-0.28181922609660565,-0.6130752083175839,-0.1561737618886055,0.12782019228360053,-0.550843108410165,-0.36524803634326913,-1.0907928338227844,1.270576884002289,0
540,-0.22670567236657127,0.6995887505509346,0.43348621184754504,0.7068723126776263,0.44256493888180615,-0.5595947895584148,0.40967467787469564,0.043755411513523496,-0.45833211160213955,-0.2606162481857199,-0.6644355080411486,-0.1561737618886055,-0.7401083554010737,-0.8453513532227512,-0.17428825269231196,0.7525153904645505,-0.3414787015309559,1
196,-1.0763287768049827,-0.3460920788869979,0.21685888568917963,0.40183047655964804,0.7345273653201342,-0.6510141684317752,0.7111984350152376,0.11121690787676378,-0.5529128698849022,-0.2752419915311975,-0.8114446079905949,-0.1561737618886055,-0.5154792757552408,0.8898624814018768,-0.519980547790983,0.7525153904645505,-0.4681213607059621,0
480,-0.4610844597978572,-1.5923493011705687,-1.6714009876435947,0.37743047372117045,-0.5382491652210751,0.30000783903968997,-0.22569724576328154,0.1732873430325146,1.383282423636948,-0.2749197511872423,-0.15277938873610764,-0.1561737618886055,-1.1880713671463108,-0.4974720365629183,1.6503498080079946,0.7525153904645505,-0.3855399577500127,0
441,-0.929842034660429,0.6286432531249279,1.162618735346223,0.5604142243935093,-1.003689291440428,-0.5290339626081436,0.0537735041282179,0.16412271402089446,-0.5913592864612025,-0.2766974152433226,-0.7745131601375144,-0.1561737618886055,-0.27366988807974474,0.3459290742129825,-0.6020498413426801,0.7525153904645505,0.5653063411764302,1
525,1.326053794365698,0.5710107774137608,0.6406030691517938,-0.5450789953851478,0.1413304477651853,-0.08436923668495992,-0.98315736504224,0.06604893066005545,1.93353199413602,0.5648013712491946,0.10851786886772852,-0.1561737618886055,-1.1293153248711085,-0.01077531977389952,3.407333592786324,0.7525153904645505,-0.45099101124426144,1
475,1.8534060660860914,0.4120913210343077,0.12348641841847731,-0.8079154407943839,-1.9908258958366485,1.1908884763997847,-0.11956455326214067,0.18273580475889664,1.8754497914371093,-0.2794636823480622,1.907341958801093,-0.1561737618886055,0.007495410055654631,-0.823183546784562,0.08852198368695495,0.7525153904645505,-0.4222694554587978,1
359,0.7108094773585724,0.32609022346648237,0.9015559250359992,-1.624615706469549,-1.3045926167585746,1.647703594214932,0.8693182139380949,0.1570803116274913,5.168021255252798,-0.12693594623449178,1.2510576213362323,-0.1561737618886055,-0.7568456266227908,-0.8444302111076951,3.157045023651781,-1.0907928338227844,-0.48430330235099817,0
282,-1.1349234736628042,-0.8690172998171989,-0.7716624071380835,-1.4701730124483534,2.0116695641824474,-0.06232862799119392,0.19997599447045286,0.20235482778005393,-0.1111845762573803,0.63510118742522,-0.47455861058622856,-0.1561737618886055,-0.0011719950037628992,0.016357018476171315,2.499982380417691,-1.0907928338227844,-0.47039366180563635,0
422,1.560432581796984,-0.040748065116031344,-0.5873507365960458,-0.5151975507918473,-1.0733611350421064,-0.46872996077194073,0.8610825870955455,0.16031675734702538,0.4238729843318671,-0.2888792142158665,1.5319168995131636,-0.1561737618886055,-0.4510351661276171,-0.5886438494365205,-0.1580132618821772,-1.0907928338227844,-0.2967857738138978,1
484,1.2674590975078766,-0.37220534676698724,-0.7096204313546395,0.6749363267817126,-0.049195770594363614,-0.3896752324695951,0.48289155931870903,0.01936902378530114,0.47322515129394016,-0.1852695141621248,0.5472750760253424,-0.1561737618886055,-1.3430148492311778,-0.36607758755868985,0.9002537071866813,0.7525153904645505,-0.35134882865574363,1
076,-0.4317871113689465,-0.0232893026789498,0.7472511088977514,-0.2941567774037087,-0.35060703588126796,1.1441300493810391,0.39424821864937465,0.1674474565761104,0.9239676834829553,-0.2819557743355822,0.004467163544501753,-0.1561737618886055,-1.0091176858272781,0.08234485732457131,0.5830449103590741,-1.0907928338227844,-0.4874096491595378,0
418,0.9451882647898583,0.18489996201748926,0.2789386269799848,-0.466837688510862,-0.47010030208550124,0.49891256118610433,-1.8340006804520241,0.16234177372093142,-0.3288405339891027,-0.25083807082419396,1.515047093450957,-0.1561737618886055,0.4073178808166633,-0.8071483130577087,-0.19423720904602798,0.7525153904645505,0.8386359365933528,1
369,0.38853864464055426,-1.3103654011644654,-1.367942905039199,0.7113585937364831,-0.0674956630760281,-0.2942348205263838,1.5400535602588932,0.3721090307123467,-0.37731707103931833,0.018574254671654626,-0.5072483936337407,-0.1561737618886055,-0.27271251870262486,-0.7497582006601045,-0.19394942841954566,-1.0907928338227844,0.39723626997675326,0
031,-0.49038180822676797,-1.6602872561754256,-1.3334805991092524,-0.4352399927365629,-0.4559928624809343,-1.3340576765708505,1.807075045932922,0.1625075542979909,-0.11492256691176038,-0.3109259423244689,-0.09091832482350355,-0.1561737618886055,-0.045491304736924074,-0.8465823940228785,-0.2868038243305261,-1.0907928338227844,-0.2599812407222989,0
492,-0.373192414511125,0.48573334914071337,0.9375004589676676,0.6230459397732331,-0.14822293891364327,0.4800952296939116,-0.5452816275605099,0.18285989461769425,-0.5617136501299127,-0.27374362827768395,-0.28282052540151575,-0.1561737618886055,-0.25045839796316555,0.13771807479857726,-0.7082128541896892,0.7525153904645505,-0.4096806256225576,0
383,-1.0177340799471613,0.5918798960474748,0.5092012745216106,-0.19662573266553646,1.143445839543412,0.4798007012753437,1.07633628139436,0.009927674527190752,-0.5912576494597099,-0.2195860014185555,-0.8645979712412253,-0.1561737618886055,-0.5606150439740456,3.3728916469106203,0.07042409535022379,-1.0907928338227844,-0.4500634206457982,1
233,-0.929842034660429,0.7622654721985114,0.7494150938103363,-0.462361609496902,1.851090997781642,-0.5542679049460255,-0.999526864781865,0.1512635971175502,-0.7274631991711461,-0.2635196934109147,-0.6767305951020893,-0.1561737618886055,2.0177968304819527,0.011447799572315192,-1.0897517765577154,0.7525153904645505,-0.469877815983798,0
415,-0.9005446862315183,-0.8275766092562464,-1.0366638107250417,-0.1889900801296643,-0.8062607164488999,-1.075659137951686,1.4072039777105463,0.15153311185613466,-0.03327889346481365,-0.2958756581155804,-0.7960155704521074,-0.1561737618886055,-0.6593963256524283,0.24216213224817337,0.40381115855256516,-1.0907928338227844,-0.47278242355075234,0
284,-0.4610844597978572,-1.4196556225023065,-1.9479369756754947,0.8376924263704534,-0.09863145486178149,1.539765272197463,0.07518433967583953,0.15106437946842272,-0.7032584892965171,-0.2807996783191776,-0.5747255547306772,-0.1561737618886055,2.397325611060213,-0.5420267377220356,-1.1509542386800244,0.199522923178853,-0.285234243412531,0
153,-0.7833552925158753,1.6208853298260706,0.9343683658308447,-0.3741820527169665,1.3841408296707824,-0.45170791627375145,0.1736991087251887,0.13277675594034155,-0.5805040065247875,-0.2734790525610993,-0.6032067841394243,-0.1561737618886055,0.83809201197142,0.5213435408159313,-0.23569342818250483,0.7525153904645505,-0.4688435423609496,1
249,0.18345720563817908,-0.7067060645339607,-0.26611930694319946,0.016722146119144066,0.18210764326081605,-0.8809180508550172,-0.0015435082192623221,0.2791529432076941,-0.695338546210012,-0.1759293508463329,-0.511959542868899,-0.1561737618886055,2.169234259734263,-0.3005324606091616,-0.5364698564647131,0.7525153904645505,0.45090431464060526,1
450,1.5897299302258947,0.8821440448531547,-0.6193912498583257,0.049583502663277636,-1.3439620889131187,-1.127944158645819,-0.13954477086316702,0.1871729437418377,0.12329452958705249,-0.2803151236686048,1.681573716693194,-0.1561737618886055,0.2124367653030217,-0.4861899326547983,-0.58708178190854,0.7525153904645505,-0.43192301595806937,1
029,0.974485613218769,0.18174504208656803,0.9456716561275688,-0.7942606283666002,-0.5074296675307084,-0.8977766906000206,1.5858962398640029,0.21302657268311562,2.3168726524379664,-0.012871990207050087,1.0782592076451625,-0.1561737618886055,-1.1506022252348334,-0.03740698309503696,0.8634628363309869,-1.0907928338227844,-0.4591026911226961,1
485,-0.10951627865092832,-0.2334487742526687,0.4995739875418996,0.0006791290254716375,-1.206655818704014,-0.9663882916997888,1.407478749021023,0.13300244574633627,0.06717085681893532,-0.29366223857156737,-0.0907920799648373,-0.1561737618886055,-0.664783724486636,-0.6278587769714927,0.1576006030170324,-1.0907928338227844,1.1308642589184401,0
190,2.1756768988041095,1.6904534998884087,1.2637604178520299,1.8080015130283846,-2.0687977934273865,1.6778894537259466,0.10689569683461299,0.1837891089187985,-0.2903241105147687,-0.28255110057581556,0.8738610750780613,-0.1561737618886055,-0.22992870446970332,-0.6434406620590789,-1.0593390938781078,-1.0907928338227844,-0.4205219809295354,0
145,0.1248625087803576,-0.6428356971670188,0.12298324556134928,-0.6709046026509097,0.5736638371856791,0.3596480452534798,-0.7567903324635086,0.016494528211268383,0.6364723385143294,1.4952992335758764,-0.6208566159702986,-0.1561737618886055,-0.3898882462774881,-0.9725251585196375,2.9515259265945875,0.7525153904645505,-0.32855975782330865,0
121,-0.25600302079548204,1.45436070525598,0.21437488354198364,0.15446240321658317,2.073308509164203,0.7922078011806801,-0.8508960545842953,-2.108141480714644,-0.7250558714286935,1.2479471104885682,-0.8331046622226588,-0.1561737618886055,2.179503957358876,0.0900583985544323,0.38734023250141825,0.7525153904645505,-0.09178714376064061,1
126,-0.4610844597978572,-0.3449756209911536,0.31034718033087805,-0.313123829815753,-0.049092268455628495,-1.0768336834647818,-0.30164413400809015,0.18256205848025375,-0.5268398641464789,-0.278237944084178,-0.3328972406630099,-0.1561737618886055,1.535935702837673,-0.3905379900587043,-0.5920744295302376,0.7525153904645505,-0.2985431330897249,0
381,0.09556516035144685,0.7593608759963161,0.40208937906631126,-0.5869669944231769,3.3737887116216676,1.6811287346600483,-2.1721778049882965,-5.43870359841889,-0.5562753486422078,4.180867197835915,-0.4319160329979457,-0.1561737618886055,-0.1757741647099082,0.39040041476891324,0.6328745151842075,0.7525153904645505,0.8703763861268633,1
535,-0.929842034660429,-0.9079027713295784,-1.513863364577494,2.3310829718605857,-0.7334429740846865,-0.2725792867769808,0.3510716961496678,0.04488348759704779,-0.5927609615888293,-0.2526254157022693,-0.8532673389705544,-0.1561737618886055,-0.8543776005837916,-0.6618213592159706,-0.7465008363749495,0.7525153904645505,0.25883297841222963,0
321,-0.9591393830893398,-0.4318797115903276,0.15786546946546026,-0.3929466849066013,-0.5348113439730365,0.0817200381700679,0.30937123503248015,0.6091743215486498,-0.49575644170613914,0.2504425421715858,-0.8924024517021893,-0.1561737618886055,1.5176399900993713,-0.4596671365633787,0.23506965382833583,-1.0907928338227844,0.39493225066482884,0
400,-0.10951627865092832,0.8473962968722946,0.8124584704807266,-0.06667003658298863,-0.2044330720622136,1.082372771311345,-0.7378333387993515,0.15734928062640405,-0.2832529264642341,-0.2639132602491133,-0.3245114051015485,-0.1561737618886055,-0.590098828374862,-0.06645187790996898,-0.2514447410182865,0.7525153904645505,-0.3551962343163354,1
176,0.09556516035144685,0.1420943013007585,-0.16560837077363386,-1.3438569210753695,0.018462205963015746,-0.9592363740674046,-0.5712002129021562,0.18094742345160114,0.19536401408132498,-0.2755052369175812,0.13659253086953507,-0.1561737618886055,-0.17711728046179584,0.020783259477961703,0.3713467236643777,0.7525153904645505,-0.4709662681958504,0
030,-0.5782738535135001,-0.3648605337031296,0.33818235672626545,-1.458832129169142,0.6569157040329241,0.3646311885153987,-0.5534551720656071,0.1782541453275163,0.30083885867450105,-0.2739284875627896,-0.020050881940433977,-0.1561737618886055,-0.8857460100214494,0.19603171658183546,1.110026555214203,0.7525153904645505,-0.4933746399930952,0
104,-0.4317871113689465,1.1313319255564043,1.2518020723170789,-0.45944833679742986,-0.4297348828720606,0.057997241515619066,0.12922353573996312,0.1425118335319819,-0.1900022962678265,-0.2751032423378033,-0.23924789813387318,-0.1561737618886055,-0.45612562487992003,-0.3111725603339844,0.0621387588766062,0.7525153904645505,-0.46289640286168066,0
159,-0.25600302079548204,-0.1576338849466829,-0.3033225463802875,-0.6364520554874661,-0.18915075582877433,1.5710657651751994,-0.14958189418460766,0.1869265186538546,-0.7391105339707829,-0.28057983136124254,0.1516569443328888,-0.1561737618886055,2.425590225291697,-0.8395372870731346,-0.987663210764424,0.7525153904645505,0.5181875995103592,0
404,-0.13881362707983907,-1.221976822201881,-1.6908025021325812,-0.29277708368613053,-1.6833937895688145,-0.91141310932872,1.6821791390390664,0.16606295735777077,0.2629405085577531,-0.30842673280632227,-0.23874376610923917,-0.1561737618886055,-0.4189869453661566,-0.695288683993607,0.2971070115197323,-1.0907928338227844,0.45820477115900027,0
308,1.7655140207993592,-1.2238592496662428,-1.785382715999653,1.3985592728838458,0.13314858490779008,0.326399943134663,-1.702777378540703,-0.933424195653332,0.06931623830204289,0.554492091489157,1.3457275452575748,-0.1561737618886055,-0.5898097841940493,-0.6747143118222807,-0.2580136832906005,0.7525153904645505,-0.33686850599523704,1
155,-0.10951627865092832,2.0129126294008537,1.5821609176273201,-1.2193918867521818,-1.6142169090232008,-0.3926992076533073,0.290773650392573,0.1802816187042144,-0.04999267230056779,-0.2841993045783401,-0.36705754733340173,-0.1561737618886055,-0.6545002014141933,-0.277058632885951,1.2689859593323765,-1.0907928338227844,0.14321229729066448,0
