patient_name,lbp-2D_glrlm_GrayLevelNonUniformity,original_shape2D_Elongation,original_shape2D_Sphericity,wavelet-H_gldm_DependenceVariance,square_firstorder_RobustMeanAbsoluteDeviation,lbp-2D_firstorder_10Percentile,original_ngtdm_Contrast,wavelet-H_glcm_ClusterShade,lbp-2D_glrlm_ShortRunEmphasis,wavelet-H_glcm_MaximumProbability,wavelet-L_ngtdm_Busyness,wavelet-H_firstorder_RootMeanSquared,label
502,-0.7854496391860468,-1.2401647470135322,-1.0298953224828702,0.07391783243522584,1.1395468478861677,-0.16437921360701238,-0.28920336700669447,-0.0663641616326299,-0.3321661764302765,0.49743342637853144,-0.962182251065862,0.25025362820914615,0
110,-0.9025912679747881,0.46245387501377544,0.41656215490022963,0.20289677110255588,-0.9067026024967234,-0.16437921360701238,0.7068261711648309,0.08006155204964471,-0.1778349194104463,1.3609994259713274,-0.5448281853819807,0.6002698041565213,0
091,1.0302456070394421,-0.42825649310520864,0.0923070118209718,0.040994437924027766,1.5851528318343415,-0.16437921360701238,0.7081887167447205,0.19788980136921877,-0.42158236960756273,-0.05325104340878043,-0.21781761123573715,-0.5042906898438725,1
131,0.2981104271098095,-1.0369393412674601,-1.2743424824725234,-0.036967527961107874,-0.7254346385936492,-0.16437921360701238,-0.30116852877468053,0.1498360176121175,-0.3721502992782529,0.27756005988791826,0.25767702130360903,-0.08390617531679954,0
459,-1.2540161543410118,1.0523008327513812,1.0912791415488987,-0.0961031751228949,-0.72021389950479,-0.16437921360701238,2.849782364195574,0.2284685778632268,0.26305957563252325,-1.6244239502530122,-0.07645295870103595,0.17743044254938997,1
314,0.21025420551825358,-0.35928572563177735,-0.882137802302258,0.4976453553830934,4.554863483447464,-0.16437921360701238,1.578552386710514,0.10591566539053898,-0.3522279468828756,0.9454615195598116,-0.9806921304179971,-0.3767286636325225,0
259,-0.4925955672141938,-0.9317975523778944,-0.41206254052136976,-0.19966014613272634,-0.7602842093346825,-0.16437921360701238,-0.622330769909343,0.23927784161264834,-0.3672742242658384,2.099794656406935,-0.24763745249987118,0.2055999795053435,0
366,0.4738228702929213,-0.021282809291651227,0.6130878750993342,2.4726269344877303,-0.6510095250753353,-0.16437921360701238,-0.7040066377310609,0.20961081521235242,1.7075400763606814,-0.6008457549207121,0.6714555030130702,-0.7315050368531023,0
498,-0.37545393842545255,0.3428709687108151,0.36776455165839966,1.0193773275837221,3.4066879266659913,-0.16437921360701238,2.2256993798298073,0.175624619197532,3.779425783469752,-1.5913664133121965,-0.8212336361402683,-0.3107989049442416,1
448,0.21025420551825358,2.511961592800893,-0.4800993156225612,0.7253268221734317,-0.2455386648069109,-0.16437921360701238,-0.05196389768346003,0.1637131890815851,-0.36001683052196853,0.6658605607428892,-0.4582392091968412,-0.14634078040235363,1
010,-0.6390226032001203,-0.3005418979607276,-0.6675896918905352,-0.5565666260079208,-0.8965246478756747,-0.16437921360701238,-0.863942169645914,0.14705906909360292,0.0334213700809071,1.2206520059975265,0.05451396141374269,0.33842555306622013,0
467,1.4402413078000365,1.0784727164793868,1.0364890178867534,0.01700209073044907,-0.8054396045418291,-0.16437921360701238,-0.9538975800643971,0.2053885933779859,-0.3636237292996153,-1.425422428781061,1.0647582526117538,-0.48319825594780913,1
271,3.3437927756170813,0.0005906557930062697,0.15306814344454794,-1.3401061277533335,0.01801439753324493,-0.16437921360701238,-0.47641123777626554,0.20246866824068693,-0.3535137912904608,0.23236339022229,2.3788593351939027,-0.6473904525920791,1
275,1.1766726430253687,1.6526321796625145,-0.3521573701994951,0.9158900577784352,0.3808180674929836,-0.16437921360701238,0.46316654969567084,-2.051076068856644,-0.2119250789198667,-1.9383790021206917,-0.5349422392113796,2.5953307280466937,1
523,-0.8440204535804174,-1.5652122319358324,-2.260815130463399,0.6206674817366354,1.1314302545758763,-0.16437921360701238,-0.16912276610055588,0.5051763880363741,-0.026992272587876197,-1.2971595977967898,-0.7345390279267491,1.2643226884117766,1
471,-0.8733058607776027,-1.428378115503044,-1.3463970932624352,-1.4651011799524167,-0.7174236357517406,-0.16437921360701238,-0.504143186510664,0.17567194246073217,-0.370212123502137,0.10856590153652936,-0.1047839839364633,-0.2891059388508317,1
468,0.825247756659145,0.30551669892020034,-0.5110289342041361,0.6124473437859717,-0.05426378318264661,-0.16437921360701238,-0.2881977288619021,0.16532596363147403,-0.016851677052619193,0.6424160019731835,-0.44926147874822153,0.10083521412138798,1
071,0.7959623494619597,-0.3040510941814854,-0.3272282624349787,1.158039944935701,-0.9574430787684108,-0.16437921360701238,-0.8047722698554906,0.30517343641012457,-0.3021628317953703,-0.12221337303323732,0.7923122280544301,-0.4168464482640789,0
432,0.6788207206732184,1.5339414484033718,0.011869053671500535,-0.6809749571558338,-0.32101816714118897,-0.16437921360701238,-0.698657433110714,0.09034875142587526,-0.40733521856697164,1.101296056007743,-0.32010509123526176,-0.26646790859590985,1
447,1.1766726430253687,2.444168601537256,0.3829904761256453,3.4119503440766286,0.20269269993891278,-0.16437921360701238,0.49767805826595213,0.193919521940626,-0.3961696856228336,-0.5352416764870043,2.150317942720217,-0.560831106310298,1
105,-0.6975934175944909,-0.7271102572635374,-0.6032892754917777,0.34078324225160744,0.26209839269124,-0.16437921360701238,-0.9657290236156657,0.1387275311329013,0.9745510716652802,1.3810282326194352,1.3252012786017915,-0.3308106019836132,0
238,1.674524565377519,0.3629274471572544,0.9602559226754074,-0.0885690940354145,-0.548476341505612,-0.16437921360701238,-1.0389976037781694,0.2130826726936691,-0.42029679453514956,-0.967476305883143,0.3980085816494649,-0.4372472675485059,0
539,1.0009601998422568,-0.25798517457761966,-0.24169852173310238,-0.9495682160987478,-0.45539596435233365,-0.16437921360701238,-0.8239718010346415,0.15682111672989013,1.3454800245150398,0.05201809640490773,0.7298970479851538,-0.4123901720417986,1
257,-0.5804517888057497,0.13338198736154164,0.2684551785896906,-1.4496270001432168,-0.6857598788909229,-0.16437921360701238,0.665875040893468,0.17703745327285406,-0.11120864832653604,0.03635599811011218,-0.2396705512371227,0.013969131583551593,0
473,-0.2875977168338966,-0.04089700607143872,0.4350098617595014,0.22958988792938306,-0.724573272814954,-0.16437921360701238,-0.2052734379572655,0.1877580677550412,0.1896983883571716,-0.5490217774891668,0.017277417649719032,-0.5432423417911195,0
004,-0.34616853122826724,-0.8242953540677441,-1.196362084277193,-1.1369341001966107,-0.27859331904552925,-0.16437921360701238,-0.26032367552879004,0.19043760192531226,-0.3556628149576639,0.1804966310410205,-0.1619252643301204,-0.3453178761836472,0
395,0.9716747926450715,0.7950838342758875,-0.9429932505875023,1.2803627662975905,0.17326072943986942,-0.16437921360701238,-0.43372083191657207,0.1764145599879811,-0.3422138222087798,1.0174822789735363,0.4788445511504592,-0.5363156597468443,1
276,-0.6975934175944909,-0.342657468753605,0.014005806181554115,-0.8873307992411623,-0.27585831312108894,-0.16437921360701238,-0.13137303915091939,0.1544315013370499,-0.3319798602484486,0.35224182222699585,-0.7484717624179983,0.20350244620442137,0
017,0.6495353134760331,1.3909199054685004,1.3326794224317702,1.8042621353993045,-0.5864259473992903,-0.16437921360701238,-1.1339882028326462,0.1481194192303073,-0.3925833129398584,0.35218266450841434,-0.3077601093550863,-0.21096645212123444,0
493,1.5280975293915924,-1.1801178868724926,-1.7672319206046312,-0.20727029751989187,-0.3499678903889438,-0.16437921360701238,-1.1526335505833616,0.33582719218161855,-0.3409584428287326,1.013962387947557,0.2382697367974056,0.051785953662326224,1
102,-0.9025912679747881,-1.1384900724249996,-2.037097139208689,-1.0987171150657546,-0.8264701063147822,-0.16437921360701238,-0.3098487104872114,0.1862262117362154,5.002962008413516,0.4796889735270989,-0.4621514158169407,-0.21050945578383934,0
203,1.7623807869690749,1.8351749732691656,1.4071386595713513,1.2720130571672683,2.359248932139042,-0.16437921360701238,0.14438380883120008,0.16524674959999527,-0.23272886189937989,-1.7720214668489498,-0.1411601219381613,-0.11645083580917698,1
116,-0.7268788247916762,0.16996449858535428,0.693929749755666,-0.655662718213102,0.7967397251898918,-0.16437921360701238,1.3460788520596623,0.17250505336148195,-0.03245037003373851,0.31997481122081994,-0.886353456514511,0.8557370689715588,0
442,-1.3125869687353824,-1.1263289134985364,-0.9341029078111175,-0.756614476933849,-0.8310226208080044,-0.16437921360701238,2.9594944813836808,0.15711943379124227,-0.23907552170246738,0.5873839584064962,0.09019764426265472,0.2383405079244476,1
446,-0.6975934175944909,0.3366758488181217,-0.1651935393275634,-0.01695297548392207,-0.6739820291905758,-0.16437921360701238,1.1149214493917077,0.0733586732344619,0.04585870670302804,2.124674987679789,-0.9783418274837918,0.5448777973578741,1
457,-0.37545393842545255,0.9141540900150915,-0.9524385909999822,0.06469919905164967,-0.6737530774081643,6.292530903618045,-0.9328779828264604,0.17916553485842837,-0.3172060157640445,0.6222361318131608,-0.6785579973698965,-0.09145962404422134,0
315,0.23953961271543886,-0.08603869657904133,0.77536047354723,-0.34720707041003035,2.2109923285675914,-0.16437921360701238,0.04832324587981875,0.19170681844999218,-0.43422403001772575,0.24785971311864702,-0.3753613648156546,-0.5066938714814296,0
301,0.23953961271543886,0.8689297330069214,0.036198759520326466,0.20762412824511062,-0.08597677077459107,-0.16437921360701238,-0.8543953908316608,0.1562956404270508,-0.2926179062019628,0.27125923585734485,-0.012194894422610144,-0.3626224612565579,1
192,1.5573829365887777,-0.4587854094089566,-0.45068816414823787,0.37753280692900576,0.6091641686336263,-0.16437921360701238,-0.11463356612191844,0.18442972535922736,1.0314316911933665,-1.4027126613801146,1.3784834853032344,-0.47101323354145236,1
515,0.2981104271098095,2.4052561100042666,1.2179779535133177,-1.002080900690242,-0.12722153243198525,-0.16437921360701238,-0.5493375791146784,0.058661113018163076,2.102083378747632,0.1468784372804763,-0.1815250865778255,-0.01685476501905264,1
231,-0.8440204535804174,-1.9998778752867852,-2.659654046362133,-1.1280870664813192,2.51219969636757,-0.16437921360701238,0.00558925289436488,0.20455276757857477,9.660309569186223,-0.6977803762167137,-0.7732390722836897,-0.46180573477467696,0
111,-0.31688312403108193,1.116035903111355,-0.938046051462528,-1.2678466043135788,1.6880060449098362,-0.16437921360701238,0.5849000695622618,0.18617601927606975,-0.22492625236848304,-0.9211117994797283,-0.7683975311576868,0.12875130704066048,1
109,-0.19974149524234072,-1.0772551790980458,-0.4793393518811666,0.04876383140835288,-0.7548341578153591,-0.16437921360701238,-0.9950717021701345,0.19615017055357142,-0.43701081756334104,0.22365141611860656,1.0509513094366645,-0.5807950536130351,0
295,-0.024029052059228884,-0.1893499765042497,-0.7044110002434019,-1.3594799028701634,-0.3444098255228105,-0.16437921360701238,-0.16777855307681158,0.16612773466318081,-0.31265084126797926,0.26838895647479877,-0.022738393216756008,-0.14613847693307583,0
371,0.15168339112388296,-1.3617429719448741,-2.219255660355958,0.11302505448946544,-0.48731847665504047,-0.16437921360701238,-0.47471163819129936,0.19731935200573192,-0.034008996860573563,1.044511850813635,-0.8970408503445658,0.5846909403245647,1
377,-0.34616853122826724,-0.6079731404324542,-0.20093030723676258,-0.47102732918357443,-0.5931857365489347,-0.16437921360701238,-1.0515155830627123,0.49441997687629924,0.4203458487194897,1.7522430129887172,-0.7573864218454809,-0.2058351614038208,0
122,0.23953961271543886,-0.03200900012380185,0.4777516966898437,2.265735079210729,0.04908443256385665,-0.16437921360701238,-0.24860166933118036,0.17958560467932314,-0.4087742383282804,0.1965411798721609,-0.4622413053770014,-0.4805272215301936,0
201,-0.4633101600170085,0.19523406289956233,0.8914024352916491,-0.1999611962084799,0.060448453453231105,-0.16437921360701238,0.07132182498605631,0.12420081031708051,-0.35513679440983353,-0.1564018782242854,-0.7355463563012169,0.05804683393717828,0
495,0.5616790918844773,-0.2820090536084734,0.016555501674220534,1.3432379410721742,0.3592471766431617,-0.16437921360701238,-0.38652226918648036,0.21538992692124712,-0.3312146367376639,-0.8723439686796518,0.2596788311883862,-0.634402765195583,1
541,-0.2875977168338966,-0.2760728308108614,-0.3571267863928921,-1.1702645046497164,0.12072891629052514,-0.16437921360701238,-0.8996407904338408,0.17156994557166627,-0.19545592212534754,0.585274541590104,-0.5734127698034416,-0.31095826115137015,1
040,-0.22902690243952603,-0.3898364483402625,0.32983624298695363,-0.3096097500084263,-0.5764083509991733,-0.16437921360701238,0.021540834317776685,0.17566196041970972,-0.4069234726649336,0.4823991272213987,0.6167347103181607,-0.32427989663148454,0
425,1.1473872358281834,-0.4624122383317436,-0.961225032375994,0.11660765263171502,1.5946768835948977,-0.16437921360701238,0.7523100255540048,0.17594406659445058,-0.4263317473599821,-0.6631602685717947,0.30598413783124073,-0.47120716588916983,1
427,-0.6683080103973056,-2.2530072547945195,-3.5307465090743912,-1.244474554758863,-0.5105833210129256,-0.16437921360701238,0.45719024931862057,0.18346110978368244,-0.24411348718614603,-0.3131624497666384,-0.3757674644635299,-0.3809588628957557,0
514,-0.8733058607776027,1.3900037896368758,1.2282826481348124,-1.0540708362944826,0.028734906952788616,-0.16437921360701238,3.0064180812202186,0.17745933288307728,0.5645171035721759,0.0367104314144026,-0.7532915424720829,-0.04664601401594645,0
331,0.21025420551825358,1.1227677150758935,1.0112859078767207,-1.0747073374838696,-0.6470008576921735,-0.16437921360701238,-0.3316485617912811,0.08005483658522693,2.1056545004303238,0.15886552041474905,-0.6595249489487326,-0.1160867689471575,1
309,1.6452391581803336,0.1242087771169378,0.4112194768760939,-1.1872196957823846,3.165312014817541,-0.16437921360701238,0.5015268169342263,0.20575562314724435,-0.414275040323014,-0.7060818868526452,1.6888900891369691,-0.6020078864122443,1
016,0.23953961271543886,-0.4246278019005441,0.1623702493470206,0.20077803944441863,-0.2003552195863817,-0.16437921360701238,-0.4000182061042527,0.13746180169759842,-0.3747496152052728,1.4252764687295039,1.6503898699642063,-0.3697953461972659,0
530,-1.1368745255522705,-0.601364741070101,0.3601252306515055,-0.36693471605641276,-0.640022061030793,-0.16437921360701238,-0.3955285005090059,0.15871732774927255,-0.3451798753548474,0.9670276809480257,-0.9123021614861406,-0.22746840236862145,1
411,-0.609737196002935,0.2864552802965179,-0.13392038416703766,-0.8905343150824524,-0.6936801124215617,-0.16437921360701238,-0.3982837923603291,0.060116783715479745,3.884163158470928,0.36387134094545603,-0.8348606699757133,-0.2984492994768481,0
350,2.5238013740958927,1.464626567739833,1.5312782245835985,-1.3336354762259066,0.5800639289561124,-0.16437921360701238,-0.40771037986096836,0.18109762974568147,-0.42289342169763844,0.6175911101855314,1.5283709617595878,-0.5262484803085319,1
021,0.7959623494619597,0.5367306297012812,0.8175463361471007,-0.9992345034297152,-0.14852905050753237,-0.16437921360701238,0.11319720290554204,0.15182310127516938,-0.3539347767851735,0.3593232615838627,2.1865508006029515,-0.2692066947517514,1
185,-0.19974149524234072,1.223584112828076,1.1081872071454704,-0.731347304148738,1.2622461925720327,-0.16437921360701238,1.1836629627316755,0.17669976916732924,-0.29141483051456357,-0.15995429903004182,-0.6300924320673369,-0.39605241419578335,1
334,1.9380932301521867,1.0457197122967545,1.1338920161611945,1.7672024796115873,-0.8703978402670923,-0.16437921360701238,-1.161757589494797,0.11942200786765406,-0.38766936007081104,-0.4348417380291904,2.0287441008933165,-0.3156969412406229,0
391,-0.5804517888057497,-0.038964449672858864,0.8118917555638401,0.5013123598616009,0.27629388423862994,-0.16437921360701238,0.37746031676587893,-0.04871714677307263,-0.3855270459365211,0.10148938300888952,-0.9664940016248218,-0.16514674140748553,1
361,-1.1075891183550852,-1.0979675411733927,-0.9108742893490813,2.205412212132313,1.3895655907171027,-0.16437921360701238,2.165337958535431,-2.6361981520489195,-0.33533774517792697,-0.726539156676309,-1.139570766042741,3.0715146198735908,0
123,-1.0197328967635293,-0.4477619204942826,0.18541175772563687,1.1693507909018712,1.9191861401156438,-0.16437921360701238,2.0146816728204446,0.4127118412230365,-0.2848618842596017,0.08415876085990645,-1.0198944550680054,1.0152266864167656,0
106,-0.43402475281982317,-1.3100030726848562,-0.9657871514943189,0.04489384632112595,-0.4807130933347187,-0.16437921360701238,-0.8792096442152528,0.1888857220024156,-0.38486591889598604,-0.29092170628752284,-0.5209046184009524,-0.5506857821892268,0
278,-0.40473934562263786,0.2832545967397965,0.899485255008463,-1.3861660016548163,-0.848048408013167,-0.16437921360701238,-0.9912174377798242,0.182139569526076,-0.2597144898712951,0.04062161179442965,0.010439925987863852,-0.47711631593566983,0
363,-0.990447489566344,2.1936785207171083,1.4336862542604643,-1.0807735202429711,-0.31823684098210514,-0.16437921360701238,1.8386262220129608,0.30978443412728507,6.008214141411862,0.630837944824168,-0.9965054823675793,2.2918661541893255,0
112,-0.7268788247916762,-0.699721136674647,0.07589765738953748,0.23996309887144915,-0.4306544512259136,-0.16437921360701238,0.3751907038067748,-0.08512720899632328,-0.3512412096372861,0.5377835199626384,-0.7447410596697962,0.036646972215394605,0
134,0.21025420551825358,2.6006025261478563,-0.07938797446813059,-1.2223905972937463,-0.5703512739370522,-0.16437921360701238,-0.17639279364086033,0.18696281915149837,-0.14257064797159022,0.04334661994856942,0.24708084203376524,-0.39703245745634547,1
216,-0.4633101600170085,0.323767376805654,0.7002449746612849,-1.115806140525466,0.15845851928571628,-0.16437921360701238,-0.04588066433013068,0.16237179174909144,-0.35979878236075685,0.2896728899369628,-0.6802820730800586,-0.2679483801668109,0
082,0.21025420551825358,1.2199632771574531,1.3835268467766155,-1.0084480991897293,-0.31145353190953323,-0.16437921360701238,-1.1809713542440134,0.11214401344663529,-0.3720608888069241,-0.8029416742936476,1.920098497317695,-0.2772078143462559,1
119,-0.6975934175944909,-1.4676135945656485,-1.6118847083042098,1.261546510097919,-1.2488530694032223,6.292530903618045,-1.7485164707814385,-0.18849486016489753,0.5365269776148924,-0.06289286140423005,-0.9451756085537314,1.1658462115753783,0
520,-1.0197328967635293,-2.135711117727945,-2.7385281147591547,1.2044138631803205,4.439279412796615,-0.16437921360701238,1.8718320996586482,-4.496059756622648,-0.17592635108954988,-2.0043359457903738,-1.137140162176809,0.671794306476907,1
108,0.7666769422647743,0.8148319079845924,1.0552542911359541,-1.0651643257922827,0.7605040921822831,-0.16437921360701238,-0.49605105855326687,0.14371526260159204,-0.4128872430456643,0.8294089700657151,-0.20566590548722263,-0.045863719261017906,0
338,-1.459014004721309,-1.4009542309769256,-0.9940931391444265,-0.019376927050345678,1.6865026739651345,-0.16437921360701238,1.7864068494734358,0.14976916573321233,-0.26319803303746236,-0.6325671615611063,-0.8828632086059187,0.4902708493155384,0
325,-0.4925955672141938,0.00040323278304723275,0.746998204333798,-0.9798000038493084,-0.9988387402322164,-0.16437921360701238,-1.3272595378721517,0.1793827213355051,3.304204104171307,0.17135588216555295,1.974057492173089,-0.36998230815975097,0
100,0.15168339112388296,-0.33760020141018415,0.20214292423728275,-0.2745368128627264,-0.8453277604265427,-0.16437921360701238,-1.1084516861037952,0.19641980283058394,-0.297359143197104,0.3302386034877992,0.5116304327244208,-0.5638115576628955,0
527,-1.1954453399466412,-0.6602911219740634,-1.0745317093493676,1.2778386826692265,-0.8758007279361409,-0.16437921360701238,6.214316258501596,-4.910079822551524,-0.1940113745535293,-1.3834588498547684,-0.9776270387731746,3.9132375720923482,1
088,-0.521880974411379,0.3483678783196231,0.8454685796326105,-0.7612563547266166,-0.47758841675122354,-0.16437921360701238,-0.2519310717508951,0.1490489886542233,-0.37508447466431827,0.04979021756445417,-0.45178121981786445,-0.4462966445900659,0
483,-0.9318766751719734,0.43545181157634016,0.7861753255506997,-0.8103108096508855,-0.5040883848921384,-0.16437921360701238,0.24719126584275986,0.15774382592131617,-0.17971360857125399,0.6488754486201828,-0.9120229467581549,0.5904893323041274,0
157,-0.37545393842545255,0.6821064377850392,-0.8347525377030794,1.5276762479236032,0.39732655438509856,-0.16437921360701238,0.5539740993336482,-1.4712435065280642,-0.12305408678463776,-1.9318258606206078,-0.9971318979496067,1.60675651283247,0
125,0.6788207206732184,-0.6624842851962381,-0.12370777766000617,-1.0227299483043129,1.2673333630733787,-0.16437921360701238,0.2443786055089273,0.18595686776328454,-0.3796616334176333,1.01849123734835,-0.42800441268291955,-0.5840682697120445,0
406,0.5031082774901067,-0.5086103647968653,-0.6772984437934109,-1.154248831807523,-0.1873571144995238,-0.16437921360701238,-0.15211930870810672,0.1495540901190333,-0.4175591778771745,1.049934727552476,0.006728077854465187,-0.49275426521874577,1
043,-0.6683080103973056,0.9348161211664755,0.8990416444792579,-0.10179268548395216,2.557517609320618,3.709766856727985,1.4826534601074879,0.16164608138734676,0.3819720912451742,0.7669366215556932,-1.041948906790922,0.37780647195368156,0
472,-0.024029052059228884,-0.7511628376933053,-0.1585329077946123,-0.27209838748572546,-0.9864412081548476,-0.16437921360701238,-1.295428173089877,0.2180664818497511,0.249026177633661,-1.3892125869627545,1.7035773400713754,-0.5011038887189788,1
476,-1.371157783129753,0.47611029826666734,0.24746529952730567,0.6918050183337795,-0.28728532459949574,-0.16437921360701238,2.5264164839894114,0.10781305562089424,0.48257139960609907,2.032229006794091,-0.8827183956830252,0.9870848208363244,0
001,-0.6390226032001203,-0.11277805208750014,0.6432893614551548,0.09775544450667474,-0.3686253066241636,-0.16437921360701238,-0.6190672385277608,0.2119361387180509,0.7056797001703173,-1.3724179152197324,-0.8724039791947477,0.36193235872834384,0
018,-1.2247307471438265,-0.8780694042537701,-0.7777032835232269,-1.0464908640873103,0.18737215882397978,-0.16437921360701238,1.6313100129831182,0.131760602796711,0.02517760494175528,0.943524322612871,-1.0022667868275448,0.8675378966871288,0
405,-1.1954453399466412,-0.5131896219340686,0.14630859118775327,-0.13399781586646273,-0.21909122881951879,-0.16437921360701238,0.33187151197478315,0.19400106953040575,-0.1401566732484708,-0.8052260663719991,-0.9382262510899465,0.19856319100057357,0
032,-0.40473934562263786,0.4294608499089954,1.2089593209184892,1.859064550234767,-0.7778179215776269,-0.16437921360701238,-0.4773722994714575,-3.8763562624783017,-0.3974025704221031,1.1287203507404933,-0.5276967998255081,2.472937601235499,0
099,1.0302456070394421,-0.24088356283971296,-0.011647206989654674,-0.14379084376487433,0.2853662808187584,-0.16437921360701238,-0.07519089794693476,0.06331131077434447,1.392596616488297,-0.7647569925923848,0.23724566206113584,-0.35638412107437223,1
272,1.9966640445465573,0.5817140514782431,0.9092662317396646,-0.4280384202032184,-0.5009215470061286,-0.16437921360701238,-1.2891028430543794,-0.03824976502717017,-0.38872083507411714,0.3116811357029789,-0.27032847296786294,1.4993564337129284,0
129,-0.0825998664535995,-0.615976655072664,-0.08970685697720315,-0.3002539082017996,1.0760080949189281,-0.16437921360701238,-0.8517516717034449,0.19867318573396053,-0.15211958828525754,-0.5083209868375019,-0.5427902061700984,-0.4033071858892413,0
172,-1.1954453399466412,-0.2917008132313469,0.5141195687508389,-1.167368271793395,-1.0759335906909007,-0.16437921360701238,-0.3333314758683855,0.17647648910932667,-0.15906234191373197,-0.10124619684714384,-0.5228768402598896,0.24431047225553448,0
191,-0.609737196002935,-0.1384703550373431,0.35074497821606304,0.8228329765673329,0.9555052451811136,-0.16437921360701238,2.9151993648394052,0.21382111838800807,-0.10772800429237825,-2.3562516716841433,-0.5003488497381617,1.1951577881705557,0
205,1.0009601998422568,1.8469928289352133,1.714688321401694,-0.5121063638334571,-0.6111660472881462,-0.16437921360701238,-1.0176188831565505,0.17975715187556984,-0.3959988540307041,0.4673181279723169,0.5945859327565811,-0.49815275474078585,0
152,-0.11188527365078481,0.14877850560973216,0.7603597135561159,0.466325735985759,1.094676246149877,-0.16437921360701238,-0.48101778959636365,0.19279017982737973,-0.3444061147783115,-0.5029160644369121,-0.379592841988982,-0.2929679279555223,0
217,-0.9025912679747881,-0.8193302332867671,-0.2565717771453735,-0.4217617777483969,0.019009396726261136,-0.16437921360701238,0.9562564033241681,0.2175439975589051,-0.3375132806519958,-1.064621062801765,-0.5100784717425337,-0.4549320853787821,0
407,0.21025420551825358,0.07770988175678924,0.31244973804972664,-0.9790345697302051,-0.5330272925209135,-0.16437921360701238,-0.2554134842771801,0.16676730934931663,-0.39039477920045024,-0.0690605640842621,0.03244529780432684,-0.31870175702214115,1
027,-1.1661599327494558,0.337282507173066,1.1643124660136415,-0.39732084442863047,0.7280919211246949,-0.16437921360701238,0.08026681859432687,0.13429323950814342,-0.0678814494400379,1.4074623829272424,-0.8390673762679013,0.22700141715404343,0
313,-0.6975934175944909,0.8804893641003755,-0.32370332746057945,1.1918848487499616,0.01887997652537336,-0.16437921360701238,0.8346027700944371,-0.5663186562795403,0.17494965439775245,-0.7968546816966013,-0.9192785032170805,2.2605645070486617,0
224,-0.7268788247916762,-0.7855910574703593,-1.0658144776826695,-0.9558084131540037,-0.8051759851445454,-0.16437921360701238,-0.1861535622201758,0.16796084172505213,-0.3124145332530849,-0.037358814423939464,-0.6599606289578873,-0.3299574307747528,0
023,-0.9025912679747881,-1.37541808460901,-1.1086411636167246,-0.17738292969590969,-0.35357376615638386,-0.16437921360701238,-0.22573658426738,0.19686106575582044,-0.33519124815659,-0.40826395416901645,-0.7439361695685053,-0.3650916461382002,0
085,1.7916661941662602,-1.4546721233995197,-1.4207965029652225,0.6407313522155758,0.7814491706345703,-0.16437921360701238,0.6327797684413852,0.036686735837615794,0.9758347443471572,-1.8046547364638283,0.6057308451393904,-0.256138429965538,1
051,-0.22902690243952603,0.20877468816407363,0.7579719422065445,0.4029551635072997,-0.5752481688813202,-0.16437921360701238,0.7867409101554775,0.18651159410937465,-0.32876429858814155,-0.6379249732380349,-0.27176791185533095,-0.19803594442950384,0
070,-0.5511663816085643,0.14395373994826582,0.705730254106993,-0.15450363173728657,-0.4157470244305409,-0.16437921360701238,-1.192924888051236,0.16259131063754867,-0.38318532552310197,0.22294091092978907,0.5976735954508391,0.006841021060234178,0
226,-0.609737196002935,-1.0327324259504833,-0.9237709345448215,0.9186902752686311,2.968223381468547,-0.16437921360701238,0.2877224687061777,0.22014272083265915,-0.2622973343928253,-0.9511965106267842,-0.9405011555323719,-0.4335122699794906,0
059,0.23953961271543886,0.11082994370817233,0.7624680984208961,-0.730250005685033,1.3064999168947198,-0.16437921360701238,-0.5373942076841971,0.12086660483616578,-0.4078836701086804,0.5943797703872612,-0.6503877879797236,-0.11857435203026301,0
137,-0.6390226032001203,-0.09595923390467656,0.5849583891805554,-0.6315216838450173,-1.013433849179533,-0.16437921360701238,-0.7475238128996029,0.16112034256577218,-0.16879583791395347,0.5036481769318858,-0.034291486243321755,-0.05880675222696005,0
002,1.879522415757816,1.577378457165404,-1.4322418526523006,-1.107007037757817,0.009947319848945311,-0.16437921360701238,-0.868257409455339,0.1765499574271688,-0.3045888942987384,0.7127298429583737,0.2283697183076998,-0.444855199105915,1
248,1.7038099725747042,-0.5537535114594336,-0.23176542624451063,-1.1455480297329446,-0.42903790172107753,-0.16437921360701238,-0.9038396253902409,0.21079463317278108,-0.07051198275558,1.076487480938682,1.0174370744235806,-0.5770329311724973,1
417,2.435945152504337,1.5748453804356768,-0.6842222070538687,-0.9803014834840853,-0.5522920575564534,-0.16437921360701238,0.018880245199281068,0.13692846865512134,-0.42514435598249617,0.09018912067845397,2.7366630569220525,-0.45656537546520526,1
349,-0.9318766751719734,-0.25782204708001405,0.003309530600891975,-0.007050376620282424,-0.015593061105214833,-0.16437921360701238,-0.12114190744304566,0.14251913633160995,-0.3097918592438215,1.4155568984295523,-0.411562415130219,-0.27847079405278524,0
546,-0.2583123096367113,0.7551107485797132,1.07085014464106,-0.965927831387485,-0.3748023352969182,-0.16437921360701238,0.26086507358396277,0.09915000076479398,-0.3405677453345649,1.6476612269976934,-0.522255332164607,-0.18648723368913434,1
414,0.18096879832106827,-0.20025467372366046,0.48428266941296805,-0.35346566765437554,1.4575722403792775,-0.16437921360701238,-0.9468779203411857,0.18120997827433666,-0.41183796026944713,-0.5999818042547559,-0.7784217862771465,-0.5106594872418384,1
508,-0.6683080103973056,0.37850405275383553,-0.13367832737426805,-0.4204859240138811,-0.22363300957794763,-0.16437921360701238,-0.2202364767965737,0.09555281767862635,-0.23262889739338413,1.7314463518589294,-0.9941895079195164,-0.15693110193198423,0
093,2.435945152504337,0.713440824331393,1.2109453839835778,-1.0204370019229192,1.994442387130645,-0.16437921360701238,-0.5225502649409921,0.155457575300172,-0.37740309035576447,1.0901045860533676,0.1401070582320102,-0.4925161655494732,1
097,2.260232709321225,0.12518216657457093,0.8420353887584019,-0.9323969213060994,2.6667135066464107,-0.16437921360701238,-0.929610147669359,0.13577291312828718,-0.42231221170226224,0.18761026545150924,0.903515540418342,-0.5727810092831053,1
506,0.532393684687292,-0.18531838281059515,-1.2980813495876242,-0.5308034343019404,-0.6081090247650496,-0.16437921360701238,0.41923399367925723,0.15106319878394409,-0.14066030412457395,0.6612072736216467,0.13605599068964916,-0.2843187123688788,1
461,0.3859666487013654,-0.31574097664834555,-0.28320706548765673,1.5444750186530665,-0.8097919677223202,-0.16437921360701238,-0.9728320522725024,-0.3944447476375486,-0.41464113307057715,-0.28647836545039057,-0.005961561411910119,0.07656081624154215,0
120,0.8545331638563303,0.7086909196649954,1.2214582449107603,1.1230865694413232,4.685506944912924,-0.16437921360701238,0.8571603628297482,0.07211034416630113,-0.41765790190096785,-2.2575374932395436,-0.5511352593881612,0.05246366082580246,1
128,-1.2540161543410118,-2.11255316889042,-2.826900845234389,-0.07602963423188693,-0.7314040531362276,-0.16437921360701238,-0.8525651812325823,-0.3454653112192533,-0.37506492114310036,-1.6638896940816634,-0.7734835241201592,0.033983589763262115,1
241,-0.521880974411379,0.06552494008541726,0.8532137115049907,-0.787131767116401,-0.03817422696926609,-0.16437921360701238,0.09896556584255262,0.2024905884099048,-0.3064245656658849,-1.0192291033017449,-0.34322190718939494,-0.4362202447829309,0
543,1.6159537509831483,-1.8306633348388266,-2.421263024789375,-0.8640438343152814,-0.6379572477628794,-0.16437921360701238,-0.8964094625739214,0.18794741882667218,-0.2063107428604275,0.4392621947898145,2.880689673935451,-0.6028085183172683,1
256,1.5573829365887777,-0.8071356403072576,-0.21541493226843106,2.2936428169902126,-0.8263466398058573,-0.16437921360701238,-1.2193259743359297,0.2003010083921631,-0.44480362046439503,-0.3258906016268551,3.3940704333485705,-0.6247613533611889,0
189,1.9088078229550014,0.244340051932047,0.16049561852768673,-0.9727006389149856,-0.7590338001598792,-0.16437921360701238,-1.3203674350341519,0.19786347023080764,0.1528202697684663,0.32130188888082273,3.625560534202115,-0.5627843682448103,1
101,-0.6683080103973056,0.22917016700855855,0.7585806374691775,-0.7118750311583372,-0.7492061396506123,-0.16437921360701238,-0.3670227222073603,0.17825373091641752,-0.2335794523861265,0.2784427416314231,-0.457683451519327,-0.31290916673299674,0
536,-0.5804517888057497,2.452655636867933,0.6828889578631738,-0.25286649937807104,0.06566283398747681,-0.16437921360701238,0.6239182312374528,0.23518072031644674,-0.0418330565617581,0.5318000725288555,-1.0334052046621536,1.2391069341882528,0
538,-0.8440204535804174,-0.7891639908505806,-0.40019847129736136,-0.6703224572850899,0.8780591423196258,-0.16437921360701238,0.06630844198931515,0.14610626388378659,-0.3365259346056401,1.7228309801254074,-1.0151944480720667,-0.40546071193866123,0
193,0.2688250199126242,1.0779943044988056,1.1060173305553722,-1.0000987130189858,-0.8132469819260144,-0.16437921360701238,-0.9855594498161201,0.2779368176600629,-0.4065810062772575,0.8085125001277729,0.08222821747553612,-0.2789367166587901,0
254,-0.9318766751719734,-0.22408755035406377,0.045657152425950365,0.006748799211918701,-0.8325631884595153,-0.16437921360701238,0.5105931108776678,0.19740849372862732,0.3862592401013425,-0.7987597534620066,-0.6828932168750765,-0.05726189114019721,0
179,-0.2875977168338966,-0.30517682830235365,0.36992306386965046,-0.020498836208725134,-1.0404872700489607,-0.16437921360701238,-0.8246462397609882,-0.3840398694595644,-0.4269386373156914,-1.2838367076732047,-0.7232437949011798,3.7652274980804754,0
165,2.6702284100818194,1.1057832656342406,0.4794825004396287,0.38206669974368757,2.906314888674083,-0.16437921360701238,0.3598543151545505,0.22328566073580983,-0.3500474377922614,-1.7221104407192283,2.2823225208972784,-0.3329650707715229,1
385,-0.37545393842545255,-0.3540313106105328,-0.7124035192999093,0.2294161185411058,1.7586170294822252,-0.16437921360701238,0.32651320570115255,0.17973926630396983,-0.3184620784816371,-1.1788485289613695,-0.801759925197835,-0.2786875992863373,1
477,1.9380932301521867,2.5572752267131427,-1.5835481801697056,-0.8382354624725977,-0.7030188349438664,-0.16437921360701238,-0.35447766104969347,0.15788900395144778,-0.1965084805368637,0.8946718901911056,0.1148623801609691,-0.20822031274039648,1
244,-0.11188527365078481,-0.5116223373506142,-0.0375360018891341,-0.7981283257180429,-0.5898880120608165,-0.16437921360701238,0.055494341266802076,0.16824307833744886,-0.4092887028916401,1.5403705209649958,0.1526397506596452,-0.6267212172108115,0
113,-0.7854496391860468,0.3271485301440838,0.3312256822986448,0.483428427164399,-1.0280838278076039,-0.16437921360701238,0.15017116640349576,0.18033448947592534,0.28564493105849764,-0.794995984505697,-0.030094004521629966,0.3659030372012555,1
466,-1.1954453399466412,-0.6663358311165855,0.06063962124612526,-0.42951560648451886,0.05438002723769971,-0.16437921360701238,0.5919501063310216,0.09501157860492516,-0.2592642466817833,1.6967064955837934,-0.7505832679799568,0.03376446271353433,0
453,-1.1368745255522705,-0.37628293267671803,0.43563807826794404,1.565815699202816,-0.3524237207878967,-0.16437921360701238,0.11073638939017143,0.11993030294235288,-0.27148037042510204,0.5649406906962685,-0.90920024319568,0.5890608752178265,1
148,0.09311257672951234,-0.48911931572174044,-0.05209999501088895,-0.12351640005962518,0.05806194273163386,-0.16437921360701238,-0.44836940103548206,0.19487631840496786,0.2573049461680379,-0.5605293561752965,0.0376270178755373,-0.4751081299822721,1
345,-1.3418723759325677,0.22031292930498134,1.0850959912481175,1.2283290568268668,-0.8482883298066033,-0.16437921360701238,0.7362012726643228,0.1045839315923913,-0.08557181282068584,1.3319635555867226,-1.0192353308310573,3.00552399775637,0
469,-0.8147350463832321,0.12958974648660745,0.8304807160216284,-0.2940456397713076,-0.7800556316132151,-0.16437921360701238,0.119177655518374,0.1559539170408726,-0.12655300055449004,1.434893907684304,-0.7686801094446106,-0.017607631025621476,0
378,0.03454176233514173,0.4988780694618591,0.28459143800677195,-0.23657922799511777,-0.6611472080499964,-0.16437921360701238,-0.6651086305919491,0.21453270825836773,-0.402495429885523,-1.5850008238607918,0.15648830823827165,-0.4400576325215758,1
318,1.2645288646169246,-2.1327705843993376,-3.8486546020687453,2.1368698582683234,0.30773480591603125,-0.16437921360701238,0.6001711765272427,0.19190314035682238,-0.35080634277269485,-0.44339335084842946,1.4233071122387106,-0.6485744758913345,1
028,-0.4633101600170085,-0.7506903401485242,-0.010721948490898454,-1.3830721530322625,-0.42940341894090706,-0.16437921360701238,-0.23277424893218576,0.21014101445627478,-0.43453215627779085,-0.1260622772960753,0.7165748075615853,-0.6674738266241633,0
133,0.444537463095736,-0.2727121125058289,0.36924781005031865,-0.3387989149152321,0.10093326584303966,-0.16437921360701238,-0.3911260306366492,0.2078402410342864,-0.29919101838660056,-0.9419524674617068,0.8108126676294815,-0.582646459143173,1
073,-0.7854496391860468,0.252389896751604,0.28111570996314744,0.1686472322190207,-0.9823244332872592,-0.16437921360701238,0.3084424586341105,0.19603337463497303,1.8630576309815516,-1.0017904020112263,-0.6687011274880019,0.015480144220135281,0
339,-0.40473934562263786,-0.8735301806891204,-0.44146956712594904,-0.5993307615034322,-0.736262050971286,-0.16437921360701238,-0.7759367677040118,0.17873157204440104,-0.3059808485615026,0.2924421749599217,-0.2689401287145706,-0.3116394539653259,0
416,-0.22902690243952603,0.3059830977074922,0.9028344099754532,1.033442549482916,-0.1272840960728818,-0.16437921360701238,-0.7318233163296315,0.16360751806512583,-0.34899735228202844,0.8141146310235426,-0.5211282400905606,0.10658359237771714,0
132,0.4152520558985507,1.788754681674282,0.23631700828153587,0.01133274842966735,-0.1533189476412347,-0.16437921360701238,1.3417632291039152,0.1876614021163849,0.18567147194995726,-0.6380930576901707,0.4692852421485984,-0.1788094386595903,1
397,-0.7854496391860468,-0.34317522998998506,0.42537279137894257,0.17202698354577028,-0.4967857138796759,-0.16437921360701238,-0.12933409226558412,-0.06745885120618542,-0.3341658092506261,1.7556754218073363,-0.9246772914641974,0.5550798834692837,0
421,0.9716747926450715,1.5646164163861889,1.353623287053896,-1.40389381652333,0.034624868338225236,-0.16437921360701238,-0.6504688038399297,0.1671932996829743,-0.41284643238901786,-0.22717480974144263,0.7697425923572857,-0.43402068062512794,0
437,0.5031082774901067,-0.1342199510629658,-0.29760368141754046,-0.18146207112661003,-0.6710113354170602,-0.16437921360701238,-0.7953590997397741,-0.9545337942932116,-0.1899081227942714,-0.5132112306014762,-0.7462289407796898,0.23027995028415055,1
327,-0.43402475281982317,1.2044432682410775,1.1301264597753846,-0.7520144360660558,-0.6239315341532241,-0.16437921360701238,-0.8645246734472973,0.09762065581532645,-0.25808480360643193,-0.09969811135242863,-0.7924229154469257,-0.1286716982114902,0
035,-0.40473934562263786,-1.6004243190208605,-1.416782078983971,0.055206425506757466,-0.7769447304099393,-0.16437921360701238,-0.6561075797499748,0.21123212550404635,-0.24825000130854114,-1.261749251445049,-0.5401327662032233,-0.42432338345107445,0
430,-0.7268788247916762,1.2664619656430727,0.7508504557657169,0.8292796101181652,0.09649156773948318,-0.16437921360701238,2.066251507423454,0.19470762182177817,4.696251655601127,-2.0806908076385677,-0.6025442693346215,1.0568162989652363,0
055,0.6495353134760331,0.8303692673709194,0.40806703386960896,-0.5203676744504875,-0.7137216883296524,-0.16437921360701238,-1.1716988478477077,0.19668496064895738,-0.3596668451162612,-0.3899249687155799,-0.2788090720601753,-0.3540498445951882,0
194,-0.34616853122826724,0.0961493612956029,0.9432043221355011,0.26324011949842324,0.09628003969665203,-0.16437921360701238,-0.2238284176082114,0.09063230146735202,-0.3965600961836644,-0.038900958525402395,-0.6966280392875104,-0.014849141902858933,1
277,1.7038099725747042,-0.4080894450831258,-1.2953233823601642,-1.3365577118984402,-0.6297153583657421,-0.16437921360701238,-1.264292169342866,0.19285633312187225,-0.408195948140244,0.3363843616384559,1.0052910935757002,-0.566197353805972,1
288,-0.9025912679747881,-0.26173631426100064,0.5557443799259488,-0.46213749877925114,-0.36124341623365575,-0.16437921360701238,0.017769692340499646,0.2004150109908805,-0.3562536082758665,-1.254111881484606,-0.7711543772092746,-0.14994053000918936,0
372,1.118101828630998,1.0466953518285886,0.2387669056583008,0.1555446348210309,0.7382872097526805,-0.16437921360701238,0.5612522264173855,0.15341584559249868,-0.4172667635701276,-0.4726613176494144,0.7707984411057405,-0.2237424433452699,1
225,-0.40473934562263786,-0.5177705639361632,0.1952238105626594,-0.7110185225520194,-0.669052484932437,-0.16437921360701238,-0.6233949509853581,0.13616742456119063,3.081586833233212,1.6269746813509693,1.4416617788121064,-0.43502945457938774,0
181,-1.0490183039607146,-0.6624721058562849,-0.2841267073097056,-0.7642594731902878,-1.0736423707026066,-0.16437921360701238,-0.4881716135318366,0.15912691332422207,-0.19558177261508672,0.6213050776027387,-0.18358585398367214,0.27982180297029546,0
096,1.674524565377519,1.8733701266478213,1.347809660737641,-0.4550264492284913,-0.5255830758923384,-0.16437921360701238,-0.7802731563144442,0.1655746076359038,-0.4016590306108555,-1.4669198695811136,1.2162141076999107,-0.4871316207477115,1
115,0.825247756659145,2.1136709860932905,-0.4102675736702175,-1.242841141126488,-0.7865120947464491,-0.16437921360701238,-0.2477289267036188,0.18122788472184503,-0.3677444050329333,0.1653784873635212,0.9485890000342969,-0.178362151775619,1
041,-1.0197328967635293,-0.5322254829618132,-1.3677089252672445,-0.7651543458308048,-1.012881315672457,-0.16437921360701238,-0.5342888539912839,0.20979458353192706,0.08891590575563611,0.25867317429384257,-0.6453169626595793,0.15020134755864767,0
168,-0.7268788247916762,-0.9524303183172367,-0.4901019132918883,-0.4009360644632087,-0.27545078614729746,-0.16437921360701238,0.8789681389724884,0.20182188502696097,-0.20693646728359236,-0.23525538515868183,-0.569769993653249,-0.3300698161514976,0
329,-0.5804517888057497,1.0757570150192977,0.5054391983625788,1.5636828150267459,-0.2606073149226277,-0.16437921360701238,0.04020744649635241,0.16752997777372178,-0.3013518656704892,0.7173038628638084,-0.3295450272419203,-0.09318605293586503,0
394,-0.11188527365078481,0.8019083155722581,1.2114089877167737,0.8438497489724216,-0.595278847481143,-0.16437921360701238,-0.3356034351268466,0.1789901644975454,-0.28883370899088556,-0.6051492217455555,-0.5254214086113592,0.07303636789410603,1
262,-0.4925955672141938,-0.6025688562609504,0.21772028493123183,-0.6532777327665225,0.11713880494205117,-0.16437921360701238,-0.2367885215741619,0.18804171311413193,-0.42558208836345734,-0.3233335490814162,-0.24638905315233325,-0.18229739693322838,0
074,0.21025420551825358,-0.7626395769559557,-0.20306675049683556,-0.43133427588618045,-0.9142917211753073,-0.16437921360701238,-0.21275817428387467,0.1105081555905279,-0.1629009435107619,-0.1632585725083697,-0.013989161124621575,-0.17320425953328678,0
360,-0.990447489566344,-0.2561716775017412,0.23602400480334373,0.8870943258114324,-0.4674314242707981,-0.16437921360701238,0.6765525854505969,0.12180410041758881,-0.10143752929941373,0.9639675313196957,-0.9676653794017012,0.14189213032799378,0
034,-0.1704560880451554,-0.5435227358284992,0.08329950872255844,0.8726232682805601,0.8733056787174002,-0.16437921360701238,0.01622309618886485,0.1699688247036233,0.38682686573535513,-0.6818169738395714,-0.2741809049927989,-0.1670371783283538,0
026,-0.7268788247916762,-0.05521342242602626,0.47778364696872416,-1.1376103751545341,-0.9538682270075995,-0.16437921360701238,-0.7210821942277786,0.19001785131559495,-0.3458668839149188,-0.018151355224883932,-0.8272195487742325,-0.31247335552147076,0
220,1.1473872358281834,0.753419206284823,0.5561787922320295,-0.7951945175012334,-0.5462873634076088,-0.16437921360701238,0.12870207002288822,0.13735859191630165,-0.4321168642923654,0.009413266881217028,0.4488861309090472,-0.2971051123284611,1
094,-1.1661599327494558,0.7011372851860982,0.8130110300369674,1.9348875756504582,0.33688576653519603,-0.16437921360701238,2.2515590768993166,0.04160238443495378,0.3335994450557276,3.282772658771237,-0.6334256185090714,1.1623997260113474,0
351,-0.9318766751719734,1.5931642853869574,1.47909944181966,-0.40944920610872315,-0.30265232773019607,-0.16437921360701238,0.5078395278382962,0.07545800588191183,0.4176543326819962,2.1833303686555414,-0.9007393813514316,1.5764185018623085,0
409,-0.8147350463832321,0.26336909148549653,0.9015247592960195,-0.6544683849887833,0.0846451026655078,-0.16437921360701238,0.24033208228006428,0.1773292291082369,-0.2868864744338212,-0.3629568383624821,-0.7829239095322932,-0.21227002974821663,0
390,-0.2583123096367113,0.4354518337685968,0.6454182762609272,-0.6793041597612836,-0.458294537557997,-0.16437921360701238,-0.2717051094570036,0.30172245873658676,-0.1018729489969599,0.4294674823624394,-0.6299566459657935,0.7549202613837084,0
080,0.737391535067589,0.8262790465559213,-0.4159103375711516,0.7055354273347992,0.10167963470014439,-0.16437921360701238,1.6975745604227244,0.16491889868741288,-0.3969687708395952,-1.7801803416874102,0.7738096894776572,0.056074924499574276,1
139,-0.43402475281982317,-0.34946087042420715,-0.9512876147547004,2.7563952408142085,1.2402316841111372,-0.16437921360701238,0.1991422671069681,-1.8970702222050957,-0.3286643432663976,-1.256358595104347,-0.9403899383456461,2.0217405315056887,0
265,0.06382716953232703,-0.10249064956479526,-0.5098596343700991,-1.23830034977875,0.560485412561624,-0.16437921360701238,-0.3857205815993853,0.14924575712481317,-0.167808812835872,0.5360292471856114,0.30105057833588283,-0.30774491129372844,0
285,-0.1411706808479701,-1.6568375915665252,-1.6317584820252617,2.0897506167335367,-0.5962850723228726,-0.16437921360701238,-1.0338914573043816,0.19053498408445732,-0.373926461766806,-0.5668901317285366,-0.3244527319633496,-0.18867019340906507,0
367,-0.31688312403108193,-0.0701605767362086,0.6725081671194628,-0.8513573347999941,0.3897792778045008,-0.16437921360701238,0.792711015877991,0.1619553819432906,-0.37894738061026345,-0.6101749563743714,0.09680987634559068,-0.270842248116977,0
033,-0.43402475281982317,-0.40517522209578355,0.3588382262967994,0.6542702099940054,0.9780179591051973,-0.16437921360701238,-0.6921370781045162,0.13835666739078278,-0.0019367789776289393,2.046386715316031,-0.08169009761320872,-0.6227413125167525,0
491,-0.11188527365078481,-0.14587434506097782,-1.338025263016124,-0.622745014838845,0.9983212487860904,-0.16437921360701238,1.2634659265429669,0.09801302974765908,0.15690892265367054,0.3387903046601664,-0.6933499710726932,-0.20228640597772085,1
380,-0.5511663816085643,-0.20487843118225102,0.6223680004499279,-0.8996424874732958,2.226230874141151,-0.16437921360701238,2.08026819906303,0.17048495451349197,-0.3549634209468593,1.7190769090232574,-0.4737940720003006,-0.5681712209541261,1
500,1.29381427181411,1.0735722937438155,0.49418682811105863,0.8372669721899172,0.4895879728045866,-0.16437921360701238,-0.5396447425916043,0.19304889452556048,1.168849397692876,0.3466316071679226,1.4797039973219512,-0.6475506773776444,1
009,-1.0783037111579,-0.7379739577104462,-0.4006727063858686,0.7598019086894641,-0.5084988215714098,-0.16437921360701238,0.6471816795762734,0.24423841013012598,-0.21014387857879954,-0.41443659706954317,-0.4639504376186762,-0.4283122962882875,0
171,-1.1661599327494558,-0.581103269916593,0.15980682549872643,-0.32978946681773985,-0.682104120297902,-0.16437921360701238,0.08808875449611275,0.11298823797623808,1.618951200164381,2.063354755492144,-0.7033929200936978,0.729343862939546,0
058,-1.1954453399466412,-2.19097465972629,-2.630144185796979,-1.8449851980578726,-0.7032995413995341,-0.16437921360701238,-0.05469363935683793,0.18010233697688394,0.47449679515423593,0.17298572657208797,-0.7114978175470472,0.01134755062723507,0
488,0.825247756659145,-1.5071628930816594,-1.1386336002800541,-1.5935945132426492,-0.3571870215481143,-0.16437921360701238,-0.312250800472765,0.18261061921356203,-0.4058995577365445,-0.037869112283352525,2.9553215112672304,-0.5873092964044573,0
489,-0.19974149524234072,-0.9779865244514063,-0.6237737125828968,0.010641977024094824,-0.18557863297799831,-0.16437921360701238,0.7353834655760437,0.20779389040428473,-0.4191232538940307,-0.9233816877814427,0.06994905974077197,-0.5525186397906564,0
025,-0.6390226032001203,-0.8701912980189985,-0.22066299311764478,-0.9716066224351354,0.15963334496464104,-0.16437921360701238,0.3820559430151009,0.1547142992842513,-0.42321982119880436,0.682073320899317,-0.5433024885693581,-0.47056604410558506,0
061,-0.7268788247916762,-0.5342105593924767,0.1916331788815568,-0.8517729332082756,-0.8490642275830274,-0.16437921360701238,0.07526105897245275,0.1290105132740337,-0.3173267109772253,1.6207648769396226,-0.24421751747816411,-0.1885829706528638,0
303,0.03454176233514173,0.5495686020235303,1.2202625099022932,0.9537468086735955,0.1796731855779376,-0.16437921360701238,-1.3776453925216956,0.19805837304047427,-0.3794648092127966,-0.8521774516209927,0.4556090716519812,-0.318614552690163,0
251,3.197365739631155,1.8473340116167327,1.4684590637883002,-0.8535155109156688,-0.4698902010414664,-0.16437921360701238,-0.9930281862739304,0.1829167914017912,-0.400704873451794,-0.4434007544025485,2.411091188637638,-0.5518041204625617,1
006,-1.1954453399466412,-0.4843669981135105,0.39914095626748425,0.08287880373285655,0.4073398042211293,-0.16437921360701238,0.3890725536000092,0.19895574451967965,-0.2919715740351801,-0.9698856478640318,-0.7698680499571623,-0.0827778399792125,0
402,-1.0197328967635293,-0.6955507068517323,-0.14617778047722335,-0.20419978820460852,-0.9463874793259403,-0.16437921360701238,-0.6568830451456626,0.119902630874495,-0.28739922416245794,1.5201179047014979,-0.9029503899923873,0.8107227669809207,0
013,2.6995138172790045,0.5517210495611233,-1.0888239795967347,0.07057524038857313,-0.9049679905495943,-0.16437921360701238,-0.7537026242882556,0.19576178540390723,0.1271389959361056,-0.9910358907520245,2.5293458456813425,-0.41419767814060793,1
079,1.0595310142366274,-0.07461301170550637,0.40169609564526837,0.023326385245726347,0.22254302411477517,-0.16437921360701238,-1.6030117576592184,0.15199549168805687,1.3571823694133793,1.3556833152769108,4.0542199533732,-0.46502721361497285,0
290,0.5031082774901067,0.5060580449604277,0.7080102738045205,0.9125177210170704,0.24422898456850325,-0.16437921360701238,0.956375319196102,0.20280958060967313,-0.3970527505002616,0.15179001238102874,-0.03718086795279098,-0.52671463418565,0
516,-0.6683080103973056,-0.9155811419553954,-2.4286545251061913,-0.17398507686573184,0.5892068425183588,-0.16437921360701238,0.5364118606899155,0.029189661280611963,-0.2148757953833314,-0.616912236597558,-0.8177550548474628,-0.2338776304577195,1
164,-0.024029052059228884,0.4163588443517054,0.9646950893581361,-0.7024960980582525,-0.6920175259964786,-0.16437921360701238,-0.7458669634475527,0.18651606332456494,-0.3708911020397291,-0.2219528151979915,0.2673708015600268,-0.3586490149923302,0
095,0.5909644990816626,0.38581125797534505,1.00573445499553,0.39250052097962285,-0.12068636814038118,-0.16437921360701238,-1.0344904126088459,0.18753000717196486,-0.435236927587919,-0.4923466928781336,-0.5569381161849009,0.015263130813569581,1
458,-1.3125869687353824,-1.0751277591091688,-0.480519230370139,-0.49565040134209126,-0.5467628435054719,6.292530903618045,1.0324631615033024,0.10814673364953256,-0.171332294662782,2.2062478361025524,-0.9329719962010429,0.2375764955895108,0
039,-1.2247307471438265,0.12339607152228715,0.6975176486361345,0.95630940749158,0.7578348374282411,-0.16437921360701238,1.363715037367467,0.18963169453942072,0.3361671306946132,0.31916797327672763,-0.8511629052122619,0.8475235164890809,0
344,-0.2583123096367113,0.2028658998196127,0.9146800913973414,-0.5275312251653117,-0.5155921834305655,-0.16437921360701238,-0.32849718636916564,0.171074367023306,-0.4127474693388714,-0.057122116237401925,-0.04087033455523993,-0.394765946407946,0
317,-0.0825998664535995,-0.21169291855317623,0.12911999584481162,1.7454665804607312,-0.5015097846628718,-0.16437921360701238,-0.20668628831170172,0.18831525169831853,-0.39131901032441696,-0.11525815484213746,-0.23990085241000494,-0.6480646010739232,0
036,0.21025420551825358,1.8699762567093283,1.483719468334887,-0.45246079381016613,-0.3014686338907689,-0.16437921360701238,-1.1026686858456956,0.16742795515244374,1.997368724909775,0.2590670355419147,0.8187187542696399,-0.3108509536423668,0
014,-0.9611620823691587,0.06766249211553406,0.7246207332983379,-1.362426515139666,-0.7324837152240724,-0.16437921360701238,-0.01619833236360591,0.17794984146694653,-0.2736722410304764,-0.0027323670132392863,-0.4844587837117487,-0.1941070008189283,0
266,-0.9318766751719734,-0.777286327645332,-0.5735547236231259,-1.1204652788186142,-0.8998752702889593,-0.16437921360701238,0.07056522879040854,0.19940750324680018,-0.23175654545013846,-0.18130679660092192,-0.5320079240298596,-0.39186039679510415,0
063,0.2688250199126242,-0.6752052682470732,-0.16848777377393062,0.3414962259089954,-0.8871506281848746,-0.16437921360701238,-1.003447393328617,0.22422062859106373,-0.36876483107250135,-0.7461706025447287,0.796512588627186,-0.5077123031476153,0
161,-0.6683080103973056,-1.0359221034602517,-1.061998183469465,2.3371895844093973,-0.7466967910352623,-0.16437921360701238,-0.8240920471626622,0.1773996600557851,-0.09643300242197832,-0.018374999662964398,-0.8029259469177222,0.15154836374587685,0
049,-0.4633101600170085,0.41120621026454146,0.7856281198545806,-0.9221555091330139,0.49430189455082885,-0.16437921360701238,0.4146431162800203,0.1725992737629772,-0.11844917706792216,0.9913537674484106,-0.906935191930665,-0.2598479202307353,0
229,-0.6390226032001203,0.8916479493288051,0.6725427790375845,-0.20365954131021755,-0.5890173304037987,-0.16437921360701238,0.4983917478974917,0.21167893427035966,-0.3265055547683614,-0.915108288610718,0.007583741536662147,-0.2562798310789859,0
505,-0.8733058607776027,2.0363808669770296,1.6642477355203942,-0.9682917786410723,0.7796063083969103,-0.16437921360701238,2.059139062718282,0.1616424710760568,-0.22903284243228209,0.5924240759533719,-1.0217337887955902,-0.049624382208259814,1
173,-0.8440204535804174,-0.446380329752157,0.17327774854273081,-1.0606968266657566,-0.185379938958329,-0.16437921360701238,-0.4327333833148131,0.19970284880243788,-0.3673771345678295,0.15007043552226362,-0.45838590086324665,0.059571185436153404,0
234,1.7916661941662602,1.6526758945667104,0.7347337444346828,0.9498542192080299,-0.32377907154069185,-0.16437921360701238,-0.4790861805001087,0.20431075715048427,-0.16684510388216228,-0.8100118160689749,1.0212737108191887,-0.42790318660626353,1
169,-0.43402475281982317,-0.6669152896411138,-0.571936452699358,0.8262406179953571,-0.41837497378569566,-0.16437921360701238,0.12026706029067065,0.2040445471290721,4.284594266977969,-1.0532976368769615,-0.0056665000367376525,-0.32818869003433343,0
478,1.0009601998422568,-1.1254164278133898,-0.7385992078781093,0.08099629912697057,2.0763680612491275,-0.16437921360701238,-0.2896869710166281,0.21126103447909117,1.605112293322472,-1.7890963383288652,0.7954647891667196,-0.5201503502388978,1
302,-0.9611620823691587,-0.31291751915048366,-0.8344032348867929,0.9143703153377878,0.6527164117843335,-0.16437921360701238,1.7211412291817345,0.15675406918689935,0.7141099555669322,-0.7013215521262671,-0.9390696858560392,0.8220592330459082,0
258,0.15168339112388296,0.6593558367281094,1.2895573899912718,-1.4784911778722603,-0.03158721166433229,-0.16437921360701238,-1.5074345316850486,0.1697733231271535,-0.369548909135501,0.2881102036612874,1.6476993021732744,-0.551867802378459,0
146,0.23953961271543886,-0.5755726937288375,0.08437466205895014,0.42764767850268764,0.5485737808635043,-0.16437921360701238,-0.2630102941130776,-2.822395555347945,-0.4361268479252996,-0.16669923578256018,-0.921733470754133,0.5900779676605002,1
341,-0.1411706808479701,0.06830959066815319,-0.141209992405442,-0.7698244623923166,-0.6685757410862512,-0.16437921360701238,-0.7969892327267022,0.16004688496616398,-0.23505225077064515,0.386726869701203,-0.5733047077440706,-0.17377951297750246,0
209,-0.6390226032001203,1.2082727383199945,1.3531341130812293,-1.3393420544465269,-0.5924137261633335,-0.16437921360701238,0.4289898466330545,0.17925114145111243,-0.2712307923759815,0.21385643719316297,-0.14728589250048518,-0.12623996740139798,0
287,-0.8733058607776027,-0.5114131513523023,0.07189211985418399,-0.23645024733149483,-0.6639397070377807,-0.16437921360701238,-0.12889336050950714,0.17235879020996486,-0.2490233117712432,0.27984301583743254,-0.6572953406897236,0.035735789843703056,0
269,-0.1704560880451554,0.007352909018415578,0.3751733541246857,0.1567066372401041,3.5430967043039416,-0.16437921360701238,2.260212268237756,0.20865811192195907,-0.4170418852839115,-1.2590470016328936,0.06623728065583032,-0.04423996450329878,1
307,3.1387949252367844,2.6355292298952366,0.5939445984086665,-0.7944665767622855,-0.5599924869335805,-0.16437921360701238,-1.3151469653206518,0.1892226959615403,-0.2547793286990075,0.9158146387007735,1.1271218387700384,-0.6142339124732681,1
365,0.8838185710535156,0.13995313058952014,0.5476842972864676,0.019149613674774676,-0.26343856523052034,-0.16437921360701238,-0.6106395984838735,-0.24760444193866743,-0.27618149006477594,0.030344665668355187,-0.48784491397262636,1.3117893161074494,0
438,-0.4925955672141938,-1.3231162491439075,-1.0791515076995661,-0.6839750236948603,-0.7726550614065207,-0.16437921360701238,-1.2835910518343598,0.21129704040803668,-0.413773956237051,-1.258776613651279,-0.3465210644601175,-0.6048117894216364,0
253,-0.05331445925641419,0.5346227810189239,0.4177037343394699,-1.3427904795287202,-1.044083719620293,-0.16437921360701238,-0.7139902328867964,0.17358706536049595,-0.33285863712240116,0.4100897342288673,3.285284176498308,-0.49694368450764315,1
479,-0.0825998664535995,-0.7727914684112758,-0.2627383990102789,0.14155540910375145,1.3615205737335552,-0.16437921360701238,0.013517562426985768,0.19770490013881667,0.5329774189142094,-1.6755659496522721,-0.28520689036810937,-0.5351474149690558,1
206,-0.4925955672141938,0.7453675229793754,1.3503912147169586,-0.6638756463154123,-0.28516930520437894,-0.16437921360701238,-0.3991114402898974,0.14547704394353697,-0.3688152452181563,0.6215148947172917,-0.5016309106644253,0.1796021047756412,0
255,1.7038099725747042,0.5815985364982764,0.5979164881486081,3.5659805525021984,-0.3335874484804712,-0.16437921360701238,-1.0802917804352528,0.19758187613058162,-0.3833313581230694,-0.8984448925742973,1.5767629331712583,-0.5594187104286836,1
098,-1.0490183039607146,-0.21087585906459153,-0.9167514496153972,-0.36673195603208597,0.30820855787294504,6.292530903618045,3.2844391240672066,0.15022830774238208,8.253171131473692,2.043620449027881,-1.080361270263266,2.2765564171523627,0
423,-0.5511663816085643,0.07435663301494387,0.457594760008033,-0.272473467911971,1.7404807185691795,-0.16437921360701238,0.8801441288083264,0.1425757460445499,-0.25528144570376693,1.0574652271819611,-0.9785854873885147,0.1784242496584342,0
337,-0.31688312403108193,-1.627145509654163,-2.652592866001609,1.263497409534855,1.8328968621667376,-0.16437921360701238,0.48428074782376795,0.14692814958172895,0.1234480247195141,-1.6822841104928963,-0.9456377493744655,0.2963258722197235,0
246,1.0888164214338127,-1.5294005471079066,-2.800464103600048,2.1200514484405084,-0.5530878743692133,-0.16437921360701238,-0.400749642729294,0.19121667080380095,0.07605121208681113,0.15797049967353366,1.4195606673773056,-0.5685879983355012,0
281,-0.0825998664535995,1.6830390007220217,1.3524768905705742,0.36929996883882105,-0.24605818183351824,-0.16437921360701238,-0.6396289772599941,0.20878891932342183,-0.30287645873011276,-0.6445103794342564,0.3607730291041519,-0.42663047219678285,0
528,-0.8440204535804174,-0.7344783485014881,-0.6323448088779486,-0.5656169887509664,-0.4706211833767619,-0.16437921360701238,1.6569449900393738,0.14807052906517398,-0.266303206893497,1.2492057182879999,-0.3800197663092116,-0.46204266402426886,0
293,2.1138056733352983,0.2110514804754197,0.28084308657053236,0.7612541365908566,0.6530792422013106,-0.16437921360701238,-1.1303473238739998,0.189817604294421,-0.41295265317269403,-0.8038783997605012,0.3651163961902806,-0.5246980861767817,1
465,0.737391535067589,1.3556249223558288,0.7312649380412767,0.2817069329468004,0.24637663573252053,-0.16437921360701238,-0.3107578781001576,0.19539736979899125,0.07153069827906976,0.635199425622269,-0.29567903415536884,-0.5626981963969203,1
286,-0.8147350463832321,0.3402175227976926,1.1195953901554172,-0.1566552547409142,-0.07406111035951768,-0.16437921360701238,-1.2277476446177864,0.130942902384467,-0.3062156538460051,1.6177262585766312,0.515453306796741,-0.19090812869022458,0
118,-0.6683080103973056,-1.0831391216481485,-2.3016260001039814,-0.2949754389580104,-0.7909077369203246,-0.16437921360701238,0.017853540259699326,0.11677285913038248,0.4142943126448251,1.685815519705863,-0.5129460849694246,0.29487906855274476,0
162,0.18096879832106827,2.1557632928289583,1.7639596388543435,-0.47345223505225764,-0.6830390925349802,-0.16437921360701238,-0.3039378113470953,0.10371219475219794,-0.40091922623745735,1.512492525472748,0.10244454681679302,-0.09487460489165271,0
431,-0.8147350463832321,-0.542301083644422,0.1669282663950097,0.33624640487806573,-0.10885482968578541,-0.16437921360701238,0.5671849140890559,0.21836418964763116,-0.3371563757891489,-1.8283100545247306,-0.5082849413013155,-0.2493004939100214,0
210,-0.8733058607776027,-0.8128839489234326,-1.3512146313396654,0.8058671494532564,-0.9295997641763825,-0.16437921360701238,-0.38134168772247806,0.19640611792500437,-0.1401142874688179,-0.864199208128144,-0.6286553236926935,-0.14335859190936273,0
136,-0.05331445925641419,0.03511501143849683,0.8291996925806995,-0.5706263374291205,-0.6907788084678562,-0.16437921360701238,0.15148822944356108,0.08925162575055148,-0.28740200164200536,1.2329670227031702,-0.3761415702271375,-0.323498494698045,0
223,-1.2540161543410118,0.28412942817743997,1.0108282131065773,-1.1767328601866345,-0.7011888701559618,-0.16437921360701238,1.311228571146037,0.16160029035771545,-0.16518652187162586,-0.11934314584656362,-0.9486858903316747,-0.26623192197254913,0
534,-0.37545393842545255,1.7087142321827273,0.5822015951695382,0.43654888110634865,1.826325768742441,-0.16437921360701238,2.085927030823844,0.02114680063954299,6.802073137665592,1.7339006769650729,-1.0297919989552142,0.2868781482345689,1
357,0.005256355137956422,0.2824034918988406,0.985060264613984,1.2846103257032693,1.264860919198585,-0.16437921360701238,-0.127950878603904,-1.5056522569195332,-0.4186300837479292,-1.8738571049241588,-0.673296137905189,0.9262115196379352,1
382,-0.19974149524234072,0.919964074493606,1.4224651680668838,-0.9590559866897553,0.8046728181838659,-0.16437921360701238,0.6674678880379313,0.14484871788456088,-0.34374438166672516,0.36747653353943793,-0.2989327029963594,-0.2950873783973032,0
419,-0.43402475281982317,-0.6461817779814696,0.16084877134356232,-0.40367972055893303,1.9922314590368193,-0.16437921360701238,0.11863057029698446,0.17968507307368695,0.5042933631850751,0.23895786887994014,-0.6693556550693537,-0.329589598144717,0
228,0.6495353134760331,-0.17019384576289412,0.5644906404687462,-0.937521176682987,-0.528855781669804,-0.16437921360701238,-0.7766770491979803,0.1389180629677251,-0.29808956870804987,1.3960924995231716,0.016205513210235764,-0.4226547118499194,1
412,-0.5804517888057497,-0.8864511740819822,-0.35405519027708177,-1.2859042942141656,-0.6303702974381719,-0.16437921360701238,-0.9856137481758326,0.19022197994334245,-0.287514296307471,-0.142863592021652,-0.43717124368768817,-0.4407059656846675,0
156,-0.22902690243952603,-0.7481081504123719,-0.15210342391338086,0.46635986813956387,-0.732472260061287,-0.16437921360701238,-0.4890436172343068,0.1769656420038848,-0.4119907164044876,-0.8231992929979374,-0.45712349639804434,-0.30055712319944466,0
511,-0.37545393842545255,0.18698519695690755,0.011314901225092981,-0.8171217539474558,-0.7968250038549071,-0.16437921360701238,1.1344990607975562,0.12160378359896727,-0.1689475067123394,-0.18526796661912873,-0.2350976331850237,-0.24276321666538922,0
107,-0.8733058607776027,-0.23787151533754472,0.4958992139720041,-1.1094103169342762,-0.6164949171599947,-0.16437921360701238,0.5730622635949271,0.18811964355410818,-0.28448954640097673,-0.10870449847104649,-0.26684305667425007,-0.12497903167913212,0
068,1.2645288646169246,1.8826673322708531,-0.45309893773790305,-0.27154391029111996,-0.9357563815082234,-0.16437921360701238,-0.7023728851271477,0.144697276213119,0.009223536849179982,0.9637687543145262,0.6978503515457706,-0.2605604425521885,1
512,-0.0825998664535995,-1.5437394342921376,-1.3350455183347105,-0.29610200425689753,5.464699753446546,-0.16437921360701238,0.6893954937680643,0.1798904461149259,-0.38371006598280144,-0.4811136962915271,-0.6847143738176162,-0.5201683521758967,1
174,-1.1661599327494558,-0.44379475687119824,0.3136952470905936,-0.17965887547902615,0.2033585653066371,-0.16437921360701238,0.199559654947629,0.20892523022462514,-0.19439138435984238,-1.2382335215967153,-0.8477723987102206,-0.28306953233568005,0
504,-1.2540161543410118,-1.13827278536051,-1.5398253721597874,-1.75785992545085,-1.0725791168182197,-0.16437921360701238,-0.4776054926668545,0.17827914532016964,0.4352180585261023,0.3857758871471196,-0.7934835530659675,-0.16877246977609955,0
011,-0.7561642319888615,-1.852366970294922,-2.1865368715196185,-0.38926329711916263,-0.491306599687584,-0.16437921360701238,-0.29085044529324905,0.14367492245286614,-0.026074363603548242,1.6263765797583793,-0.9360528145905805,0.1770070356435911,1
221,-0.5511663816085643,0.6511599177489021,1.2117600443029686,0.6208530790874119,-0.6413432759226045,6.292530903618045,-0.5180981731582907,0.19178768107007493,0.0005624760941468583,0.3309939326323232,-0.7733198336986891,0.10811978333061516,1
388,0.21025420551825358,-0.028673741244692564,-0.14594276333466122,0.25755159439686587,-0.3614895787462305,-0.16437921360701238,-0.12706807148515448,0.1765125247763579,0.28888921184559496,-1.214306423691678,-0.5765906963283993,-0.3468990112683568,1
439,-0.8440204535804174,0.9616012477810572,1.4765231109522672,-0.9638431110100489,0.8969992219384453,-0.16437921360701238,-0.030833130058064102,0.20267803645450996,-0.28488410086306853,-1.1456342648992686,-0.17042962080034596,-0.3049028106521714,0
434,0.09311257672951234,-0.5503760256163329,-0.5029857127111682,-0.8702837399992073,-0.33586940876375304,-0.16437921360701238,-0.9024038711085224,0.13993947478898136,-0.27583898333738804,2.1640214544212877,-0.4447113344193895,-0.3179569434154629,1
542,-0.6683080103973056,1.077463207317578,0.8469544807734092,1.163775939233199,-0.5327897459479003,-0.16437921360701238,0.2430740687469313,-0.10478486472782475,0.13161723028123204,1.794784009583241,-0.387776872706521,0.7229616652081083,0
310,-0.40473934562263786,0.09595622377394199,0.6112817746066275,-0.5209828782471454,2.982074201010473,-0.16437921360701238,1.9136171956827346,0.18951060000777076,-0.25758375751021567,0.7286094142639283,-0.497308122937471,-0.5199471480378041,1
487,-0.2583123096367113,-0.40364738691887014,0.46664170097125557,0.6308553509081636,-0.3843909048653392,-0.16437921360701238,-1.2547156165993645,0.21117344878858552,-0.357635431089778,-0.9009553613058355,-0.3210138056775562,-0.54573508967639,0
048,0.09311257672951234,0.9630845194381487,1.3227845130892648,-0.074210292880902,1.3196456141752506,-0.16437921360701238,0.37487319517773354,0.12767293930914073,-0.3725926951158981,0.3047936055657313,-0.5593929474507426,-0.1931294650986085,0
204,0.21025420551825358,-0.7066991338818001,-1.0235857344533987,-1.0663854842306761,-0.2919436800782871,-0.16437921360701238,-0.24049808339667716,0.18480896333498203,0.03366805138139663,-0.29473196587224776,0.46178454364861476,-0.32258200573659407,0
373,-1.1368745255522705,0.07282174896606268,0.6525201865826068,1.4833479589104162,0.7099443836579653,-0.16437921360701238,0.6544486818923225,0.4296641505422934,-0.0994314278688602,-1.9323829163325406,-1.1061854065941654,1.4159280865111208,0
510,0.6202499062788478,0.9916079380836026,1.3733021747226928,0.8779035611476084,-0.9552903355923522,-0.16437921360701238,-1.303132130521201,0.2689583544722034,-0.21928928703552034,-0.0860961355212126,-0.606612694387614,0.7177448545169988,0
077,-0.9611620823691587,-0.9659973419375686,-1.3802789382855085,0.11958289041432535,0.0010372807834282622,-0.16437921360701238,-0.6406684971277918,0.18514182332436763,-0.3283137933764051,-0.2948728529229331,0.24770372987709002,-0.48391224759872725,0
166,0.4738228702929213,0.19821626555456098,0.46395803456909374,0.10196634321886257,-0.501783078075431,-0.16437921360701238,-0.6804831087834077,0.1616786692934198,-0.418148944470725,1.013817111328006,-0.013414589379971314,-0.41471817030362873,0
460,-1.1368745255522705,0.5462623849901924,0.5478518281583423,0.6402887178525236,-0.812657238675925,-0.16437921360701238,1.1581533219130753,0.19107931389097588,0.22054856430780034,-0.8628163347860943,-0.44474076548879093,0.09471081716900707,0
443,0.3859666487013654,0.5131523958459424,1.2261011907641899,-0.8356861356579594,-1.0017629104884005,-0.16437921360701238,-1.451982346154917,0.19659835260751488,-0.4113580895728212,-0.5520568939400311,1.0093621748315018,-0.45075564742571356,0
392,-0.1704560880451554,0.2516168845425229,0.7883310350848567,0.45560686056681265,0.335968967727196,-0.16437921360701238,-0.47936881516229374,-0.20024480076437065,-0.3827301532260773,-1.1399175755782684,-0.7718541377017897,0.6498087561292996,0
242,2.0845202661381133,1.095031457983808,0.9484249624812573,3.7077248805263943,-0.8463451710341663,-0.16437921360701238,-0.7738981108801091,0.21300785353096835,-0.418038514903842,-1.6877966977149597,4.555961243132453,-0.6727991111900179,1
218,-0.9318766751719734,-1.0150325199187193,-0.5721087051251906,-1.0675339661368337,-0.9629981045752756,-0.16437921360701238,-0.9653158987235869,0.19135552566156028,-0.3597983101764386,-0.5821393479128802,-0.5842676105532226,-0.24639789223965336,0
398,0.09311257672951234,0.22158368926136468,0.8786441919837065,-0.08582293901647739,-0.47631431452265544,-0.16437921360701238,-1.6500939403825035,0.13438487922774323,-0.39627576754680377,0.9167110569345653,0.962985131595806,0.15411352742006396,0
545,1.205958050222554,0.7793090427386987,1.1378294966867157,1.171571693694451,-0.020237687692517718,6.292530903618045,-1.1897118484374969,0.18555837390538918,-0.4465597428825649,0.4907786902430064,1.2381459848502296,-0.6545419279072805,1
050,-0.6683080103973056,2.0994536376173922,1.1359001393562362,0.18382909952472712,0.31721287513315743,-0.16437921360701238,0.558644463838119,0.8640698645199995,0.7360927284986885,0.8366726173289297,-1.1259749271778505,0.8432425266688145,0
084,-0.5804517888057497,-2.0232427944346036,-2.598363113809565,2.1564823566916047,-0.9813388159229025,6.292530903618045,-1.3640657421597209,0.18554542696567813,-0.2969230009929526,0.5753215965811154,1.0111014551828459,-0.6750298519106699,1
294,-0.5511663816085643,0.15632732356257345,0.7123369390437171,-0.866492811988242,-1.0174550137174123,-0.16437921360701238,-0.833675293165868,0.16018291744226335,-0.35378078901962695,0.8412221891574114,-0.2263470002492943,-0.1996880895026423,0
245,0.9131039782507009,-0.7892455889753344,-0.49923955942070036,-0.5411931146437542,0.2795307306489827,-0.16437921360701238,-0.678010069647993,0.21409069712982198,1.41848756353907,0.038830686669738226,1.9111069302930168,-0.6777740706131485,1
211,-0.34616853122826724,0.029830058660314903,0.5219436312930746,-1.05039624758234,-0.6672520758181283,-0.16437921360701238,-0.01845943010566017,0.17286342766480492,-0.31092641839011376,0.8340748523455737,-0.4045557902095263,-0.23280936575003827,0
356,1.674524565377519,-0.3814224047617415,0.526192465476653,-1.087320676152066,0.09918516207837323,-0.16437921360701238,0.5907106146345423,0.2600104152401878,-0.4547750576630221,-0.2694315431443136,3.1025620123362265,-0.4909446769010626,1
213,-0.5804517888057497,-0.519876045705847,0.29715962089747994,0.25100976945786774,-0.8521146451900393,-0.16437921360701238,-0.6384773563199785,0.22552818583548187,-0.3436404223016249,-1.148886194543098,-0.5518069873668319,-0.4119726120018018,0
083,0.15168339112388296,-1.6067000408862393,-1.5303014881372943,-1.1451344081468955,-1.0241454695811947,-0.16437921360701238,-0.7856514672530633,0.19826046815230508,0.1935628625294314,-0.5602976840246432,2.0819079214199454,-0.5775586266112579,1
513,-1.283301561538197,2.487742019385527,1.734025220972193,1.3873191903883022,0.22382765028794172,-0.16437921360701238,2.8179079587092963,0.05669520045386336,0.8799987352855302,3.7181224562325075,-1.0935796588028994,3.209930123309612,0
178,-1.0783037111579,-0.8021450238053428,-0.699205874232079,0.48454507715011635,-0.1766480618164703,-0.16437921360701238,0.17150330966568153,0.16494248164340913,-0.33632554489763283,0.761787649610336,-0.7862940841387467,-0.3050868261820561,0
268,-0.6390226032001203,0.8567077490971999,1.058621001966097,-0.9584715955903442,-0.7835573148293423,-0.16437921360701238,-0.27848549386825455,0.14229027807766526,-0.29909024556916436,0.34333271746857363,-0.4371383488830803,-0.31673525799075125,1
142,1.498812122194407,1.4071400007698307,1.3498048886939287,1.3062281696395648,2.3028328633079798,-0.16437921360701238,-0.43896546854256163,0.02687706285393853,-0.4085959997970545,-0.8775889644776065,-0.5777519235968616,0.004946382531591999,0
208,-0.4925955672141938,-0.10692043006638502,0.8125149106440852,-1.3077535213065925,-0.9239472997677133,-0.16437921360701238,-0.7322213284955887,0.18542735020266105,-0.2617692400761558,-0.043962282767708666,0.7889479661516101,-0.4450954381950326,0
352,-0.8733058607776027,0.940914410771639,0.5218071220831692,0.132862867395325,1.1324894809967831,-0.16437921360701238,1.486761529172542,0.16766557135792062,0.614799708237744,0.27205414546409584,-0.5485132236918534,0.3585330612067254,0
499,0.444537463095736,-1.6062948925169023,-2.6440227422294367,-0.593506283984669,0.8958625867091466,-0.16437921360701238,-0.22582460173813115,0.1994038977324256,2.0848614355058825,-0.6979898932601396,-0.3421655021781932,-0.4331910911234278,1
143,-1.0197328967635293,-0.5850132913904843,0.283700721434487,0.7959706777051296,1.066338216785082,-0.16437921360701238,1.123715080354907,0.20528519757777247,-0.37983565489606536,-0.7076698842830618,-0.4912090035145266,0.14290791466206376,0
364,0.6788207206732184,1.9041918837727083,0.28975129070871364,0.784865930381366,2.4966570050074974,-0.16437921360701238,1.1863911808018068,-1.8785893021772764,-0.3971989501980657,-1.8738664194474968,-0.7904281384152358,0.7829298386204134,1
451,0.6202499062788478,-0.8481758427638459,-1.3744189118767127,3.259305196808281,0.6766949056110296,6.292530903618045,-1.202372568085041,0.16995974093707925,-0.22230346503411155,2.435989449205787,0.301102427702525,-0.29104547536131675,0
212,1.5573829365887777,1.39065516955049,0.5086817867826271,2.2499993837972907,-0.5782071890558732,-0.16437921360701238,-0.3503174166540809,0.19677724430699975,-0.4297231454233067,-0.16717821962281107,2.6993727811117973,-0.6473658134486976,1
177,-1.0490183039607146,-0.5655198731430504,0.0399395070775427,-1.4570179181421168,-0.5334054469468693,-0.16437921360701238,0.7515537012971066,0.15723879146091524,-0.29046424208752863,0.17151780326058794,-0.8511154289544398,-0.3998426652268573,0
273,-0.9025912679747881,-0.2556183305936472,0.6054143329623267,1.287593316267989,-0.6630176188691309,-0.16437921360701238,-1.1566092782654365,0.12468371128805525,-0.13877932338014923,1.4416606803978715,-0.281120080354784,0.11255434928235773,0
300,-0.8733058607776027,-0.58140630771398,0.3014134089463356,-0.8194740132724294,-0.751817599942341,-0.16437921360701238,-0.1636012854304752,0.1694446750627858,-0.3889050906916643,0.4260421854929304,-0.4327892772857588,-0.4599328136051335,0
362,-0.4633101600170085,1.0471796293777673,1.1583050920495939,3.2783416906690768,1.1949038992504164,6.292530903618045,-0.6311511170793145,0.07931102700739227,3.4610624272336654,2.689002917401588,0.5828387221857484,-0.23014261438775138,0
052,1.4109559006028511,2.2800943700394503,1.3159922122633951,-0.6553808423058823,-1.0930174849687837,-0.16437921360701238,-0.9288965641135188,0.1967363833947355,-0.40959174628273926,-1.179423512416031,2.5002974125011637,-0.4581062163111485,1
005,-0.0825998664535995,-0.6821299790626197,-0.064180871532559,0.7500455850466539,2.3151854498417888,-0.16437921360701238,0.05568612042160377,0.1822176558648552,-0.4168362456012552,-1.3161736560262902,-0.4556538490410229,-0.2963519675463225,1
214,1.4695267149972218,0.7654841424665738,0.6039565079633444,-0.4616367727356129,1.6558954825153243,-0.16437921360701238,0.4852340577882407,0.18635411514455996,-0.4205412177659584,-1.1382291580193815,0.45414053605849053,-0.39886049077857266,1
236,-0.2875977168338966,-1.1830096825782406,-1.6360444943375128,-1.0346336577129402,-0.13807313380794733,-0.16437921360701238,-0.6395822217169742,0.1279862344187095,0.7205762858011018,0.22733491848867174,0.21682160853519514,-0.011536706038079079,1
370,-0.7268788247916762,1.0486279699161958,1.1502410564188421,-0.7238498088790746,1.3054064986116307,-0.16437921360701238,0.7605548541058155,0.22402495206332754,-0.1799077825634674,-1.5159738947893322,-0.8944198636190003,-0.3386756634233415,1
509,-0.2875977168338966,1.7195346100955502,1.2245634944695791,-0.1674971139784091,-0.5083479811065267,-0.16437921360701238,-0.7242797101747166,0.14625677262173756,-0.31749815122479735,1.419577053453247,-0.7068173431659207,-0.29034264844554625,0
180,-1.0490183039607146,-1.2947352121004627,-1.2464761336778056,-1.2395056038706682,-0.4401076084132281,-0.16437921360701238,-0.23882810219939357,0.20890339281230233,-0.39020289650213735,-0.6401133762941413,-0.43260866892490824,-0.5225850409570156,0
024,2.2309473021240396,0.8495187532974712,0.532165060624782,-0.013228992311040414,0.8084142337578667,-0.16437921360701238,0.03321705186358268,0.2037112145307224,-0.43675604995104317,-1.161137765095469,3.4262624846441727,-0.481534015688807,1
330,-1.1075891183550852,-1.5696131111780054,-1.479111188067287,-0.09933577910540438,0.9995652845860583,-0.16437921360701238,0.5951953011961415,0.045118837379676306,0.8182268753935019,0.4825432672739082,-1.0479021332750615,0.27769838469364866,0
428,-0.6390226032001203,2.3828683260451764,0.8405183922329568,-0.21881297639792366,0.6213500550488876,-0.16437921360701238,1.2759951400688525,0.18002271063679845,0.49232640971617764,-0.16740228280861627,-0.24865935257624436,0.22404149144200616,1
326,1.4402413078000365,0.5147115804303516,0.9952789011517345,1.7758968811137612,-0.5217910215514759,-0.16437921360701238,-0.8297811333593917,0.1894438413835059,-0.0598698136063677,-0.18196683915158407,1.1067924504111792,-0.4819956404347186,0
186,0.3273958343069948,-0.7017798126601614,-0.09087985372910959,1.0914225689014276,-0.222275994236979,-0.16437921360701238,-0.5594679010626432,0.204176454769541,1.9104854580372148,-1.3595666037706635,-0.30063451709816563,-0.4791799668057523,0
433,-0.19974149524234072,-0.5772295488973155,-2.108860632171276,-1.111648702503244,0.4238664377282287,-0.16437921360701238,0.6103536255530699,0.1904657428186769,-0.35541962874183536,-0.5947418353640529,-0.5642058506170499,-0.1641226848839351,1
518,-0.990447489566344,-0.7150228769687778,0.038306314585857176,0.7549810416641938,-0.99378769194875,-0.16437921360701238,1.4703143579631812,-0.598412246983855,-0.3062921045039278,-1.8605450117218396,-0.8920201017182191,2.495070071191366,0
529,0.35668124150418007,1.4651580220973335,0.19166069360138438,-0.6718782518474559,1.681433255655539,-0.16437921360701238,-0.3503676261039208,0.18176539001891637,-0.343310715854003,-1.071358396228186,-0.6683627111368713,-0.31381207488331564,1
299,2.0259494517437426,-0.6239277070988584,-0.5179620766389079,-0.3967048215401291,-0.4987728835263387,-0.16437921360701238,-0.4283700998534392,0.1649631229819401,-0.4409445665776777,1.4190272210944561,3.882822023194137,-0.6188299746787707,1
440,-0.5804517888057497,0.34341734183817935,0.391511309596145,0.6260356299998758,2.267033558128069,-0.16437921360701238,0.9526162636956635,0.2080558684208255,-0.28477288954523644,-0.3629898840095107,-0.42398376961097983,-0.3175545379059036,1
222,0.2688250199126242,0.35682499750061386,-0.4650534135075734,0.6809836431265686,4.275503000491931,-0.16437921360701238,3.070717394155572,0.1623251391578427,-0.17029165465580942,-0.8475994143891947,-0.3060641059784399,-0.05127268292462362,1
537,-0.34616853122826724,-0.4106366641237485,-0.4340009407301582,0.26050200884390384,2.619527737867824,-0.16437921360701238,1.176172297410049,0.12999730425606895,-0.0905311880544107,0.5785763754931712,-0.9790276432179745,0.4357967978375011,0
454,-1.2540161543410118,-0.16401785625641152,0.7081459031620096,1.3034401014561816,0.6472379108715909,-0.16437921360701238,2.7701900988934014,0.13069996722065738,-0.1773464192996444,-0.7482416315407628,-1.133393236468389,0.4459162152955256,0
291,0.5909644990816626,1.3204692592507172,1.0651561241261545,-1.1650420871373217,-0.48220056624309887,-0.16437921360701238,-0.3064997253416612,0.14702157280770056,-0.22735165751331948,0.9446722911740222,-0.11241238335091452,-0.07411176983397601,1
150,2.7873700388705607,0.36844446771730593,-0.08198523474123195,0.7900708900188087,-0.18493379943977892,-0.16437921360701238,-0.8057397627746193,0.1835423611524694,-0.4439584590938875,-1.6635223614513008,4.505793525467596,-0.4502488700158346,1
316,1.7916661941662602,1.268922488503098,0.9692514052129306,-0.7206757955949964,-0.19143994661338526,-0.16437921360701238,-0.4458385810302648,0.19219459066038436,-0.35484397537554635,-0.107975285582097,1.0310401809677219,-0.5556745148435864,1
167,-0.8733058607776027,-1.4772402246322385,-1.2617057476085505,0.32074648636613307,-0.5295197950704779,-0.16437921360701238,-0.3782020569655589,0.13525468349593597,0.1491566850732547,0.997638807819241,-0.7756933772641146,-0.06544700860070427,0
264,-0.11188527365078481,-1.2841106117032817,-1.0963219787495888,0.9668931035815752,-1.006364609290972,-0.16437921360701238,-1.4257684592801287,0.17819025023768953,-0.436429242356154,1.0791495143899137,1.3661096362209197,-0.5995653960311502,0
066,-0.9025912679747881,-0.20047767526098065,-0.3406967733952372,-0.4651975383602595,0.020097096174317756,-0.16437921360701238,-0.219106650018979,0.18791044842313787,-0.28832887504929394,-0.858442631021928,-0.6473301610775078,-0.38187859665167484,1
149,1.3816704934056658,0.5368367185764228,0.8401491279174311,-0.5150585800360274,0.2127019394374167,-0.16437921360701238,-0.3726904966362578,0.19934950541353189,-0.36017217716147276,-0.8704700178353596,1.212020513352989,-0.4956484088160076,1
130,-1.0197328967635293,-0.9615686383521895,-1.3441390719058273,0.014985558799648264,-0.7693125396793898,-0.16437921360701238,0.11229774328089813,0.16933007235464143,0.05798594905574314,0.025857201882985393,-0.7075113617006495,0.19508002725096138,1
497,-0.8440204535804174,-1.1193601458881564,-0.898312057238041,0.15461711365403477,-0.31906496204945284,-0.16437921360701238,0.04059560608701054,0.16500549162641653,-0.023789152591843988,-0.557455491125442,-0.800394494320191,-0.1591005063642686,0
219,0.18096879832106827,-1.1589852770167288,-1.4271243659640296,-0.02092637154257406,0.6971742758989419,-0.16437921360701238,-0.5893038407220902,0.2089556080941103,-0.3968427986881345,-1.7497844320620906,0.3545934567681581,-0.3979201638416619,0
358,2.7873700388705607,0.3428472592778648,-0.36821045579339845,0.21010681455411842,-0.6630818855580979,-0.16437921360701238,-1.2330888219656693,0.19775304304832966,-0.4127344049471086,-1.500485230988138,2.0218102228452,-0.4788910877862626,1
343,0.3859666487013654,0.3745346116316979,1.184057364152569,-1.0771636206006052,-0.841669789763178,-0.16437921360701238,-0.14125184182110448,0.17881123552396852,-0.4301232295072676,-0.015150264743809498,1.4513103106950414,-0.3997066760895323,0
482,3.519505218800193,0.7307436432475355,0.35949500801406103,0.360928995432349,0.09869898103745472,-0.16437921360701238,-0.6043962718795827,0.1635829492198983,-0.1401213023842462,-0.3877880268363849,1.3012014137356336,-0.5625741662749706,1
078,-0.6390226032001203,-2.03057753106427,-2.7486459397207024,2.1566663960727026,-0.9867829119023763,6.292530903618045,-1.3177290632311933,0.1909320238562605,-0.41240988919641175,0.44140652188451457,1.0078473515588704,-0.6973192959534066,1
239,-0.40473934562263786,-1.5176517917180856,-1.6184794755784977,2.0794762899641843,-0.48972963292836663,-0.16437921360701238,-0.7699714696906763,0.18903779653121608,-0.3056781513909067,-0.2812467620505528,1.2425970173839045,-0.45969510482239756,0
503,-0.609737196002935,-1.3496838319571143,-2.5042253186145933,2.040664112963079,-0.4937725608133849,-0.16437921360701238,4.656076310228553,-6.2519677740743544,0.02453388482448129,1.0721966432870076,-1.0612428707027532,8.288455122183834,0
200,0.2688250199126242,0.15536730714788202,-0.49003085703790855,2.1591075083639724,-0.8797036113259272,-0.16437921360701238,-1.1784897086883634,0.21251355973961716,-0.39499837470876875,-0.6918447013650394,-0.48307694391771916,-0.4108876138806937,0
292,-1.1368745255522705,-1.4228095307497943,-1.5370852851196664,-1.5158165345650327,-0.8882663693911378,-0.16437921360701238,0.013913741343791313,0.20312827720813129,-0.3049824856588016,-1.390525090798814,-0.7400972466865096,-0.16388259038202913,0
384,-1.0490183039607146,-0.17149054974993863,0.17726258575408177,1.9270279353096331,-0.807835854898528,-0.16437921360701238,3.660266170810855,-1.0534179205859986,-0.11831664726663171,-1.4538804652878536,-0.8834236723102318,6.493665208214416,0
342,-0.2583123096367113,-1.0916479213759607,-0.36909577106592373,-0.11990981244165191,-0.13622480042568813,-0.16437921360701238,0.2175463571298477,0.15525610612055293,-0.4042682414812309,0.49622982665875387,-0.21078894140680063,-0.4775727685545665,0
170,-0.43402475281982317,-0.48472678943024505,-0.18092084008032225,0.02176688981850079,-1.101915937626938,-0.16437921360701238,-1.2036156341231448,0.36724464496465153,-0.3407074282065138,0.8064151985720055,0.24289601174179803,-0.12557669761945384,0
175,-0.34616853122826724,-0.2574804956941318,0.08096577508520056,-0.6354187108987791,-1.1568725310982457,-0.16437921360701238,-1.3075272369657167,0.19304190372416768,-0.09328755453059696,-0.4212215869888213,0.736160715371913,-0.45715896988219623,0
197,-0.8733058607776027,-1.701752474286603,-2.321505776848979,-1.026738102957555,0.2048268968695235,-0.16437921360701238,-0.17737066883197186,0.1673316753694424,-0.41185088880545895,1.3848134338746174,-0.8152391185606422,-0.4635836442599232,1
333,0.35668124150418007,1.687374982749177,1.3404545565849533,1.647124570237372,-0.7142705441376457,-0.16437921360701238,0.11830245009628244,0.1676721308711807,-0.2086223663783413,0.24227132038786292,0.02924183370711617,-0.07234206526734945,0
531,0.444537463095736,-0.5044864627894264,-0.4644656695478042,-0.8287670049597766,0.9499160512695731,-0.16437921360701238,0.038324753524631834,0.191746303311974,-0.42370578771750805,0.48425067733794414,-0.26373502369633217,-0.4714234714365809,1
147,-0.2583123096367113,1.877992252851103,1.3416768167645048,-0.29483265924121194,1.1417282000500153,-0.16437921360701238,0.24333862434471626,0.17114333184915265,-0.22072683124203593,-0.18930331338898193,-0.8504529198360623,0.07029942518064099,1
065,0.2688250199126242,-1.439049227215536,-1.24385441672725,-0.6602765869090106,-0.2455163775163298,-0.16437921360701238,-0.48703147287660375,0.17241942065147614,-0.16710014794834901,1.4098693491586525,2.93079745165904,-0.6229412407903862,1
183,-0.5804517888057497,-0.548467502109143,-1.0638731611929297,0.12223503032787543,-0.14519111936360898,-0.16437921360701238,2.262160448345185,0.11060397990908889,3.781425341958674,0.29634470679631747,-0.5142681052120872,0.16348520511192965,0
532,-0.43402475281982317,-0.2703238103852531,-0.3338145864136031,1.324698145037425,-0.6118400311267379,-0.16437921360701238,-0.058377919889239516,0.21280021850026928,-0.01736593963036329,-0.02675359524041884,-0.3683106303544138,-0.4504596480883847,1
429,-1.2247307471438265,0.7483356795836269,0.6187179406850567,0.13117581104538806,-0.646597614598217,-0.16437921360701238,-0.4047844724901435,0.13381839588320238,0.13136492724045298,1.260717691869114,0.08280810927443785,-0.009723756785421114,0
456,-0.0825998664535995,1.475286148414239,1.3904966935723921,1.3517818743757732,-0.8251907070905451,-0.16437921360701238,-0.3742770488865295,-0.7721724843711996,-0.3892533065724624,0.6394187320155051,-0.8020025939754483,2.072306900656078,1
408,-0.0825998664535995,-0.0249516802789816,0.47789528338967835,-0.7338981016634197,-0.05894106996984185,-0.16437921360701238,-0.12484543556937346,0.16443614782511898,-0.3310699495844723,0.024352380525333117,-0.21713191566317291,-0.29299715948266786,1
160,1.7038099725747042,-0.8494583303041784,-0.7429770269081539,1.7635442940397614,-0.2086234403751461,-0.16437921360701238,-0.08895838472390172,0.1714246152118504,-0.07831058067362076,-0.08151012964747567,2.26049078326886,-0.6005052957152873,0
270,2.28951811651841,0.817053950420651,0.18905793091491863,-0.322706551829499,0.6706974754163544,-0.16437921360701238,-0.1146351323748466,0.19862912192675242,-0.055717109730844296,-1.543262391224032,1.589344221227243,-0.48531597736884646,1
114,0.7081061278704037,0.956242542655561,-0.11948876286905609,0.5303308272461665,-0.9293819203007581,-0.16437921360701238,-0.43767188567261006,0.20546819760103227,-0.42451261630478354,-1.782976607178734,0.7018835356301668,-0.30981101511339004,1
195,0.005256355137956422,-0.997220342407814,-1.2560279244699148,0.24170661319330317,-0.5891762560105849,-0.16437921360701238,0.6636584848518663,0.11552297220014456,-0.11740852036694335,0.936820518339179,-0.49958677548260966,0.30806582538140387,0
519,0.7666769422647743,-1.1173567887155371,-0.6377145478367277,0.2597156390417628,2.1699835556895306,-0.16437921360701238,0.21253246716897586,0.16710002990135675,-0.1579194403036897,-0.9082497168592922,0.7111687566727891,-0.47177923892915047,1
057,-0.2583123096367113,-0.6209647155877039,-0.04187586694551465,-0.886608295446889,-0.2379414278441602,-0.16437921360701238,-0.019878169787141874,0.13501630078668042,-0.38974018505273356,0.6938045486695102,0.9024164047725182,-0.4290468833926589,0
247,0.2688250199126242,-0.7082508536603496,-0.17973407081274267,1.103129508882459,0.31145508193515914,-0.16437921360701238,0.8354796450241854,0.20048009626154117,-0.3455643541797189,-0.4985368294164491,-0.44534697087520675,-0.5745474936602403,0
092,-0.7268788247916762,-0.9027262012843001,-0.42427639867767863,0.8351849407577685,-0.9014032538572916,-0.16437921360701238,0.02727792640505888,-1.6153929997030634,-0.39666809463277086,-1.8255193429525713,-0.5068520603917052,7.341084244747434,0
426,-1.1368745255522705,-0.6144285272480347,-0.13141859228434033,2.188444533877009,1.1996813766261,-0.16437921360701238,2.459594000577453,-0.6900768095811011,0.17578882596551365,-1.6140232307602633,-1.0538655609470442,2.161299943557604,0
124,0.15168339112388296,-0.9265411656431909,-0.213503580687687,1.2628615582835667,-0.841996859188555,-0.16437921360701238,-1.1742451674090608,0.17715985351628089,-0.43207855771915965,0.5610024745713708,0.9595706464648915,-0.006391600550633501,0
355,-0.1704560880451554,0.14634437198659692,0.8370475830812116,-0.5137342405942583,-0.4741711917238051,-0.16437921360701238,-0.5277930617755654,0.17489511163894078,-0.28865225673114375,-0.11595112675685215,-0.2056876895258998,-0.4707211709892535,0
279,0.8545331638563303,-0.9050003517323245,-1.6486492542648377,-0.5586115793166325,-0.22931009290391738,-0.16437921360701238,0.832278169503936,0.1612512019894971,-0.15454099393835172,0.07000993262108791,1.4400271638784667,-0.39995826527626077,0
311,1.29381427181411,-0.6604238620616829,-0.641064320310135,-0.17687842496230632,-0.37122480347467485,-0.16437921360701238,-0.5349299458146738,0.18827029842969528,-0.3597937880852055,1.0423149251618167,1.6656818020534732,-0.6917492929492829,1
232,-1.1368745255522705,-1.340730287830863,-1.0552598227311625,-0.6224159846577689,0.6491151266502982,-0.16437921360701238,0.14525889283168128,0.18700157851397337,-0.18198581060163332,-0.5113105845403262,-0.6963615886174783,0.2108383523216402,0
019,-0.7268788247916762,-0.04112907033317092,0.6131550206925108,-0.47311845021033655,-0.47086819707665384,-0.16437921360701238,-1.252056925011354,0.16503175783945984,-0.3104536259690193,0.41219288658334946,-0.08633117866705624,-0.24238212635672493,0
046,0.737391535067589,1.4674429283385815,1.2020295933989604,0.5061234316658643,0.7265004852919693,-0.16437921360701238,-0.5683597177108256,0.2078766677866289,-0.20299393433972876,-0.5247872336348663,-0.3502243144592155,-0.37274417485188693,0
038,0.5031082774901067,-0.586291679353321,-0.016437853502329212,1.1567557708956975,0.042694747955399154,-0.16437921360701238,-1.6412878465568836,0.20863031784517755,-0.44471301378328176,-1.6009680732679372,2.333252672541086,-0.5265733601182777,0
250,0.18096879832106827,-0.9383516128042365,-0.9581587711891362,-0.06853041181560585,-0.621652737601745,-0.16437921360701238,-1.145339311946307,0.22323077344321524,-0.4280082289965678,-0.7918176462258565,0.613624979194379,-0.6061082256754876,0
207,-0.6390226032001203,-1.7702509181063957,-2.582551472295014,-0.7425045322201963,0.19515788464591852,-0.16437921360701238,0.20774166359055085,0.16210750809336044,-0.31626033385320335,0.6408846371726126,-0.7895412703612071,-0.2847442218899526,0
449,-0.1704560880451554,1.8246550747299852,1.1368063312589858,-0.1498770273412121,-0.6243654033829132,-0.16437921360701238,0.9447674626452648,0.17344212340293041,-0.31965795725030066,-0.14076016191780433,0.191904903578545,0.11288217212644526,1
154,1.6452391581803336,0.4346714348358553,0.9385223390637746,-0.20302543698307524,-0.2708390211620684,-0.16437921360701238,-0.7536528191014464,0.19463445555270456,-0.4466006596507839,-0.6256697378060194,4.173354419481088,-0.6195255775252053,1
328,-0.7561642319888615,0.46057669673758483,0.12272680342153346,1.121501950952404,-0.523172030555582,-0.16437921360701238,-0.041901235438480594,-0.7827642707271603,0.3345024281503202,0.18791644216056058,-0.868540951362047,2.5644022277197105,0
141,0.005256355137956422,-1.1273786282311857,-0.6583610828253071,0.03631923292200285,-0.00016255440901105268,-0.16437921360701238,-0.5463630733033645,0.21332084890969782,-0.4287967191554371,-0.7746679989608715,0.2549583518685418,-0.5572182883566943,0
064,-1.0197328967635293,-0.6324367463331177,0.0698153460647183,-1.4532743510837831,-0.711731934597809,-0.16437921360701238,-1.016717786481545,0.16286834011677065,-0.3783669939498095,0.7171040567079962,-0.7431059403454163,-0.4393510763528837,0
353,-0.0825998664535995,-0.48533550024168687,0.0077177723280871715,-0.7624590119299829,-1.0799391953523023,-0.16437921360701238,-1.3482117644203577,0.14066393861210819,-0.4174327213407211,0.9544223357511102,0.0023875176410447173,-0.3155469320100595,0
274,1.9380932301521867,-1.8346883563583274,-2.5724626161512805,-0.9478479231380434,-0.8706264522257942,-0.16437921360701238,-1.0131268936215982,0.18215157466884377,-0.39127418533949565,1.055486399219784,1.1417008036437788,-0.563587304196076,1
075,2.3773743381099663,-0.8516976975920862,-1.1578172160764881,-0.13717483016597154,0.5020560713645086,-0.16437921360701238,-0.259653126145075,0.1747428970878229,-0.30837893369296127,-0.6592401886305037,0.5280340375289908,-0.46809515132462626,1
304,3.4609344044058226,1.9852130580556488,-0.35678902647897287,3.254474404070825,-1.1693191470321875,-0.16437921360701238,-1.22628485370706,-8.314227121745569,-0.4389010819758624,-0.707699206328564,-0.2567197866411152,3.439633218666826,1
263,1.498812122194407,0.3042573197035483,0.3905462589821701,1.6131521541631946,-0.5196880539180004,-0.16437921360701238,-0.5758442644118612,0.19976883368599702,-0.40181202730158894,-0.3064248535523176,1.0527825056467808,-0.6143097029173279,0
401,2.0259494517437426,1.5287587198943724,0.4140528886099784,-1.1308772310936928,-0.03330357578103751,-0.16437921360701238,-0.4033185931685128,0.15564832812183121,-0.4298314543487882,0.11273575498411821,2.1675750722390954,-0.5022558464951015,1
054,-0.4925955672141938,-0.3789538691195988,-0.2933945881889955,-0.3564283756716016,-0.521187978086653,-0.16437921360701238,-0.4742911341213483,0.16208539821017245,-0.18271811747489883,-0.19761962993432786,-0.8753885265973818,-0.46414692958329246,0
464,-0.34616853122826724,-0.13804779803527792,-1.116338091153396,0.9606120179330968,-0.5492635228603204,-0.16437921360701238,1.7586279131635063,-9.651330378936741,-0.02953331055254168,-0.17261739587809444,-0.931817565833454,3.4510960918865328,1
332,0.2981104271098095,-0.6498161067532269,-1.1592466689125547,-0.9754163365148345,-0.9089195216813362,-0.16437921360701238,-0.8380931597722242,0.16356652266016855,-0.37009677255300405,0.941029064578515,1.4103904125872564,-0.3451210240763692,1
306,-0.43402475281982317,0.24628444190163667,0.7627859938135536,1.0499068262694646,0.38727569573699433,-0.16437921360701238,-0.057903585046621235,0.18010668343601374,-0.26959731920417973,0.2614718635223119,-0.6663446899819467,-0.4861480028073223,0
188,0.4152520558985507,-0.38452222806890424,-0.2749278010469316,-0.9069668531508205,-0.5503570827952046,-0.16437921360701238,-0.6230415479682657,0.17211617205902752,-0.27134851469443594,1.0984244171678772,-0.22959738104385274,-0.5290532495426747,1
424,-0.43402475281982317,-0.2844503131779618,0.20051786884164352,-0.15975658595084619,-0.07244385382916727,-0.16437921360701238,0.6012153243821942,0.1432673657402943,-0.32701846452341216,1.2046487445487406,-0.3405372392812303,-0.4240996050149083,0
087,0.5616790918844773,-0.4788081894462778,-0.2894689230546701,0.6910476721461785,1.6483303702434748,-0.16437921360701238,-0.37356497562497265,0.19800935694430913,0.3031374387770613,-1.6675779052671802,-0.40685116098715507,-0.34205899628046293,1
199,-0.5804517888057497,1.9704871635930874,1.4695859834597667,-1.154150735019216,0.9990590864974088,-0.16437921360701238,2.6470651034683734,0.1884532857115866,0.030036233182424835,-0.8394062646385464,0.17459437878936312,0.535404502953002,1
374,-0.6683080103973056,-0.5948035445106727,-0.4572676494384679,-0.07741574908027132,2.9180990214477065,-0.16437921360701238,0.046218803932955806,0.18774673853310203,4.050638943065066,-1.3643687313793185,-0.9074239662543784,-0.1856434331863267,0
413,-0.7854496391860468,-1.9099964616454355,-2.42061941312156,0.5888244253186197,-0.8794971291118946,-0.16437921360701238,1.7324668755531805,-5.199161175650279,-0.2513472513341081,-1.7803986329530588,-0.9450529179878654,2.955509652030437,1
008,-0.8733058607776027,0.13405962302023672,0.12254122598798783,-0.9668179629589551,-0.4949894917825491,-0.16437921360701238,0.46646223488398353,0.080969856792298,0.33700824173331195,2.881616749224333,-0.43132407138974405,0.9603135077044619,0
379,-1.0783037111579,-0.7290183862431507,-0.32999068015939653,-0.741642430209644,-1.0440923500356674,-0.16437921360701238,0.24615263081297215,0.17058908783772314,-0.061225021262628104,0.34095411437995965,0.2596648054763856,-0.17044086497367048,0
490,-1.2247307471438265,0.22661431614777314,1.1272349836845028,0.5902760317479041,0.6039824190307728,6.292530903618045,2.193229412375339,0.1815132939730143,-0.10555464099704452,-0.38782688175516317,-0.9289219934824997,0.3564813646143608,1
151,-0.9611620823691587,-0.7599375120583524,-0.18715270931488817,-0.3839191310082434,-0.5845698980026891,-0.16437921360701238,-0.04173657800148083,0.19890932164727035,-0.37832029500252407,-1.4504000100807126,-0.01899709784726885,-0.3811372032749033,0
336,-1.3125869687353824,-1.0112587054104838,-0.24750045660508865,1.297138315942792,-0.275737630805643,-0.16437921360701238,1.127452974041601,0.19698167131204503,-0.26704839629577065,-0.8962592921397359,-0.9223645951028028,0.46747158990003607,0
444,-0.5804517888057497,0.14852024683892887,0.9101948090557472,-1.2995892717639717,-0.09266470757369369,-0.16437921360701238,0.30781293211023253,0.16320117197654793,-0.3665605872062298,-0.15325797245412184,-0.17868792238846476,-0.43494332064056884,1
320,-0.8440204535804174,-0.69082099464924,-0.19165238504198986,1.7856088290963343,-0.7578294758880003,-0.16437921360701238,-0.5415831693609083,0.1557505003235101,-0.20968526307119206,1.3791373438259862,-0.03850203931897357,-0.5739017042731767,0
436,0.9131039782507009,0.5875507012699728,0.27298629783712214,-0.695945774254666,0.3379099679687999,-0.16437921360701238,-0.9344416840288258,0.20644662237058628,-0.38616736734275275,-0.8773989944981218,-0.004837760256007669,-0.5698619282958493,1
252,-0.31688312403108193,0.734184773496574,0.4344508830149335,-0.08165327734548346,0.7053888299708765,-0.16437921360701238,-0.16093848491421836,0.13951276207209282,-0.24230369180813952,0.805874508090858,-0.4068509384624881,-0.006445391255655348,0
144,0.5031082774901067,-0.26814945865175494,0.36032341423800957,1.5630521962293464,0.39380015713993916,-0.16437921360701238,1.2727966363687913,0.20034202553511804,-0.4455596571669336,-0.34598285299018616,1.5057938822470949,-0.6754916180618116,0
445,0.35668124150418007,-2.1474495714478787,-3.3335106992196266,0.8532477744567909,-0.42746462944878433,-0.16437921360701238,-0.12256550426746535,0.0608372444385584,1.9591182007274701,-1.1315872293097577,0.07230055065664961,0.3307542360799873,0
322,-0.6683080103973056,-0.15981943068384818,0.140770749833944,0.5368691104028042,-1.0108295016004674,-0.16437921360701238,-0.9581551682930584,0.12623310017806907,-0.21001267972991627,0.7831244154061008,-0.21857666374705984,0.2533913942452027,0
081,-0.0825998664535995,0.5294292968828815,1.1483774120602261,-0.8791103261562082,0.313047162628597,-0.16437921360701238,-0.09184733099986975,0.16733411351197208,-0.3718202707743574,-0.4610082334226276,-0.12051834936065604,-0.301501354520044,0
230,1.1473872358281834,0.9801462103420001,0.4948508718818643,-0.7339221830627751,-0.3615794134159561,-0.16437921360701238,-0.49294385491692494,0.11471330527831133,-0.42648662705775964,0.398835895396561,0.707663562505521,-0.43916427014076426,1
060,-0.9611620823691587,-1.0218842514744793,-0.3181018805455064,1.1864972701092797,-0.7431018877045931,-0.16437921360701238,-0.6525679526494021,1.0578922248762466,-0.3038956265725658,1.3340121049977365,-0.4752526942822737,0.6699987930604727,0
042,-0.7561642319888615,-1.1587796180174827,-1.2505259347409794,0.05697407455288033,-0.3335080044683742,-0.16437921360701238,-0.03486074347203412,0.19951099104389922,-0.14816842726603457,-1.0040093935635366,-0.46682704369540534,-0.16652344731896015,0
260,1.7623807869690749,1.4856882518417864,0.4692228310876631,-0.4326888201462258,0.7586460843623849,-0.16437921360701238,0.555133388688279,0.2065930297569584,-0.35524680993667407,-0.17956941409545743,0.4691601725863353,-0.5632732588092366,1
399,-0.31688312403108193,-0.7931426175558599,-0.07062819681917626,0.6497106466096557,0.43240063348754526,-0.16437921360701238,0.9470220668328918,0.2001440697541975,2.9986767379001704,-0.767517798243165,-0.4646366171639332,-0.272314260526109,0
524,1.586668343785963,1.8794323855484532,1.716281810803072,0.22986908434212253,-0.17801362632203777,-0.16437921360701238,-1.161154298360898,0.22113926158864716,-0.42961156536523354,-1.6496115324254281,1.748538604224572,-0.5940313335481938,0
297,0.5616790918844773,0.08207123219619289,-0.10250304298843593,-0.7402599218276177,-0.2881869243262878,-0.16437921360701238,-0.13807209362862283,0.1369184372657506,-0.10920862683703235,1.9414390188606194,0.14589723008781394,-0.23384321096428115,0
481,1.0302456070394421,0.7737216336093672,0.5584173555187254,0.6493145867405137,0.8764565471858788,-0.16437921360701238,0.26336785021297904,0.10808431745301102,-0.4055268619075247,-0.3235372659943757,-0.0917221194835239,-0.46672885399063746,1
037,-1.1954453399466412,-0.6760269654575125,0.14271671072642841,0.26926959053529115,0.08950005162756726,-0.16437921360701238,0.9857777645791831,0.1583381792046718,-0.31538914278248315,-1.055662926630937,-0.5079124966196947,0.19022640113257633,0
346,1.4402413078000365,1.7520454919671924,0.8871611016553456,0.1409382023266799,2.046267788920664,-0.16437921360701238,1.0137320148456113,0.20535525969731325,-0.42700843192761956,-1.729952282259013,1.4004153526818248,-0.45397412917533,1
340,-0.9611620823691587,0.05457303518581929,0.6320227842976629,1.1462685245095858,0.4839782428445638,6.292530903618045,-0.4924208278454987,0.05851852405760704,0.0058875297015566755,3.2562671707104935,-0.7234327827305587,0.08086591216389077,0
389,0.18096879832106827,-0.1490264903105192,0.08670120812045014,0.956433687099477,-0.13607122519119327,-0.16437921360701238,0.31249087252191404,0.1933594339514567,-0.352431563755624,-0.1867929835939564,-0.15312583663567922,-0.2021244609813079,0
138,0.444537463095736,0.01960792448949679,-1.2213455753433424,0.489821353056629,-0.43751884821565906,-0.16437921360701238,0.43883670947425213,0.20609755540663477,-0.38214710319327555,-1.2598493231365364,0.5156481123422297,-0.39296859095284986,1
435,-0.5804517888057497,-0.7548722036491328,-0.892758183898405,-0.5153150341696228,-0.5206995627853188,-0.16437921360701238,-0.45257784903353765,0.10449135065404469,-0.3917466123133223,0.31476208607957745,-0.37067549013940876,-0.16461798552328866,0
261,2.28951811651841,2.416966186374382,0.8331536869276429,1.4736153915097887,0.5849800065871367,-0.16437921360701238,-0.534594916292003,0.2248844746489338,-0.4115892186028304,-0.7761624458211583,3.3844510643805785,-0.5199512769187759,1
237,-0.2875977168338966,1.0243181489260822,1.4507603169904106,0.17938516382830205,-0.9948374908797291,-0.16437921360701238,-0.9452602351915386,0.21118829167504352,-0.39372690800444926,-1.2228135536298452,0.8974440451292905,-0.4022691954854885,0
187,-0.40473934562263786,1.0758919552317685,1.4762677535085695,-0.6686536177668875,-0.3646263291182529,-0.16437921360701238,0.26455829099869854,0.1535639509405624,-0.3491132049247023,0.6212662766268193,-0.34794693720085174,0.08208636180742115,1
496,-1.0490183039607146,-0.9884601593673455,-0.59638154045391,-0.5790319101558372,1.012457204401286,-0.16437921360701238,1.1139517125311418,0.18377596286048473,-0.3468750319728918,0.15207588386266607,-0.7805310132587382,-0.07827825222360517,1
202,-0.9025912679747881,0.6700817893475679,0.8830029266681989,1.3768732081954191,-0.945195795528105,-0.16437921360701238,0.09315753510923128,0.1601931772048798,-0.2880777036050305,0.81334468777839,-0.27026976317238494,-0.3574878976184806,0
086,-0.7561642319888615,-0.2161649703835867,0.34545857421759446,-1.1001105140506193,-0.3495501642961157,-0.16437921360701238,0.666941558602919,0.14533796096847568,-0.16143256588534718,0.27067124970846296,-0.7350514863025284,-0.07045795540169751,0
198,-1.1075891183550852,-0.2980957126497227,0.4105256176574468,-1.070087976189873,-0.12519285602761504,-0.16437921360701238,-0.021233756449409367,0.15856740893455604,-0.05090396582660051,0.6802150922372513,-0.6735138835747898,-0.20548518861263224,0
184,0.09311257672951234,-0.27081811628755204,0.49979403331442224,-1.1661346441040887,-0.7007071746840821,-0.16437921360701238,-0.31397728544362347,0.18913338945711317,-0.40125135603879314,-0.05015867781660983,0.06684658717801163,-0.6014442897555151,0
521,0.35668124150418007,-0.6209491465459381,-0.8506126960629787,-0.7283208960796675,-0.28360569896953175,-0.16437921360701238,-0.45579623359333604,0.09126371287338558,-0.24054608202900404,0.1482907362535712,-0.49523374677015863,-0.4745516695727664,1
015,0.6202499062788478,0.4533463327637559,-0.6384961764480733,-0.9365117948016741,-0.24105390647332978,-0.16437921360701238,-0.32116911250316693,0.14270931443115437,-0.3172008659495427,-0.31683192012535866,-0.07737102268439663,-0.21207957942060462,0
522,-1.3418723759325677,0.25205333642973055,1.0497117472246176,0.24170418145096084,0.3249413096506403,-0.16437921360701238,2.11829087383626,1.2850636641509863,-0.038606866646950705,-0.3232076787593593,-1.102159730911723,3.5437396299308594,0
045,0.06382716953232703,-0.030364751340574554,0.7439532088732472,2.127947286042289,0.72891043320399,6.292530903618045,0.3816340690509753,-1.3696525086889375,-0.4262203616679213,1.2430325990379332,-0.8638729794473103,1.3295304056200683,1
090,-0.024029052059228884,-0.5724390199838392,-0.06491326087145313,-1.1603735164791527,-1.0034765510282488,-0.16437921360701238,0.13299187277621624,0.1670155784857067,-0.18275786071831804,0.7834423922765323,0.632802989250766,-0.2493359621295229,0
463,-1.3418723759325677,-0.40128883521218256,0.2797924163846562,0.27902899865626457,-0.7602469959379856,-0.16437921360701238,0.5318702277369664,0.16071254005132596,0.1316048314872663,0.5064926913828299,-1.0519229600933309,0.15890733108341162,0
022,-1.0197328967635293,-1.019619719225916,-1.1686441901518843,1.751236117236599,-0.4946920165250008,1.772693821560578,-0.4925274521178956,0.7463094569446116,-0.2516195502862718,0.30812372401600224,-1.06150169525188,1.941154112203779,0
227,-0.1411706808479701,-0.7415809344147777,-0.3808228539662446,-0.2771101741922565,-0.6759006832413049,-0.16437921360701238,-0.39513982690579486,0.17128854604518914,-0.41478639366737163,0.5918553464346915,0.53675596393126,-0.47854211505374955,0
053,-0.8147350463832321,-1.0815295344238618,-0.667963821591783,-1.0201200252022349,-0.7668106886982363,-0.16437921360701238,-0.25394067345889276,0.17144483834888216,-0.33695533844290704,0.3478523155466509,-0.7802511293583426,-0.2163355594162253,0
140,1.2645288646169246,-0.41178979437335617,-0.8312189858523398,-0.6229656979810454,-0.8725162279161611,-0.16437921360701238,-0.9592084470483794,0.1853655379944913,-0.3370149081769558,-0.8060775173620838,0.7391221158121649,-0.3760818810262138,1
280,-0.2583123096367113,-0.04668786199060246,0.6916042668580432,-0.25039184268520776,1.0954126808844156,-0.16437921360701238,0.03210361762101725,0.17835714557816856,-0.37308571229281173,-0.55839289294643,-0.5667186250686549,-0.20366397437901865,0
507,-0.8440204535804174,-1.8253125681421085,-2.1268178457007907,-1.18052222100202,-0.5553367491511695,-0.16437921360701238,0.6670690024422257,0.19155359385814713,-0.3682447981477671,-0.30729151843647734,-0.3528621629249288,-0.5908149076399867,1
323,0.005256355137956422,-0.9660960797675219,-0.967896124495134,1.7521436297832844,-0.6237610648929867,-0.16437921360701238,0.44542179218002226,0.1877866027673822,-0.21946201883698402,-0.047953338760603606,0.3642210386219164,-0.5602147170585878,0
240,0.532393684687292,2.0286835190813153,1.2129822636436702,-0.3039687533718665,-0.26026747605107786,-0.16437921360701238,-0.5363820432220862,0.4919691541827897,-0.2719144828931135,0.7647984977876415,-0.34671983505192633,-0.03468193499856111,1
420,-0.4925955672141938,0.43068496366258185,0.4245880111658949,-0.20425079693417583,-0.9191574292852518,-0.16437921360701238,-0.6957514407339122,0.18001048689355797,-0.3353915674255077,0.017350213602657257,-0.5855379578542054,-0.19812660278327487,0
462,0.444537463095736,1.5505855374582687,0.5133987483336027,1.0654038862639337,0.34172787359561574,-0.16437921360701238,0.08299337593719504,0.171428523242026,-0.24826318009936454,0.14483795950225012,-0.6910809709167657,-0.4763210557976261,1
452,-0.7854496391860468,-0.6043403090516685,-0.7785090490583193,1.242368105094728,0.8411428593402992,-0.16437921360701238,2.3109565515455848,0.06999164004640039,-0.12803624873194722,0.39639901736099614,-0.7153617565918416,0.44878728371665616,1
007,1.5280975293915924,2.0089424191364493,0.8897005909321364,0.010351435548916165,0.5564876153725511,-0.16437921360701238,-0.748350160598406,0.214953080283459,-0.42465642742431015,-1.7044380729003348,0.6435501142418614,-0.4436183491765475,1
347,-0.1411706808479701,1.7444504751392118,0.5278087523960687,-0.5886806061087251,-0.8165720568895231,-0.16437921360701238,-0.408258794276126,0.17020462048703058,-0.17812853470793807,0.019931788144119663,-0.5947136593683022,0.061840335285011226,0
312,-0.5511663816085643,1.5486107258927264,1.4951554851544366,-0.7493743102765436,-0.5034560176914802,-0.16437921360701238,0.38917076838474063,0.1718365282746545,3.618551219594183,0.3295437140563271,-0.18772462914872362,-0.12877782960333872,0
319,-0.9025912679747881,-0.8053774781950988,-0.36728092851381205,-0.45310249262329244,0.20377963480453853,-0.16437921360701238,-0.3438234692540511,0.17336831380615536,-0.20081332272214591,0.6775907940850667,-0.7662855490937472,-0.30322193979004286,0
455,-0.11188527365078481,1.0031315341415246,1.0449872319382103,-0.6969195605822012,0.7969204968898218,-0.16437921360701238,0.38191354683630807,0.13097001130129277,-0.3971286578792072,0.9702468958320212,-0.6229497865412801,-0.3170662564070293,0
494,0.737391535067589,0.9038620872817421,1.0851211006386872,0.43914786220495405,-0.7223173249425817,-0.16437921360701238,-1.2909718079156256,0.2184888895115982,-0.19021749802524168,-1.732251458358868,0.6967743847261827,-0.49250211152736956,1
368,-0.6390226032001203,0.7530729760729742,1.2483247536554647,-0.5068557057190624,0.5197094638270063,-0.16437921360701238,0.012671915531230168,0.18444312050718306,3.789038074902671,-0.4696417771935785,-0.5562403572866607,-0.3923071146983147,0
533,0.8838185710535156,2.0966125271308855,1.2988231560062866,-0.3413502231988782,-0.7851922665490545,-0.16437921360701238,-0.9324310817508611,-0.9977551934843881,0.04631164831338364,0.27180947151685875,-0.13717718203834178,0.07733740959593768,1
386,-0.05331445925641419,-0.1063675538918057,0.18294261782253796,1.6681527730109689,1.1973241054381627,-0.16437921360701238,0.6981709515680913,-0.5159749462141675,-0.4057600540410063,1.5699776821730822,-0.4999796701485967,-0.02408097546601766,1
376,2.143091080532484,1.3570723851103064,1.451354866463897,-1.487536011019303,-0.6498521465657037,-0.16437921360701238,-1.1777928550382115,0.17045665483229092,-0.43958479334192524,0.11727883715416698,1.7782991291134127,-0.534744955303635,1
544,-0.1704560880451554,-0.5876712829533542,-0.48860711843937915,-0.6917989323512489,1.7960028067861749,-0.16437921360701238,1.3065801195897204,0.20315566697428905,-0.39035209467097437,-1.0159033448483312,-0.258629179569347,-0.5211767741847428,1
470,-0.34616853122826724,-0.5700958398584957,-1.0158105960864847,1.3570782989543828,-0.40112016847128334,-0.16437921360701238,-0.7179325750361297,0.2124240093336531,-0.19983176018815688,-1.2158206842193409,-0.26107118592135403,-0.6809376433205101,0
072,0.12239798392669765,0.5271647256890858,0.6740584998291427,0.5001767111633222,-0.9096291961486631,-0.16437921360701238,-0.44622629574223016,0.21097139383984706,-0.06942491260492037,-1.6826278109335842,0.4006476199564225,-0.08419360032707982,1
403,-0.1704560880451554,0.9750770544436791,0.9010136823368368,-0.5776385773395877,0.10058202115557921,-0.16437921360701238,-0.23070077401873781,0.12963024264117987,-0.25583523643180495,0.8551279848846235,0.33867581581628664,-0.08599206793790637,0
348,1.118101828630998,-0.7627313110136285,-0.38015674457180026,1.9739064010805494,0.328758953758068,-0.16437921360701238,1.2404867268786297,0.174063262871485,-0.33485196203589124,0.18277820790939608,0.5089248792638464,-0.38301502502121804,1
298,-0.521880974411379,-0.24318169788554864,0.19063246723784033,-0.09501257559664214,0.5571864407314145,-0.16437921360701238,0.2152379947485989,0.13857405125470465,-0.04041131666511357,1.162630929782979,0.22109113445763226,-0.25445104615707625,0
235,-0.7268788247916762,0.5800590149439181,1.1708596907745419,-0.5731580527001262,0.8188264181040478,-0.16437921360701238,1.0799451199236514,0.2005936881398849,-0.22435932532422198,0.43356866646992537,-0.9172933866860928,-0.3583196587771992,0
056,-0.7561642319888615,-0.1380528492820711,-0.008819363726905834,0.2683589038449508,-0.7214918567771701,-0.16437921360701238,-0.41625247110976904,0.17748453984711185,-0.15445874108203103,0.19736265492493968,0.6698745843710765,0.4449638583257867,0
324,-1.1075891183550852,-1.8009650509424089,-1.9324762633081605,0.23380998502270206,2.2038364958894845,-0.16437921360701238,0.39185475983197265,0.18435182146544962,-0.0777740910788744,-0.887611826383953,-1.0393446437931924,-0.18950521324454792,0
215,1.7916661941662602,-0.3718841362633021,0.20032458514475884,-0.8255693678146736,1.336218745352132,-0.16437921360701238,0.2563157244116068,0.18068866867909156,-0.449763943939421,-0.3621883542420822,1.1169857026625154,-0.6067702161065184,1
283,0.23953961271543886,-1.7226895077861322,-2.426694556016266,2.504523317105439,-0.5767351957267004,-0.16437921360701238,-0.2724148577026283,0.19536641208814712,-0.0688696803828429,-0.15848824011995344,0.8852591882387585,-0.4886558214635253,0
486,-0.8147350463832321,-0.3196001271515823,0.2723825379873862,0.23644663107882294,-0.21875285838163258,-0.16437921360701238,0.2213147147573686,0.18620967722321177,-0.2690850403126662,-0.7600358674450636,-0.26579556284321554,-0.5717893515521791,0
387,0.5616790918844773,0.03204038208656299,0.40882153519553927,0.4841521713940156,-0.12669332010796197,-0.16437921360701238,-0.6623966836903723,0.14974600556314197,-0.3791292314242465,1.26762337035175,-0.22592239264845393,-0.03739330730375918,0
158,-0.22902690243952603,-0.7752864993705356,0.04167280939832218,-1.0081445010801044,-0.5957160122871248,-0.16437921360701238,-0.1512285655555096,0.17065269489903398,-0.08217275751238552,-0.28558993942676614,-0.4868262767099216,-0.43116688338739156,0
069,0.15168339112388296,0.6721700749904771,0.6570777300717592,-0.9921052858132972,-0.022195435700866812,-0.16437921360701238,-0.34562966852680066,0.130680842115067,-0.3509139419206442,1.4362582446196617,-0.25805094125637146,-0.33274556877191985,0
182,0.15168339112388296,0.9631067833141812,0.7896409685355785,-0.09628748865307993,1.728162054065038,-0.16437921360701238,0.41878538376435376,0.20272097728198396,-0.3428928643861841,-1.5253095561073768,-0.19553772290380167,-0.2534388291487683,1
003,-1.2540161543410118,-1.0127888683871935,-0.5564405166223878,-0.9657727036353948,-0.5974319277884026,-0.16437921360701238,0.3604036137695862,0.1656779766929397,0.05679278314688549,0.49657070576471246,-0.8113164600997071,-0.2802600036013532,0
474,-0.8147350463832321,-0.986177334613103,-0.5522834255946809,-1.3336316286380727,-0.6600001405480519,-0.16437921360701238,0.16346275190808982,0.18504970414478028,-0.20756030742542933,-0.12015606259156295,-0.5412648984759446,-0.17112438914675016,1
089,0.6202499062788478,1.0931467865457023,1.090028545563014,-0.9075331818999293,-0.5012774767080055,-0.16437921360701238,0.7484652479839191,0.17015211996230997,-0.17991513215224889,0.7906364755214129,0.000966978177172578,-0.11811171544076522,1
062,1.967378637349372,-0.08689948694554238,0.3130969416182063,-0.6730381262106606,0.32487308862759534,-0.16437921360701238,-0.8991549599923246,0.2366809520407333,-0.06591223433393849,1.1072297679126115,0.36956138282013945,-0.3677614180209054,0
267,-0.6683080103973056,0.11953843039596487,-0.23400247536374033,-0.7478469789965174,-0.4961433833999929,-0.16437921360701238,1.3242931060865015,0.14077062485161823,-0.013701893876042696,0.8200943932828614,-0.2883961267142059,0.09435923988209313,1
117,-0.9318766751719734,-0.8155168529145448,-0.7614970305850206,2.3334020234912316,-0.882021422680543,-0.16437921360701238,3.18081088560044,-12.507855740429285,-0.253380373927228,-0.18519405985055704,-0.8984653608280909,9.238199017185647,0
305,0.5616790918844773,-0.04271179956237927,0.5859874626841368,-0.786811041791887,-0.4508469333116757,-0.16437921360701238,-1.378038918099059,0.1468361626951392,-0.4000662874566054,0.8976606684414524,-0.49024382405401423,-0.37016615852784324,0
044,-1.0197328967635293,-1.5198179311185176,-1.4688389145571472,0.2352147433900484,-0.2804615670700637,-0.16437921360701238,0.644262234971321,0.19598553185439385,-0.32061743761187966,-1.421821194813406,-0.7197564714402674,-0.3499953671230866,0
296,5.3937712794200525,0.9453813868411187,0.6020947088041426,-1.0003853611554792,1.2351930672026894,-0.16437921360701238,-0.5342439701767278,0.1712976313401026,0.4204799506548595,1.4929103109095967,1.5326061255917887,-0.630847896982529,1
393,-0.9318766751719734,-0.392604132226958,0.07258077785285907,1.137096826282605,-0.23879601531285372,-0.16437921360701238,-0.1925897710981569,0.18594741697147513,0.0334647963547907,-1.5483470456740145,-0.9863824602584526,1.6785996637658895,0
289,-0.6683080103973056,-0.7446253382277546,0.07282279773854994,-0.9973767309451114,-0.4863912500060397,-0.16437921360701238,-0.38013070379417563,0.15737815142039,-0.3839038396441573,0.27210233213773477,-0.5595121361903178,-0.22403527836623713,1
375,-0.05331445925641419,-0.4887076594492083,0.08926399591915836,0.4929290972934801,-0.052886334387719273,-0.16437921360701238,-0.7049680918475346,0.16542542344269923,-0.2850849358352173,1.0459968331283944,-0.03272429497181512,-0.5350824043470728,1
335,0.825247756659145,0.8290476902012553,0.7560658646351445,-1.134047666478789,-0.9051660556870063,-0.16437921360701238,-1.144073190286146,0.16951530320885874,2.1117917290066237,0.7801362743050686,0.5162200730987649,-0.26396054160515126,1
103,1.0595310142366274,0.9461742771732816,0.9750784462635192,-0.7829610715717803,-0.38499344598471025,-0.16437921360701238,-0.7113984324319679,0.16747560493508545,-0.40818239299168746,-0.13505825396077034,-0.06373178419863282,-0.5274407465376774,1
135,-0.9025912679747881,-1.3629214585242868,-1.255365259301731,0.4370089587025684,-0.3008047752266088,-0.16437921360701238,1.3925093516550953,-0.031004777670670343,-0.36868792083515484,-1.403651263365964,-0.7170843774797448,0.1187041420954699,0
012,0.825247756659145,-0.8461076475923955,-1.2738066052462644,0.15503516739393822,0.9121490974679484,-0.16437921360701238,0.23296716498332026,0.15693773029457056,-0.317937157828926,-1.1616596610365824,0.03264243257487306,-0.3336975874553079,1
517,-0.1704560880451554,-0.20037026669742855,0.5736447388673377,-0.494619435918034,-0.008871947481482205,-0.16437921360701238,0.5631038667872992,0.32801854806259084,-0.025116234842460637,-0.15045889821572025,-0.659714019147961,0.03069996367309987,1
067,-1.0490183039607146,-0.9948066172327251,-0.10571502685216816,-0.8843256241671135,-0.443285944287966,-0.16437921360701238,0.25812451424357774,0.18175856551451,-0.4058767766656322,-0.7054359153858101,-0.6490715042111932,-0.38476027507248295,0
047,0.18096879832106827,0.05998782265550964,0.4591494047611019,0.48364286441685433,-1.1347985268819356,-0.16437921360701238,-1.5082109748977566,-0.05273332214123956,-0.39142816349751974,-1.2767681643393713,-0.5554321047947688,0.6285999840136661,1
396,-0.024029052059228884,-0.3729174926833229,0.19728591630990625,0.3496073809798536,-0.3538007972838932,-0.16437921360701238,-0.5046624098048877,0.22279461334079742,-0.4120933212603617,-0.5271842320903996,-0.6639919470084887,-0.4913720719508042,0
354,0.9716747926450715,0.319314630517998,0.26591356612336864,-1.0611947679943283,0.6190564733299331,-0.16437921360701238,-0.6568037441857825,0.17151695193203476,-0.3898882432241914,0.4893214919315655,-0.22365388609938486,-0.3401475739355454,0
020,-0.7561642319888615,0.13718567561488826,0.6998192317990952,-0.33353230556685026,0.42657691604980924,-0.16437921360701238,2.748607122658207,0.17393344738045424,-0.33029233163823596,-0.35013579855477794,0.03760096780210043,0.03246083299554332,0
501,-0.40473934562263786,0.05185390740819018,-0.2308014607315056,1.1084088596530874,-0.9404223015106691,-0.16437921360701238,0.2891093389986458,0.16467605875550437,-0.026393642651297265,0.40651900877893743,-0.6111787236888336,0.8812862418211173,0
127,0.12239798392669765,-0.3951604901673027,-0.7289608750644719,-0.6747392831175559,1.545978470599782,-0.16437921360701238,0.6087237997238704,0.1953448068627638,0.3415915957152034,-0.2846294782048027,-0.008601061519681364,-0.4793094566531316,0
163,0.444537463095736,1.0461747220756143,-0.12107465697556666,-0.4316841342587337,-0.9491430842254938,-0.16437921360701238,-1.354064284113792,0.17488426444477426,-0.17006865822839404,-0.05986093051438261,0.6191558352743907,-0.46507925900537395,1
410,-0.40473934562263786,-0.21089610693300023,0.32078124106890554,-0.8070126504990278,-0.4259625119068308,-0.16437921360701238,0.33680633650312886,0.13391713263775737,-0.2784110363934334,0.4823904236247104,-0.00039266453209958215,-0.16807898869172758,0
243,-0.8733058607776027,-0.5885845696697398,0.2388004208532128,-0.38433358370973814,-0.5880376861606432,-0.16437921360701238,-0.14690935389684687,0.17193986452951074,-0.13912158619465384,0.0864464029835708,-0.5976570699610106,-0.18578386028253696,0
526,-0.1411706808479701,0.466724616635547,1.0628309632717055,0.4794936846688929,1.198490727514209,-0.16437921360701238,-0.1469866936310407,0.21742083683925773,-0.40917310113401256,-0.4165959489140895,-0.7371342134602047,-0.42313809808124636,0
540,-0.19974149524234072,0.7306055075420358,0.39820553938892667,-0.5722288909769382,-0.3309583631223524,-0.16437921360701238,0.18999120489794885,0.06159524047168791,-0.15070021976634604,0.38465094535586103,-0.7663885367082088,-0.4664423633975811,1
196,-1.0783037111579,-0.4505824237824361,0.0051727874517109316,-0.8625904906721348,-0.4271584942265731,-0.16437921360701238,0.3178125200328282,0.15011636797276645,-0.16396138341715208,0.6984330348072129,-0.8725703856842214,0.2803993012457612,0
480,-0.4633101600170085,-1.5528972184307575,-1.5792715878387205,0.2978628151738386,-0.26802539531367575,-0.16437921360701238,-0.5568697064711776,0.19711742008038038,-0.030288500864234305,-0.41383136129864256,0.8751090099551915,-0.5557263485867345,0
441,-0.9318766751719734,0.5439041476438374,1.0743890575580766,-0.7166207618230166,-0.7368497351804398,-0.16437921360701238,-0.4509141052321753,0.16334060088303615,-0.22590940853292243,0.28583507599725644,-0.9034199893612762,-0.026085822910379537,1
525,1.3230996790112952,0.6037908375669437,0.6683636053022936,-0.077678517242008,-0.6136419120509842,-0.16437921360701238,-1.4176707853083192,0.024685556100683553,-0.3666665635199318,-1.1014164937444233,0.5483314573555583,0.04684242989692902,1
475,1.9088078229550014,0.4554797028500233,0.1675320983754116,1.2361889374386223,-0.5990112627697949,-0.16437921360701238,-1.2645558238177896,0.19530179089851663,-0.23449466929654272,-0.1991107066287148,1.4982035518655246,-0.7144388063336328,1
359,0.737391535067589,0.36537215511273147,0.954525875978036,1.7248509364335036,-0.4254794796357483,-0.16437921360701238,-1.9184910586917936,0.16573393315159568,-0.4347019140992051,0.7708233722887068,1.155866567745271,-0.5661459111191932,0
282,-1.1075891183550852,-0.8258657610514407,-0.8988783097754997,-0.03176954390028218,-1.1024749162415217,-0.16437921360701238,-1.035743345253899,-0.05111637981583363,0.15757661043616214,0.3885627531218922,-0.5493131507008815,-0.06368209843118393,0
422,1.5573829365887777,-0.009559780508427446,-0.4353131453430806,-0.3916365485746343,-0.6620652994836688,-0.16437921360701238,-0.5755981158454052,0.16917594523134608,-0.37621806601077973,0.788196600078223,1.476673842139449,-0.5210941556323172,1
484,1.2352434574197393,-0.34508674914547827,-0.5801976327060491,-0.3821624352001785,-0.6021410214990933,-0.16437921360701238,-0.7608484332338565,0.10496085105832367,-0.11188748298663177,0.40996095422885576,0.5361938581062589,-0.5008002220867082,1
076,-0.43402475281982317,-0.03962317094806233,0.7872825518352484,1.0789931047287693,-0.4659452062525162,-0.16437921360701238,0.10897256477930528,0.17373732510592968,-0.3595589251874357,0.39889523810126837,0.7079947938088058,-0.24425459806415403,0
418,0.9131039782507009,0.21707334256912386,0.41561862177604725,0.5504220296812642,-0.08781066370720796,-0.16437921360701238,0.02011465923794865,0.1771803517020274,-0.38176216800595025,-1.783554966243804,1.6209386149571823,-0.44778242924706685,1
369,0.3273958343069948,-1.2669439212665594,-1.251808209843849,-0.2656327820998162,0.3308455628233948,-0.16437921360701238,-0.7313867608680868,0.21211004496911193,-0.3853691223272899,1.429165223816629,-0.6654803369805423,-0.25913912113747795,0
031,-0.4925955672141938,-1.635677962657796,-1.2812732291859052,-1.1503490118775117,-0.3854012031166672,-0.16437921360701238,-0.6614802282403626,0.17422922517361458,-0.373797137990828,1.6196472740518324,-0.2859660751456214,-0.6699278344857553,0
492,-0.37545393842545255,0.4472876843854073,1.0041865139305035,0.4963500922834753,0.35302660871106295,-0.16437921360701238,1.7033391771301065,0.18937779192443852,-0.341729466961065,-0.5955629892888878,-0.5061259507607426,-0.29635581951175066,0
383,-1.0197328967635293,0.566703570202347,0.37461041901798486,-0.3757261298562703,-0.9068007202150198,-0.16437921360701238,0.5220450560958635,0.07937312169110718,0.08283361830842305,1.0843245708512463,-0.7475905869173202,1.1097845784439053,1
233,-0.9318766751719734,0.78301104208431,0.7424874101546051,-0.4679168476967032,0.866229998547574,-0.16437921360701238,0.8478713729842196,0.19477202596402526,-0.32213225300070103,-1.0815822167921072,-0.7834822008399163,-0.13756386053639832,0
415,-0.9025912679747881,-0.7857190365851909,-1.1735838958829032,-1.0649706344289016,-0.7249059585911946,-0.16437921360701238,1.0040661434468234,0.16849569047667035,0.6159177266693145,1.170391609510261,-0.4710599137656432,-0.3260658952045452,0
284,-0.43402475281982317,-1.380224822257387,-1.9613583493666913,1.6596234476087648,2.1115755455832566,-0.16437921360701238,1.147919684358782,0.1768846578428278,0.025665563434379646,-0.04336961088304315,-0.37627698398063664,-0.38643208097006826,0
153,-0.7854496391860468,1.6406033459773983,0.7841952689925618,-0.2573948659529918,-0.039661105332614806,-0.16437921360701238,1.019094760783766,0.17010371891619142,-0.11660029796257469,0.059648309534914914,-0.4235954306231883,-0.11828779453447728,1
249,0.21025420551825358,-0.7133008263263616,-0.23931597615938235,-0.7951874040103062,1.6342649475939255,-0.16437921360701238,-0.6466739529403923,0.17891087351698978,-0.29947032694962805,0.004357291429702166,-0.617644559613653,-0.15678358050318988,1
450,1.6159537509831483,0.9328149267486567,-0.5757670464616821,-1.1106374417754636,0.1144731237632084,-0.16437921360701238,-0.2350292283528032,0.20075522745576424,-0.06593967205615657,-0.2476723961100964,1.7925530962172767,-0.5513361380838476,1
029,0.9716747926450715,0.21898329955484594,0.9693999699251671,-0.9260838485694846,-0.5666743034807731,-0.16437921360701238,-1.166888744153061,0.17522518982661453,-0.4282736283573852,1.4564391146697095,1.1647376353755066,-0.337703382910104,1
485,-0.1411706808479701,-0.22523669713113278,0.5992143999083481,-1.0202507729524215,-0.43337876565560995,-0.16437921360701238,-0.6368358875390142,0.14260371453037488,-0.42743701359052566,1.3246065004467347,-0.3211473453144785,-0.5913199425245886,0
190,2.172376487729669,1.745609838035361,1.3369106533429747,1.7267574237744021,1.9544261600762485,-0.16437921360701238,1.1603710305871957,0.19683984763242204,1.1080557734073193,-0.005938347078950916,0.9950515637129894,-0.6457760470007713,0
145,0.12239798392669765,-0.6189357912837228,0.19617651763815505,0.3813823038325515,-0.9496232322810385,-0.16437921360701238,-1.040079711079967,0.14546986998528913,-0.4046942592931241,-0.728003360808873,-0.5932088993438355,0.9314155852855762,0
121,-0.2875977168338966,1.5082495957750555,0.2334723561842077,0.7238442385749856,1.1083016743829661,-0.16437921360701238,-0.14187430491088848,-2.3425699198144208,-0.16506444299067138,-0.8176906760872008,-0.9330406550070813,0.6954962268039192,1
126,-0.43402475281982317,-0.38426606729893564,0.22720483855546653,-0.91196642329282,0.5408556843325638,-0.16437921360701238,-0.06865857914179223,0.19173706980965832,-0.287859364960042,-0.2755725737669208,-0.17407811212699445,-0.42841328035468407,0
381,0.12239798392669765,0.7590604156601248,0.3366848399667932,1.6674109298954425,-0.8738767497682219,-0.16437921360701238,1.2597227959832267,-5.790626079289146,-0.1557685977806805,-1.981406411446569,-0.5283737179873146,4.651001639897457,1
535,-0.9318766751719734,-0.9100785491618486,-1.6353830331342902,-0.36007436989580405,0.010231626445756004,-0.16437921360701238,1.6312346579185346,0.10931301542174279,0.035069797801119455,0.27329913780804577,-0.913809457952747,-0.48672535537834066,0
321,-0.9318766751719734,-0.4281265510510924,0.14054328913007438,-0.14874143459066735,-0.32962501713622533,-0.16437921360701238,-0.6774441737667071,0.23251439672487947,-0.2320115794540469,0.3056441119239159,-0.9647567385846955,-0.032617407076814736,0
400,-0.0825998664535995,0.8816284945065409,0.7577592799661731,1.055538164974019,-0.7755877899063239,-0.16437921360701238,0.15470732559694902,0.188140386440384,-0.2938081981741208,-0.634995572560193,-0.2546828579139082,0.1422789560670784,1
176,0.12239798392669765,0.1625241815391252,-0.183435047459581,-0.8336416124527403,-1.0530866134550267,-0.16437921360701238,-0.8892138468797863,0.1952531766294364,0.08363980280120455,-0.6470295555095745,0.2701530328118558,-0.3788173921002254,0
030,-0.609737196002935,-0.47727781887958626,0.2773497914447792,0.5478511671140366,-0.8548904183558139,-0.16437921360701238,0.909192852346772,0.1961310568317084,-0.21324343130612783,-0.6522791115194121,0.37511471086498643,-0.4592750437363586,0
104,-0.43402475281982317,1.1469721252681675,1.2537114846852684,-0.04735539376735114,-0.8795494737395672,-0.16437921360701238,0.10884750823421459,0.16072373586770608,-0.31207498823709795,0.1728647790714238,-0.16481783000732722,-0.10553976400741577,0
159,-0.2875977168338966,-0.13775727549949193,-0.26382490231548095,1.5220566184847644,1.8073189409452854,-0.16437921360701238,0.07689821211957897,0.19409538398950005,-0.4210198343927488,-0.11097635657879187,0.0007435072017894461,-0.5215025460843167,0
404,-0.1704560880451554,-1.1606895527195904,-1.5797049171137554,-0.8989335995318323,-0.5597710330807248,-0.16437921360701238,-0.9250429402002985,0.1653009883823798,-0.34172295110426715,1.6954806148128032,-0.41146982091737955,-0.5397910037977195,0
308,1.7916661941662602,-1.1590254136589975,-1.6057092652828338,0.37295793993983045,-0.005894492635608141,-0.16437921360701238,0.6012991873937952,-0.9275989302863022,-0.2271917975367975,-1.696777531368186,1.3976352952717361,0.323082881548427,1
155,-0.11188527365078481,2.0137245209254604,1.4557490244183804,-0.31032978098645475,-0.5902970276970813,-0.16437921360701238,-1.0741074431594548,0.18561751575858204,-0.22420031585293462,0.3308031029070264,-0.4847099665724939,-0.48141486504574477,0
