patient_name,lbp-2D_glrlm_GrayLevelNonUniformity,original_shape2D_Sphericity,original_shape2D_Elongation,wavelet-H_gldm_DependenceVariance,square_glcm_Imc1,wavelet-H_glcm_MaximumProbability,lbp-2D_firstorder_10Percentile,square_glrlm_LongRunEmphasis,square_glrlm_GrayLevelNonUniformityNormalized,square_glrlm_GrayLevelNonUniformity,wavelet-H_glcm_ClusterShade,original_firstorder_Skewness,wavelet-L_firstorder_Skewness,square_ngtdm_Coarseness,wavelet-H_firstorder_Skewness,squareroot_firstorder_10Percentile,label
502,-0.8124742627306891,-0.666630730162538,-1.1734394345372907,1.074623524927622,-0.0005231266361374709,0.04228808040419957,-0.12128992621239497,-0.7069825133391243,-0.7508562765195032,-0.4423525152591289,-0.21861243625299848,-1.1836526687909026,-1.3551150090830946,-0.28331836644465375,-1.2577455011484808,2.2199793066761355,0
110,-0.9005214239846004,0.52152543938344,0.5035922312282529,0.7024827002021945,0.8879946695541534,0.5218879157608866,-0.12128992621239497,-0.6298458001642862,-0.261515824298626,-0.5777515305501467,0.4501283216111111,-0.7601103424972955,-0.7287728536862533,0.07078441571906235,0.8798860966426464,-0.3669579942177559,0
091,1.0658651773527508,-0.17888136132608878,-0.588749219358676,-0.058096304383876356,-0.4958612671665334,0.24080501207651128,-0.12128992621239497,-0.46760087383140875,0.08812546443318961,1.3677156595298312,0.1643917930021979,-1.3704613592423114,-1.3793884079522998,-0.9431733422077158,0.3833716744966757,-0.17457074454083452,1
131,0.33213883357015705,-1.4686251055594501,-1.218172167777481,-0.12100535129499956,0.6068633952717886,0.4033007456452249,-0.12128992621239497,-0.1436015038487688,-0.23284649578081315,-0.02055596737066838,0.09122438399673885,0.42538671126466615,0.4693486879830003,-0.5802780309960052,-0.21228349291508977,-0.622604761757863,0
459,-1.2820591227515492,1.30606728136523,1.3173301449446322,-0.3968818471056917,0.5956779896653354,-1.4086923418815585,-0.12128992621239497,-0.6054129397133166,0.6965348168807651,-0.8897236574443748,0.16902880459846864,-0.18331930109571787,-0.1646415181132483,2.327359490789783,0.31247731201258466,1.665646241736689,1
314,0.18539356481363833,-1.0365092943724672,-0.4276416007858536,0.27467074390471713,0.8683950536722105,1.2519815210172962,-0.12128992621239497,-0.6833084005831288,-0.6281245438138083,0.8100135089121643,0.07990222599242393,-0.9776110489525737,-0.9840234891455195,-0.7832591788503954,0.3219719311781832,-0.7592932486212477,0
259,-0.4896346714663479,-0.3648853667429279,-0.8986723422088988,-0.1859264833175264,-0.3036126895119148,1.8177307557857767,-0.12128992621239497,-0.22816571025551874,-0.8227477946965909,-0.45034710895609636,0.29984088793442387,0.06023399976627879,0.11539115309339389,0.05164375439771629,0.8932009336000362,-0.6080847215650219,0
366,0.4201859948240683,0.5346304805192806,-0.11284947605709812,2.448799501963327,-2.269562536917375,-0.2270504603671139,-0.12128992621239497,1.3029485318883363,0.28962721162600463,-0.3285827957631121,0.16779588964358497,0.6504226586588581,0.6949145513817333,-0.09834440660597217,0.34970521874334637,-0.1964675715314514,0
498,-0.3722384564611329,0.3861671588540654,0.44322915277035607,0.4899534585195292,1.4475408306196815,-1.5240573860686712,-0.12128992621239497,-0.702388009060054,0.4772372310987996,0.24534433324587684,0.1446496547540394,-1.1080846317729363,-1.121124417432122,-0.5994265443468977,0.3055277180263534,2.1584346117006254,1
448,0.2147426185649421,-0.45015508703424806,2.0450211983646542,0.5712516126723697,-0.7041902657105993,0.500869367754978,-0.12128992621239497,-0.5291503532268599,-0.7044138961885362,-0.2309099345433629,0.15637152911322655,-0.8813818339675973,-0.881808593558274,-0.15357787703708325,0.3321397843580546,-0.1714563806943427,1
010,-0.6363799402228667,-0.1767768864303914,-0.12824088083799268,-0.6225842129945538,0.04782382203929961,0.6457753023261956,-0.12128992621239497,-0.315286370839349,1.5734401861125087,-0.4623080288503375,0.17112279595876362,-1.0190267134961943,-1.025667850956861,0.22804226833373734,0.3432537236410091,-0.32553510710332706,0
467,1.4180538223683958,0.9003958588264483,0.9343784434015787,-0.061648170158944686,-0.6754985017121075,-1.4695931040008547,-0.12128992621239497,1.312392085551264,1.609109372841063,0.42062894200855144,0.1579227266069681,0.4244531624458608,0.44974191951952,-0.5993363770131418,0.2836586451486347,-1.0134303447642337,1
271,3.3550913699544433,-0.24231423076480302,-0.24597305823485843,-1.5018856616032603,-1.0946760497916188,0.5743125444161227,-0.12128992621239497,1.8273646705129678,1.3140264648878,3.429747979892439,0.1696549600066245,-0.9988472289960517,-1.005977254411504,-1.145789570234045,0.3729987795659049,-0.6613986896394666,1
275,1.153912338606662,-0.4467486803411111,1.6230101522698024,0.7234020811254768,2.4595816467467824,-2.2062743652039427,-0.12128992621239497,-0.6322332474203188,0.15517831046547279,0.8677350018749058,-1.553960594671033,-0.1984298972493722,-0.5387576879299711,-1.114320062179054,-1.2099725249593294,0.4867061235928386,1
523,-0.8711723702332966,-1.8155417114746235,-1.5143967588480993,0.6266941569350839,2.3765186812513006,-1.5120568564304893,-0.12128992621239497,-0.689212645073807,0.7657766451585951,0.04881464229417102,0.4279761195646212,0.058931302185093515,-0.5818578012350838,-0.8838345863302178,-1.0440179157783147,2.132794353239235,1
471,-0.9005214239846004,-1.1099691715679392,-1.3617236715585848,-1.2337619645947093,-0.09808917014637433,0.10908845164196865,-0.12128992621239497,-0.34463640620333585,-0.15915546931814367,-0.5405215777337126,0.14236807950414623,-0.34056331503075915,-0.3207498216291222,0.30431660561286905,0.23971011792732097,-0.12285232190236904,1
468,0.8310727473423208,-0.4324023871642689,0.31715185974590165,0.27291693665693423,-0.5294981533970058,0.5177657203544356,-0.12128992621239497,-0.5560601307582768,0.5108373202229376,-0.053168167676941436,0.15736630161315257,-0.730945505108368,-0.730755544625177,-0.20552350576875975,0.273427477190159,1.1634246492889357,1
071,0.8310727473423208,-0.5742334044643739,-0.5455100691180038,1.1928476041267608,-0.7162046633496103,0.29501807264672003,-0.12128992621239497,3.3074573605196145,1.769958179091553,-0.17995005223631613,-0.37372874914181226,2.2513847901512265,1.828144146851228,-0.9157232801365204,-5.242347295801313,-0.9356338164057728,0
432,0.6843274785858021,0.1818929742905099,1.2883420856880827,-0.840416278459807,0.47554460921708225,1.1826096976119638,-0.12128992621239497,-0.3304001586745297,-0.13187674438515135,0.4388463030822781,0.05241877417830611,0.03516828826099284,0.055134929970541285,-0.7912810682467885,0.16108107308843395,-0.8199818442472131,1
447,1.2126104461092695,0.29079276645849594,2.320719488884163,3.340176435354899,-1.3944766121442196,-0.2926167706886245,-0.12128992621239497,0.85883306392071,2.018726341465242,0.12569795356657082,0.1640888545226096,-0.6883992536145349,-0.6859669489765303,-0.45615906320268435,0.2968664588780519,-0.9698852379324646,1
105,-0.7244271014767779,-0.4816446744904286,-0.6704873669842053,0.28646961578605884,0.24488962709316717,1.5209694685221522,-0.12128992621239497,-0.06604654082998802,1.9503591946344594,-0.5474840545364643,0.12648372418787082,-0.46646509603431197,-0.4596019550235974,0.27997349211219236,0.21121734187029237,-0.5738280974749419,0
238,1.6528462523788259,0.7656233376574273,0.18556929988877102,0.016180169685405452,-1.0142805461580038,-0.825952918902661,-0.12128992621239497,1.7922620610692526,-0.892664742874753,0.00414345430594954,0.17894982964124134,2.343204094824103,2.452521550033451,-0.6845667754577751,0.4383988632367362,-0.8212920521117968,0
539,0.9484689623475359,-0.580707701422856,-0.49709514294858176,-1.0170517500079685,0.2954880746952545,0.25746549166923927,-0.12128992621239497,1.5974018868913737,0.7864189730401029,0.4078201834412638,0.22520513653119034,0.7380809299236645,0.7876739038484558,-0.8213628278777736,-0.09378756111393088,-0.8707160342061688,1
257,-0.5483327789689554,0.30317460318710127,0.17850451471191192,-1.1092413651935653,0.3875565700663786,0.09342338657940724,-0.12128992621239497,-0.49030465520738703,-0.5061816312925267,-0.4809964912384445,0.1177839619170958,-0.6269707883172674,-0.6326305238465659,0.265137919652437,0.21395608047701595,-0.5971236201785697,0
473,-0.28419129520722164,0.3305174074622828,0.02559645764972894,0.06639410019674603,-1.4768690626004872,-0.4470166027122591,-0.12128992621239497,-0.018056870385033418,-0.32062516258717083,-0.5254574201345492,0.15861911166763856,0.027317609757259383,0.05394892074951507,0.6078992250570058,0.34921382614134083,-0.343865633096753,0
004,-0.34288940270982915,-1.1998968869171072,-0.9439664141710368,-1.2882004012973063,-0.30478294991990174,0.26696258430878095,-0.12128992621239497,-0.49134229412307673,0.18979018583362203,-0.07868370958222708,0.17027994123432363,-0.6217697416584592,-0.6157440259416209,-0.1901054070914113,0.35160970364955274,1.0696846597676608,0
395,0.9778180160988396,-0.6041378590741772,0.6313319549064914,0.9664177213676509,-1.5719582024756402,1.0550456651841549,-0.12128992621239497,1.0324085059693822,2.83297364468989,0.14238875569084736,0.17161102330572997,-0.967903059226206,-0.9719264218685052,-0.5055215116969786,0.4019219332949175,-0.8916484270662307,1
276,-0.6657289939741704,0.1642400631352169,-0.19071112764352807,0.3182552310030493,0.7556245241386669,-0.3614770572946298,-0.12128992621239497,-0.5181207957926662,-0.7430243738482905,-0.4617035511135761,-0.19020990657788767,-0.7711761105544798,-0.7939327623718583,0.2885023759821511,-0.00689173567599499,-1.3509715625869723,0
017,0.6549784248344983,1.2691212274007349,1.3746489341537187,1.6987909461978261,-1.1301860954627674,0.5788172266023189,-0.12128992621239497,0.18399977919072072,-0.5540694733868284,-0.4989614455372604,0.12849052725996427,1.238101678723212,1.2997870663671411,0.3636703265049136,0.2883722958515283,-1.0206912285995156,0
493,1.5354500373736109,-2.453437952856129,-1.444935142606638,-0.5303779695808785,-0.5259468467625623,1.5150413629543673,-0.12128992621239497,1.8091982121246926,-0.42525895657865576,0.26322046561354534,0.26742631305838654,1.3485044079693025,1.4216788303375771,-0.860638231001429,-2.305539958744082,-1.183076741130961,1
102,-0.9298704777359041,-1.6051886369503547,-1.2390316915857182,-0.8609685882540715,-0.37552906379028567,0.23840958550219718,-0.12128992621239497,-0.4756738442878321,-1.220122628958641,-0.6496777170746592,0.1499835706172915,-0.5216681142848568,-0.514772036449533,0.8911891629887889,0.2726604309868794,-0.2680742190289091,0
203,1.770242467384041,1.2749222275936154,1.738787117970091,1.2156242911147224,1.110251047407844,-1.7944955530389588,-0.12128992621239497,-0.6619747740706218,-0.11702633437851791,2.4290210444371105,0.12551827795655585,-0.32580761099158023,-0.30734519741203414,-1.083133244768964,0.34123228828777546,1.693227781856598,1
116,-0.7244271014767779,0.8935580710771468,0.49094079273547264,-0.5935329747273252,1.067297690364752,-0.7533617057835011,-0.12128992621239497,-0.7407199133527247,-0.8609720356072311,-0.5297228110566834,0.16582010490031512,-1.4122727254214056,-1.436743215599119,0.709320247117695,0.3386297535506119,1.8402275829425188,0
442,-1.311408176502853,-0.10146831093662174,-0.7118062194405396,-0.29919732042436387,0.31830844726489765,0.10332090999819,-0.12128992621239497,-0.6823794225225072,-1.3646286272404722,-0.8329889792679591,0.13689533515856941,-1.4719187439258603,-1.4976381712551625,1.8279228696345078,0.3326594926516689,-0.6387441084958478,1
446,-0.6950780477254741,0.26881524380131655,0.7380549361441153,-0.21285287821819504,1.983665738392256,1.385468134376626,-0.12128992621239497,-0.673356389431361,1.0957611673009697,-0.419879116946731,0.04820712974581257,-1.4870784675730495,-1.5278847875730863,0.1778030643257501,0.272306853539176,-0.4742342610687504,1
457,-0.40158751021243666,-0.4075486060323919,0.7183046605977857,0.11627169652578301,-1.4515731881902985,0.664340767761985,-0.12128992621239497,0.14211683996164118,0.498560920764346,-0.643834836624767,-0.02134291548562007,0.009654338367630666,0.023917175805192148,0.3245717638176251,-2.514570934112103,-0.7925269015989257,0
315,0.2147426185649421,0.5623243726192225,-0.19086589875365859,-0.31540127494081344,-0.09067227768682168,0.44647808491157653,-0.12128992621239497,-0.6499147811048067,-0.45210762983297476,1.1112745482058068,0.1611809247214191,-0.9014299454401338,-0.8968237290470961,-0.9108297816595354,0.3484481118455003,1.4744010651014823,0
301,0.2734407260675496,-0.09578832162806185,0.8361634025359401,-0.23405424763433197,0.6261295108109606,0.35711161395660795,-0.12128992621239497,2.3471766987611486,3.87183606500923,-0.5217294404682494,0.13725626547196862,-0.8081271249115801,-0.8117536674214346,0.7558676172633426,0.25624009881819526,-1.3593263019990496,1
192,1.5647990911249146,-0.8937821991641663,-0.7381078609848265,0.3094625206501383,0.2262050543192465,-1.3143239102044706,-0.12128992621239497,0.5045159983066385,0.5712667171976342,2.7495978827405323,0.15120512539894218,0.19164861849354659,0.21304276956196622,-1.0893172987880173,0.35285375930973256,-0.36419199297756316,1
515,0.2734407260675496,1.1252558331135323,2.343406947940439,-1.2850452602086018,1.8584288180593136,0.27989207362448276,-0.12128992621239497,0.17343248021005525,2.280027967135149,-0.35710683230939555,0.06792260535745584,0.16240743483476824,0.19356324589714854,-0.0996227330112324,-0.3568646822304916,-0.8906441854992703,1
231,-0.8711723702332966,-2.691924687616546,-2.1606852537416383,-1.1767930338680248,0.09323282105306403,-0.5728717827031138,-0.12128992621239497,-0.6827004517722,-0.8225671595761808,0.24788030549662413,0.16919275689535623,0.08796564595025318,0.12081422979269363,-0.6670813546958793,0.3569477963164665,2.1050730157326836,0
111,-0.34288940270982915,-0.5740533886281629,0.7595901393760423,-0.6190609521252488,0.6139766161092015,-1.2457505560510154,-0.12128992621239497,-0.7161454105327757,-1.3840769559864219,-0.1804836801589013,0.11348584748801512,-1.1227126848669828,-1.140873431086046,-0.13829091621608328,0.3357575690200397,2.311796794042214,1
109,-0.1961441339533104,-0.6260542887582244,-1.1985793539930074,-0.11088329348602541,-1.6726642454473284,0.5068446664494288,-0.12128992621239497,1.8102945778206827,-0.02799663024484982,-0.6082479776060417,0.16231941753204462,3.0517641112273495,3.1773454837319797,0.47639804758195914,0.3161353002563673,0.2621042502987565,0
295,0.038648296057119585,-0.8826939396666711,-0.4154422667792866,-1.1158656638292819,0.10783719979594097,0.34146201297485246,-0.12128992621239497,-0.03558926686291187,0.09096936084100192,-0.029887294267519456,0.08415281792453341,-0.01850057067106888,-0.00033076740230515435,-0.3480770348290138,0.16184614477977713,-0.9373414460062102,0
371,0.12669545731103082,-2.124849096706092,-1.330407151628567,-0.14651022823503454,0.4869080968485905,1.3881660689047324,-0.12128992621239497,-0.12908024523921613,0.6717388606704394,-0.3085767106909825,0.19194812109899267,0.5010565163234013,0.4600291887478364,-0.5302587162061376,-4.037354467625014,-1.2297581764804755,1
377,-0.34288940270982915,-0.3047124143377659,-0.6838124336895147,0.0010381323368544835,-0.4291882903814563,1.8529870831449915,-0.12128992621239497,-0.0549611757104646,-0.7618313541570229,-0.5001926280606879,0.5298084735782439,1.4537479522984744,1.5585853905202598,-0.30560713150493446,-0.23352209858130107,-0.42762087985924946,0
122,0.2734407260675496,0.2728548530303517,-0.13486748696010079,2.133921605875777,-1.3586776416773516,0.4956605564969504,-0.12128992621239497,-0.1286003607753123,-0.5260008986152686,-0.10316154388448955,0.1478495187558209,-0.19023856802286762,-0.1733529028359489,-0.3721560459889539,0.23366390981427726,-0.7394155750463521,0
201,-0.46028561771504417,0.8440377196717389,0.202116245514898,0.6789392641554836,0.7195019157551191,-0.3431850224607669,-0.12128992621239497,-0.5753906084588719,-0.7785827074903483,-0.23791468837526217,0.054388311066804126,-0.34043976055151465,-0.3333824995195466,-0.1363021779819608,0.2638091595299575,0.30423968145720465,0
495,0.5375822098292833,-0.22470270027570463,-0.413245893688669,1.0633211017890514,-0.9509341717902382,-0.5885799072485258,-0.12128992621239497,2.32668112205213,0.8879374501510315,-0.41769008983588823,0.18733592646655053,-0.06022095993659757,-0.04183912754724278,0.15008893063497572,0.4921628480155166,-1.3981634943680894,1
541,-0.34288940270982915,-0.27011097449557425,-0.2506975997425236,-1.1781466992964607,0.5955544347934898,0.7205676843389334,-0.12128992621239497,-0.49267788627423587,1.039553168861035,0.1814190773902091,0.21851687554948288,-0.9034246360297173,-0.9154010595923449,-0.5273359563460436,1.2292718907501847,1.2796850796526462,1
040,-0.22549318770461416,0.20897037753902153,-0.4501602437498898,-0.5500462737515679,-0.02586959519138059,0.4284617191835487,-0.12128992621239497,-0.21961004716869642,0.012776712851548244,-0.11520367629366024,0.15851774840343888,0.33070296939286425,0.36287251306368934,-0.45411838858225523,0.31851556410751547,-0.0752031408841814,0
425,1.153912338606662,-1.2820006288427717,-0.6748590658885543,-0.059366169486937514,0.23579965858941296,-0.4940231104851204,-0.12128992621239497,-0.4179900206139103,1.007121081466262,3.129178760270713,0.05495874198770947,-1.4163251983347953,-1.4627647131717891,-1.1145030371818552,-0.9502971665320689,-0.07192323882590067,1
427,-0.6657289939741704,-3.5663442705123076,-2.4237695461230615,-1.4604101415883721,0.1606999342652404,-0.09893938863839503,-0.12128992621239497,-0.3644174655541447,-0.2498481878078825,-0.061524553868912535,0.133442951990104,-0.522755269500696,-0.5200979294652316,-0.3935738304250177,0.25852511911290543,-0.34427628460146154,0
514,-0.9005214239846004,1.4418163578559093,1.5687070096587503,-0.7361253042089628,0.7906207990330552,0.20206705688647145,-0.12128992621239497,-0.4907119669238184,0.9128820961898134,-0.752927768304627,0.0861703891926639,-0.8994960979138397,-0.912432965799118,1.0872456335902128,0.11439827544753213,-1.042217964093431,0
331,0.2147426185649421,0.8894101422906385,1.0918912904421039,-0.8189254915079004,0.4716738935734622,0.00913018779919252,-0.12128992621239497,-0.13472742432218243,0.8371749129783851,-0.34653694355203746,0.04586054710993208,0.016345562918231735,0.02280522032744453,-0.02756857673294248,0.10678340824805833,-0.9426172561245613,1
309,1.6528462523788259,0.11592048365156785,-0.044329498315882385,-1.3789613090246278,-0.40917538503295714,-0.500628095331473,-0.12128992621239497,-0.52045536238412,-0.60056048800818,2.9943119358549906,0.1739684685255519,-0.5271991816105576,-0.5180458549932725,-1.1097471492593791,0.3970140321640535,1.7030128923428542,1
016,0.24409167231624582,-0.09250230839400093,-0.5459872464947,-0.11419812268419713,-1.960823544270544,1.4797880596094557,-0.12128992621239497,1.0352299146752366,-0.6449228758999369,-0.42999882215370655,0.125877781649477,0.6660685745221256,0.7074088033222654,0.04254421435604494,0.1777613289435058,-0.9695277970845195,0
530,-1.1646629077463342,0.6411671728259234,-0.3078054083015239,-0.5318417222184523,-0.275674814468961,0.7533878922044451,-0.12128992621239497,-0.6314307809715741,-1.0478709191970468,-0.7366976381740785,0.15481619869264726,-0.9624005088838015,-0.9697661792959458,1.4137885474641676,0.3697289644299973,0.31749087575312995,1
411,-0.6363799402228667,0.2369203893073838,0.4739339773352873,-0.755120212653385,0.5550858278835179,0.27752492963714837,-0.12128992621239497,-0.5058671945980561,-0.2604066133672296,-0.6591194263988246,0.0555462041688222,0.13822531043269212,0.15837324065549954,0.645697118571092,0.09106433084860133,-0.4111662526878396,0
350,2.5039688111666347,1.4165328363940042,1.3154411224410476,-1.4888008874380954,0.1312924621959209,0.970125489541806,-0.12128992621239497,-0.13127668115092334,0.8382605048645426,3.7249643940143504,0.14801150598231685,0.2759291545751764,0.31441615762858205,-1.1549361344999043,0.29054306876202013,0.2738424638978023,1
021,0.8310727473423208,0.758241477634418,0.5715298116600077,-1.06758376574996,1.393719939772513,0.5358656318895141,-0.12128992621239497,1.7263117630195577,2.874457603855338,-0.5289168269758413,0.07833529676003834,0.7010260238675494,0.7356223808752042,0.8612304402327822,0.04643849136252111,-1.3003631241807665,1
185,-0.1961441339533104,0.9784632393471416,1.184517683022053,-1.0060737251182144,0.34196216654637784,-0.0874955594266232,-0.12128992621239497,-0.6445914068347299,0.21387337503840054,0.141390715226305,0.15320429608662972,-1.6063797892078453,-1.6331368978975633,-0.5240498852344657,0.314137489882197,1.2879337766228875,1
334,1.9169877361405596,0.9217462684756359,0.8895931932638043,1.784824712384191,-2.274289477483946,-0.17522797753642394,-0.12128992621239497,2.6719225694323017,-0.17150684604174593,0.14654514423835682,-0.034544129404274274,1.3274979497693176,1.288144279839746,-0.9048000056831832,-6.716337988449121,-0.4782488437227098,0
391,-0.5483327789689554,0.7123102825463433,0.06405964963664677,0.8826836951432271,1.0627449111936986,-0.009071466182625353,-0.12128992621239497,-0.607552968540227,-0.6819790997022291,-0.21798437292997172,-0.0856560688451199,-0.6366469305134417,-0.644587447209876,-0.2627934136930554,0.14592388356807462,-0.4926170492499282,1
361,-1.0766157464924229,-0.5090667332513841,-0.9214855663530106,1.1756417553144154,1.7603376430778679,-0.08017945723481386,-0.12128992621239497,-0.6831155125925957,0.3245202658900887,-0.4188823134141807,-0.9754986106443526,-0.8547071668145333,-0.8875365128653243,-0.3701940079496206,-0.9456907463405049,-0.379585795863036,0
123,-1.0179176389898155,0.5168596674182228,-0.15111005546581052,1.790873404537875,1.8984725993474778,-0.7311007983267775,-0.12128992621239497,-0.7083140496885915,-1.428936247569185,-0.6578332944221146,1.9947608020262275,-0.4733994615344203,-0.46006063503355776,-0.2985517754855682,1.1031957787497018,0.36444879409912445,0
106,-0.46028561771504417,-1.130130891171136,-1.4344677528929208,-0.02545141409404548,-0.18455484970167102,-0.02657747504727316,-0.12128992621239497,-0.19768409668987047,-0.9949336794692845,-0.14590123168823504,0.13836996774752267,1.169204841730848,1.2234961408694554,-0.4448448161183902,0.2631704636792181,-0.03718580154453068,0
278,-0.4309365639637404,0.8159908137569966,0.3375759951812459,-1.499631481930445,-0.2490330496078595,0.1748984155028258,-0.12128992621239497,-0.1461944004705577,1.1879568367478819,-0.32117334620898524,0.15098583305779895,-0.4065858788587563,-0.3915037469596039,-0.06414432549026658,0.25457055236050524,0.04490104100433308,0
363,-0.9592195314872078,1.3543279850307695,2.243691316212072,0.5475218743027616,1.5420771809168128,-0.8188243760503823,-0.12128992621239497,-0.7321084735228996,-0.9973004678244554,-0.7849886663469335,0.5364706958434445,-1.5423591157618135,-1.5462042054654124,1.536193201539186,0.3884525557561179,-0.00400678526217804,0
112,-0.7244271014767779,0.10922986252357252,-0.5983178915493609,0.2088387139932272,1.0333579905571206,0.47373055776223544,-0.12128992621239497,-0.4257097894900341,-0.4507936733525244,-0.48404451221208894,-0.08018979238933449,0.8697992620378011,0.9256222865680624,-0.23843880173443793,0.021949575981735647,-0.47462243667185516,0
134,0.18539356481363833,0.17711636881633017,2.3551598029317704,-1.3272983618144074,-0.22290365307774462,0.19360804673068324,-0.12128992621239497,0.0059835701629191804,1.1024883729815627,-0.45453363898673116,0.1575644626367641,-0.49606525075901803,-0.4900254962918197,0.29236915467023294,0.3046295502257972,-0.4484716949761467,1
216,-0.46028561771504417,0.6902853299193371,0.3561007322854642,-0.9603856260494276,0.014094115430012643,-0.07613463757638177,-0.12128992621239497,-0.5519142835867148,-1.0899410860105516,-0.33082164528921293,0.1267864182023485,-0.5659644506360598,-0.5642884852022526,0.05863150275310532,0.24170056431514175,-0.1653523051777398,0
082,0.2147426185649421,1.2257830565448207,1.1835968846212517,-0.9532101856600328,-0.9019023236571714,-0.9166741542708303,-0.12128992621239497,0.6409195855836567,-0.7194729374358589,-0.7126470125311012,0.11787872185298652,1.766074362671005,1.8551624168328023,0.8137744255202563,-1.1745266363616147,-0.9953308733356693,1
119,-0.6657289939741704,-1.385054770794277,-1.3846857565350943,1.0493489720512321,0.41595593545574544,0.6670472366537266,8.479268477939144,0.0385416078114563,-0.17287612771854843,-0.7068451380144442,0.26797810815219586,1.3152331111336042,1.3602792041034846,0.32144728794374355,-1.8826418465372377,-1.3053860762560987,0
520,-1.0179176389898155,-2.4024420842418994,-2.0953575610088424,1.652046623716922,1.6246098608902972,-2.12183218704526,-0.12128992621239497,-0.6961817011972413,-0.770180323919059,-0.174050106157893,-1.2668543770522018,-0.2731754959532719,-0.29110498857050454,-0.7500393804254858,0.2424287331741228,2.22121597956866,1
108,0.7723746398397133,0.8995952027570653,0.6831223813272893,-0.5139987002481708,0.884878091793861,0.8958407423427273,-0.12128992621239497,-0.5831804032274828,-0.5453178014409441,1.0288198322362816,0.06611724471351234,1.1187813582611208,1.1839879723231659,-0.9792003438093472,0.2223102778960664,0.5421450740033062,0
338,-1.428804391508068,0.1284555011894885,-0.6749057273124048,0.3748919558960416,1.235680053294602,-0.6196931539461444,-0.12128992621239497,-0.7481747357405819,-0.504385943628062,-0.6858099989731932,0.15830188142380866,-2.3150523336341715,-2.3741887211801282,1.4818123808718784,0.37714023647038536,2.1481357032071573,0
325,-0.4896346714663479,0.6822176138656669,0.07486919932093536,-1.2158233005997316,-0.6546343820929706,0.42839561293457235,-0.12128992621239497,0.06170357763530032,0.6085596909678889,-0.5617305280705516,0.15256508893258636,0.6357519878275774,0.6790975191196414,0.4234839369006816,0.2973090879638761,-0.18960531298163313,0
100,0.2147426185649421,-0.026072806477579983,-0.4230420222541725,-0.4778623784530528,-1.5446555499220895,0.504650314977928,-0.12128992621239497,0.5555728429881227,-0.09038370741633783,-0.24169436185451107,0.1708682815170972,0.06459636895022206,0.08842474227306166,0.21120517805009442,0.3444686193986732,-0.3259657507219448,0
527,-1.2233610152489416,-0.30879545394558816,-0.5935865197708893,0.9994883743956666,1.2360725775270973,-1.5094172840207394,-0.12128992621239497,-0.47632668172643394,0.03294420058739668,-0.873048491438664,-2.563776905295135,0.9717460043481037,0.7787951824680438,-0.28343810085955623,-0.6757914077007664,-0.35298383399229166,1
088,-0.5189837252176517,0.8500150045562356,0.4436218066696588,-0.3123038682297511,-0.22362498803135686,0.3735915888180591,-0.12128992621239497,-0.19112354286023575,-0.48184956388470457,-0.6270396194150192,0.059398134872464044,0.8402652363480619,0.8833782741659902,0.466135986742015,0.0876023163167689,-0.8766120081058133,0
483,-0.9005214239846004,0.7939066015860434,0.7378306002931818,-0.6186533907258644,1.459311701877823,0.1542325958621164,-0.12128992621239497,-0.6422707443489095,0.21866686626721332,-0.5520733014028717,0.10260398277470488,-1.2506840000582022,-1.2823335234454034,0.3334194553217422,0.22211897243630865,-0.4962176965102247,0
157,-0.3722384564611329,-0.5341399063964982,0.5500678058595052,1.505649238961598,1.8371679457689698,-2.1626246447598922,-0.12128992621239497,-0.6253557362203441,0.6490845976504344,0.16408574380423965,-0.6622397648581287,-0.6686794803912212,-0.6452687807290656,-0.7544374610826327,0.08272509097215136,0.554027664553242,0
125,0.6843274785858021,-0.44940668878252676,-0.8687562837112951,-1.2571230934319648,0.06404777686128575,1.4933189345750004,-0.12128992621239497,-0.4743400622472427,-0.3338305330957534,1.483800524635278,0.15228421995721955,-0.15230422592531118,-0.13072236304414714,-0.9542981050611149,0.3005207375409007,-0.3255680432536104,0
406,0.5375822098292833,-0.9838513420311917,-0.7439558615773586,-1.2480323892736283,-0.4814616323806132,1.350995559611755,-0.12128992621239497,-0.1900584115009724,-0.742296776243205,0.4778315132775394,0.11441071723063355,0.09408964034011222,0.11791515857048192,-0.7576709404008372,0.15300673922817423,-0.6700620010224796,1
043,-0.6950780477254741,0.9525109479409001,1.050762008557283,-0.08376670996158424,0.6168130905939959,0.34812437406810837,-0.12128992621239497,-0.7488892818853317,-1.0447197326556803,-0.4419630865438452,0.19200322531550518,-2.881950762091058,-2.9387887310623255,0.4515257654399483,0.4596645107719009,1.6650737233385284,0
472,-0.049398865196791666,-0.3391833380330865,-0.8895769537734528,-0.2661715175017286,-0.8151626055136145,-1.3262496924046292,-0.12128992621239497,10.26225808700509,3.9791168875563243,-0.7697824433113265,0.18197245897275593,1.6238864343829433,1.853374382931422,4.640699338667416,0.40080777282758645,-0.6772415418709028,1
476,-1.3407572302541566,0.7767787882614314,1.0591519466164103,0.40347993259808596,1.0843144683387422,-0.5263591648149941,-0.12128992621239497,-0.7350309989753271,0.030611005630812583,-0.8450207977049159,0.13567427895116874,-1.061221749423575,-1.0778319529916949,2.343084405825352,0.3129211992958013,1.5107392163890843,0
001,-0.6363799402228667,0.736930891574195,0.06746653496732195,0.4559285686793515,0.15667743383121166,-1.6848906250437046,-0.12128992621239497,-0.5234036788819012,-0.6447094151956927,-0.4130715335456744,0.1577951474101314,-0.8310092064250005,-0.8403729316067703,0.07988875112129859,0.3636868888432979,-0.27759459545582854,0
018,-1.1940119614976379,-0.09580098222241475,-0.4078097199028233,-0.6053217873397875,1.4306334103117542,0.6100439476313093,-0.12128992621239497,-0.7186507442997507,-0.509832352325427,-0.6316328879728813,0.02837077295494704,-2.0324573001413895,-2.0906788780708063,1.1476763740430502,0.18600819223665283,0.5971508843931066,0
405,-1.1646629077463342,0.4245342380325126,-0.09079458001687914,-0.3134620017129127,-0.10151685071947898,-0.6418723288740914,-0.12128992621239497,-0.6235149766309899,-0.010957603917810052,-0.805125825710071,0.146211261333014,-0.4598715727345011,-0.45618102030701474,1.6065004861886831,0.3105415305704531,1.455148975494777,0
032,-0.40158751021243666,1.187198954013651,0.4639683608322177,1.4868525885805806,1.5712505854091292,1.3437293580570178,-0.12128992621239497,-0.11951548317439398,1.2896049229242494,-0.32264087582194945,-2.0948324118682633,0.6487742075845234,0.2804788032697243,-0.7930723481775318,-2.231835808059102,-1.0136024908384957,0
099,1.0071670698501434,-0.27136772962439104,-0.38542083837689317,0.10563377338252038,1.2960579551564455,-0.792821845062655,-0.12128992621239497,-0.41748177902885136,-0.33604158711859006,1.5529735337195607,0.018098455373048848,0.18982026218056894,0.20870471132461277,-1.0238760007682783,0.23469077554366807,-0.017251434478737625,1
272,1.9463367898918633,0.7142889296283939,0.37213994196564765,-0.5342759793839505,0.574850420922038,0.6371723485028744,-0.12128992621239497,1.4983620602759877,1.0144338617571578,1.2039055526591504,-0.040485251588779164,1.365819949722119,0.7373710782066332,-1.1841664535554268,-5.216147059757185,-0.8612416180319492,0
129,-0.10809697269939916,-0.17755256931220528,-0.6090838279505164,-0.4189762346873507,-0.2298830871959353,-0.4895944402232835,-0.12128992621239497,-0.5733302088221047,-0.3821323268299072,0.19339075650303816,0.17618540822792994,0.38688250702935656,0.428740868921487,-0.6319050761906461,0.42577377986347026,1.8819833357932776,0
172,-1.1940119614976379,0.963909899792483,0.22470431525260703,-0.7630568905488383,-0.406852012345121,-0.6588495990681412,-0.12128992621239497,-0.6441746619012036,-0.8958421188814246,-0.8791209429297958,0.16972058802996226,-0.369629402796087,-0.35952591383374155,2.433223912869378,0.3036827218818623,0.2034675162283975,0
191,-0.5776818327202592,0.43273906369351417,0.13875857939974323,1.0053092817920197,1.3882563465659188,-2.4843162892387505,-0.12128992621239497,-0.7098202078214129,-0.8957178504350052,-0.3085249012664233,0.11867438453109162,-1.0713763657025805,-1.0778990810969276,-0.18722288543487517,0.34258391535891664,1.930117867472015,0
205,1.0071670698501434,1.5450525920111804,1.7638024865665063,-0.5389616257432669,-0.7884826579397313,0.687457485765806,-0.12128992621239497,0.17547315277268202,-0.0026987443491100116,0.1943576845688917,0.15691234941178706,0.566748786225863,0.6063999495427576,-0.5855755736508409,0.3074418039534129,-0.20471686964960054,0
152,-0.13744602645070292,0.6814770075376889,0.16081204236033855,0.44761574993387476,-0.4628752979020517,-0.5135146771744232,-0.12128992621239497,-0.6218893806462279,-1.2058506454955709,0.037797830267311434,0.1650002868145133,0.8657968886431385,0.9202117374364888,-0.6589461011898666,0.3407710176120094,2.2867731270128298,0
217,-0.9298704777359041,-0.050904353408807786,-0.6968662040251744,-0.3207293220527304,0.5173963077373763,-0.9147565587944444,-0.12128992621239497,-0.5890054119845761,-0.5023934113539172,-0.5422528349329113,0.1870905846025765,0.42101704498844855,0.4638397447612291,0.14401519854456812,0.40214634296589946,1.456496604502998,0
407,0.2147426185649421,0.2292935111144283,-0.006927141366725896,-1.0312470456863514,0.8936309948252613,0.023220261883070345,-0.12128992621239497,0.2235139679131578,1.4354890474528352,0.3770333674687034,0.13327327153516352,-0.5263587929548834,-0.5214514499122734,-0.7027216437762545,0.2688720011462233,-0.6804879039854017,1
027,-1.1646629077463342,1.2753550408198888,0.7996917334606377,-0.547718256791313,0.0011453262014488941,1.3539858443931254,-0.12128992621239497,-0.6898349087310347,-0.17715717902772893,-0.75714544658143,0.12150456649999627,-0.6861356860231663,-0.6806960967657949,1.1904800979494892,0.26641748854322345,1.6560740614305842,0
313,-0.6950780477254741,-0.025138014137332087,0.8050941514882998,1.1656429333244482,1.1580965174516056,-0.6325223816150232,-0.12128992621239497,-0.6630798563171758,-0.6753688115432916,-0.5868968431828919,-0.7301952467833389,0.08511774610769837,-0.0061088822933204785,-0.36659578472712173,-0.6437832648211077,1.7202052406922306,0
224,-0.7244271014767779,-0.930710406611565,-0.7812908319036854,-0.9234757917945402,0.5885435773270647,-0.10375580710821004,-0.12128992621239497,-0.1201055753183665,1.2497253312297092,-0.4267758017633243,0.1169067935208669,-0.24577370241587573,-0.2405432226235315,0.17989474487752177,0.2618697912926146,-0.7599855182691936,0
023,-0.9298704777359041,-0.7906269318148745,-1.2962846964099113,0.07104274460041105,0.16022977086925974,-0.21602580150666217,-0.12128992621239497,-0.4253521204722932,-0.36076571527577356,-0.46278519681696023,0.12989413561237378,0.0783564958155283,0.09926851749332638,0.1238498522898128,0.34062819466859606,1.2788364100587353,0
085,1.7995915211353446,-2.1031163479621346,-1.7338879703764787,0.642197182966584,1.2791843485845142,-1.7959303111003972,-0.12128992621239497,-0.16420377693053206,0.1547952721428881,3.955673591567444,-0.014374109036955518,0.31519259065518246,0.3393438775688539,-1.176948137946999,0.16913965110369822,-0.6771126429233443,1
051,-0.1961441339533104,0.7160581657104608,0.3448963505546395,0.395005144571356,-0.9400036138496232,-0.826365180382517,-0.12128992621239497,-0.2724794282165457,-0.467359204781593,-0.6071505823575608,0.1530501433852863,0.9314888383925883,0.9825211009153088,0.5898761629359505,0.3499476736892898,-0.22635033489574824,0
070,-0.5483327789689554,0.6951133866366034,0.19036200116066251,0.10033625726333835,-0.5790261237398676,0.06338361277018581,-0.12128992621239497,-0.3703192446106883,-1.7069010264471947,-0.7313532963394256,0.07876338006563188,0.3171337227112516,0.34258460597774665,0.746042065803996,0.11980994357029968,-1.2671082586436424,0
226,-0.6363799402228667,-0.723139823182613,-0.9816855580800135,0.6567923183204694,-0.275911960780128,-0.4439498149574226,-0.12128992621239497,-0.6877295661412566,-1.0612783130678825,-0.4450975537815906,0.19146756121711095,-0.8536481988149652,-0.8523226699012649,0.08121287153401906,0.44569093885035477,1.6473658847917514,0
059,0.24409167231624582,0.6251189755565781,0.014774846836595495,-0.7818432335205625,0.0810454171847784,0.7139386037465715,-0.12128992621239497,-0.6382074673343882,-1.1892489104773893,0.4847646204899869,0.10672845384461782,-0.07041513046752784,-0.04703641203767669,-0.7838675244858548,0.25449658734210207,1.8138525332448532,0
137,-0.6657289939741704,0.6287425507503135,0.04512117460562647,-0.5618094287663182,-0.5747478737752274,0.25147021532337244,-0.12128992621239497,-0.4076188029675068,-0.42941276688034213,-0.6723297794880526,0.14358792505522092,-0.2257090725776943,-0.21372527998268825,1.083427928029628,0.26321504060003376,-0.3799646828395791,0
002,1.8876386823892557,-1.5947933147818585,1.2418223403328943,-1.2766229489841958,0.04183712288599617,0.9697324587964485,-0.12128992621239497,-0.22740696147596762,0.6192507685378307,1.8477087209855345,0.14740057082654343,-0.08900724463314226,-0.06820977057418728,-0.9904357146469048,0.38685581214811077,0.24841077391060157,1
248,1.6528462523788259,-0.6380939595713689,-0.8121778272910073,-1.2202931839623155,-0.820675987399687,1.5516199865884956,-0.12128992621239497,1.3770081336176296,-0.0987985081503241,1.1865213651234248,0.1902254738762078,0.8813181927935989,0.9300681809077471,-0.9633932409264804,0.19112896475021465,-0.8158862414201078,1
417,2.4746197574153306,-0.5318905762674943,1.4071799624940333,-0.9136358927036088,0.20251285013568152,0.4469990409462626,-0.12128992621239497,1.8399802479998932,0.791627708200539,0.9757902364752826,0.07274107094118362,0.9274607441437056,0.9734545633649153,-0.9038071691422388,0.1344617795931748,-1.2954737297214642,1
349,-0.9005214239846004,0.31977398977558474,-0.09099505324134463,-0.2807368787944828,-0.712942232761532,1.3083769211924658,-0.12128992621239497,-0.5817689086512745,-0.3288694301280358,-0.6070363133886013,0.14010314990937153,-1.200522673763593,-1.2138206005535601,0.7481824214492088,0.10605487168595923,1.2159274053047995,0
546,-0.2548422414559179,1.0443862148731875,0.7254205974429622,-1.0241240752567327,0.2859818902818818,1.7417898902268,-0.12128992621239497,-0.34555804298384496,0.617163895579492,-0.16135676417567363,0.06341644308888203,-0.47032801722433093,-0.4680498046372531,-0.2699220440053931,0.09955838840744878,-1.0027379436492192,1
414,0.18539356481363833,0.32717278234957525,-0.27646403262433367,-0.48755010860048853,-0.08400667809093208,-0.4475273564343736,-0.12128992621239497,-0.5094011247811305,0.4063115900862994,0.5328665032411376,0.14649626671344942,-0.6465293913707963,-0.6505895945315585,-0.7651951848434285,0.2958923692726393,1.0563696415138717,1
508,-0.6657289939741704,-0.03766876633508414,0.2214173531456515,-0.804772212264095,0.1887048424848766,1.8927744745378028,-0.12128992621239497,-0.5560183293345217,-0.9550009993726191,-0.6411647796095842,0.08115990932284187,-0.48029841483656055,-0.4757735411244254,0.5558850349179748,0.08921890199593106,-0.6701440911614667,0
093,2.3865725961614195,1.0919324863600428,0.5203454182556031,-1.1906718732257708,0.8229898904475237,1.5788109200268188,-0.12128992621239497,-0.5879536919493428,0.34124555703223197,6.520939709633923,0.11921281515338769,0.4362656273704791,0.4804653468057449,-1.2254882867588683,0.2654699298896603,1.0096877514237368,1
097,2.239827327404901,0.5361040027265154,-0.08725433714210022,-0.9651754459045164,-0.7157084544641459,0.5679758402773587,-0.12128992621239497,-0.28099867472011897,0.12899705260141667,4.663632276692889,-0.08337613573319486,-0.6973417196765478,-0.777731436542392,-1.1792955736597686,-2.7920864962891705,1.7216287297301516,1
506,0.5375822098292833,-1.2304945076434093,-0.16099514898899658,-0.5709039200794336,-0.2554164595311614,0.9622916734593739,-0.12128992621239497,-0.287912955673744,-0.033348059004725525,0.04872442757840126,0.09113370180433648,0.11791664736611909,0.14068521591815578,-0.5622396090977985,0.24105521764124702,-1.0363263718093594,1
461,0.39083694107276457,-0.44341303847806013,-0.4583878829328629,1.6624229406964055,-0.702885478921259,-0.10854599605288773,-0.12128992621239497,0.11214855484063557,-0.12124970016215705,0.1680643085503604,-0.26271327640420034,0.39963250486216206,0.33068913603158173,-0.8423511694032694,-3.9067918106974773,-0.6708278392804494,0
120,0.8604218010936245,1.0882492893409923,0.6345622313855734,1.1258595565130467,2.5540216711724626,-2.258756731333041,-0.12128992621239497,-0.7634245111364689,-0.6144582900584794,3.688204333974998,0.05021834457951025,0.2596720194077138,0.31134875351879704,-1.1343139657573982,0.36246375293208927,3.160195162446548,1
128,-1.2233610152489416,-2.047494175414702,-1.9644560703956213,0.2679833202257336,0.2377474591735418,-1.294586734181155,-0.12128992621239497,-0.06066388085767942,0.9679938387355856,-0.7381882563441882,0.18854393672305098,0.4827198556823527,0.5698490421866916,0.48497820695629507,0.10173023594128024,-0.7192170299982281,1
241,-0.5776818327202592,0.7187619105200299,0.12765505765925406,-0.7601905745286375,-0.7035145284695944,-1.0795464515659638,-0.12128992621239497,-0.5290521658369576,-1.218744224277067,-0.40302070387190064,0.18236227254371412,-0.7916935001647692,-0.7944724683057641,0.4990293930236837,0.3868379940027098,-0.1535029916876258,0
543,1.623497198627522,-3.275430027227207,-2.1901306276521115,-1.0741398026926068,-1.8745539074032906,0.8233647191758785,-0.12128992621239497,2.0351340099904123,-0.24084230182113708,0.7716505920975831,0.15655473829932914,1.1982731266329152,1.2581489327963207,-0.8630968132615625,0.29126028224394646,-0.19426590505609498,1
256,1.5647990911249146,-0.6697090342541914,-1.0566345469779654,2.3305572011312052,-2.3872954882716098,-0.12395629331938653,-0.12128992621239497,2.4396703687839403,-0.3924905195237401,0.3352743130675775,0.16940254179042818,1.0989218051569267,1.154018268605398,-0.5512609502877898,0.34772394814474,-0.5189290793043344,0
189,1.8876386823892557,-0.14536371715866445,0.03399183008926549,-1.1098662203504601,-1.3880892556479365,0.5786485981222063,-0.12128992621239497,1.5798168205545198,0.5865616775036846,0.7900255735563878,0.16957877201273355,0.5638072302524985,0.6087164477561239,-0.7794015264190799,0.3228951330885103,0.10466890736176454,1
101,-0.6950780477254741,0.8114499315883126,0.2940371018885869,-1.2054951977546142,-0.07062150308785037,0.5189703985696077,-0.12128992621239497,-0.4253701322793328,0.024930501133553013,-0.49194226587556694,0.13645561712559232,-0.6726364845035772,-0.6724083958007487,0.42211183477464453,0.2467581408153969,-0.17904717334115192,0
536,-0.6070308864715629,0.9260861159476639,2.3692769275400023,0.3173677939080755,1.0111649345728355,0.11942493529540035,-0.12128992621239497,-0.679697518680219,-0.6462632845900733,-0.5165367024243833,0.16377025079806337,-1.1667289661138573,-1.1701799581943857,0.3754783195863222,-0.15562146172242544,-0.19119882810659644,0
538,-0.8418233164819929,-0.3060482456264705,-0.7409739420798911,-1.0224405791953306,0.2449218892896204,2.0438980575148475,-0.12128992621239497,-0.5831162189176171,0.02479556836027002,-0.2910612087572098,0.1263233012065692,-1.511453273906907,-1.534696107653425,0.14819584133686534,0.3083877339731261,-0.35564712619260624,0
193,0.2147426185649421,1.0494143425689082,0.9772158979219997,-0.8795176845756869,-0.9308604523106571,0.9990203707810129,-0.12128992621239497,0.06095410431235678,-1.2405199265508429,-0.3858915225176083,0.7470503995669868,1.6281380187747645,1.6997848331543073,-0.46737379027738113,0.5117421707245812,0.8533208846172985,0
254,-0.9005214239846004,0.20155314853724773,0.01403505961792768,0.0863199167463953,0.2920027839025433,-0.7081154045306939,-0.12128992621239497,-0.4908665615551385,-0.25089285878866996,-0.7134641362716941,0.16063361662438874,-0.3769938272906714,-0.37233619858467104,0.8291702987273366,0.33072812444096794,-0.5120398579716516,0
179,-0.28419129520722164,0.3363076209173934,-0.3729387437841083,0.026583273607961495,0.4274273299988292,-1.1925744611987912,-0.12128992621239497,0.2981793634827574,-1.0805852905828235,-0.7080698997907128,-0.005659498161099045,2.51801687199704,2.3215234956238664,-0.9803582511772028,-2.207703083252685,-0.7497275198433035,0
165,2.650714079923153,0.14674359610193355,0.9535804754450228,0.21810060392093666,0.489630759285725,-1.6804899281023546,-0.12128992621239497,-0.5759590471209306,-0.2873617203517172,4.846577990719195,0.18886326839150394,-0.11584981846584182,-0.12030038177315354,-1.19956316485205,-1.0524641374492198,2.06335752758823,1
385,-0.34288940270982915,-0.6733095897303009,-0.5120077236727975,0.5907786304216353,0.7267220912974057,-1.3847902508082712,-0.12128992621239497,-0.7078479584211123,-0.9291494452117983,0.154003594528721,0.12504463814228636,-0.50452462431559,-0.4973837304573758,-0.5860365715383883,0.35086888566044644,2.1794660382288527,1
477,1.7995915211353446,-1.3344794866649619,2.498117038878887,-0.9251997104530848,0.19643217043342676,1.0370165271976317,-0.12128992621239497,0.02536312282287632,0.8212948038660162,0.768465244709083,0.1183704184005593,0.048154379016281404,0.07274753145443418,-0.8107763935523301,0.2609392473963347,-0.7517452813472179,1
244,-0.10809697269939916,-0.16787116757144957,-0.6491515786382099,-1.050397782715887,-1.1092473492261332,2.097290101348537,-0.12128992621239497,1.0267504686485889,0.3279381618025799,-0.4130255342892729,0.13590876842264277,0.6173163286879597,0.6582133016721475,0.053074005936631106,0.25822458383351055,-1.0549901719079249,0
113,-0.7831252089793854,0.5171945944504773,0.7332281931573585,0.725216803384917,2.0052533042878755,-1.2822137762463186,-0.12128992621239497,-0.39344683304362715,2.566919387035727,-0.5741700627963082,0.1300505736170392,-0.9222963904904642,-0.9415846911006838,0.44164398654080395,0.3069612437462086,-0.25329421075412145,1
466,-1.1646629077463342,0.5371363943229841,-0.16724010961927838,-0.5191448441611793,1.031537112539505,1.267253910650486,-0.12128992621239497,-0.6508623303607004,-0.6827196866414642,-0.7751316334895975,0.03790214939738138,-1.2333761576703293,-1.2554893577255446,1.0293443612686135,0.11818068065360746,-1.0274145966969441,0
453,-1.1059648002437266,0.6370175583509003,0.014326279389867108,2.0521202378588512,0.9881336024285429,-0.762055145383282,-0.12128992621239497,-0.5923264125297232,-1.02363678709572,-0.8561983032420498,0.015332710029653692,-0.2146662457041891,-0.21317922422809527,1.5166820571754558,0.21896084854035683,-1.3787500628864189,1
148,0.06799734980842333,-0.24404171834239569,-0.5807620566297952,-0.2108927520189787,-0.5465568768690714,-0.4573932791474689,-0.12128992621239497,-0.2520555166553344,-0.09171963557669255,0.2668550039875918,0.1665230291384761,0.28446336949506407,0.314143936694528,-0.5679933047439667,0.34507586187452116,1.100051119793083,1
345,-1.3407572302541566,1.3079196655925804,0.782553870052977,0.8970838453631521,1.6564657885826282,0.5194615625507782,-0.12128992621239497,-0.7271237324200805,-0.8247446057454529,-0.8630165068702467,-0.017207024915864382,-1.274132038991105,-1.301551427149415,2.4881212213201613,0.18877837421996138,0.20866365933944128,0
469,-0.8124742627306891,0.878677334142319,0.3083543574348572,-0.7056999931138084,-0.2849455710134008,1.1504115161583857,-0.12128992621239497,-0.5802980928099593,-0.7681022027367053,-0.6689186331584589,0.17966969179143383,-0.02059986055469088,0.005130047576255106,0.9562079153367603,0.3899035817677732,0.02411393045142509,0
378,0.038648296057119585,0.21093566892820811,0.3471609320587417,0.020471676518839556,-0.08085376324817262,-1.8150355720614781,-0.12128992621239497,-0.24672734681837682,-0.833111599395976,-0.20199623023312022,0.16346016142993794,0.47215523685809485,0.5074380798528556,-0.3077851143375654,0.4040562964412736,-0.06125750823549408,1
318,1.2419594998605734,-4.8755129975714935,-2.5399517774610976,1.8735440626985431,-0.624033775099934,0.010219565406224363,-0.12128992621239497,0.5293497490164482,0.9054295122869445,2.3320644081603548,0.15218379990109845,-1.0764968581410932,-1.087677720100921,-1.044119754266786,0.24013570756479466,-0.9935916996722444,1
028,-0.4309365639637404,-0.03557110127232791,-0.7741245029225784,-1.4372775670686249,-0.6734502950751754,0.2529630548185214,-0.12128992621239497,2.414109243892068,3.490518315131132,-0.5041530025862856,0.17653648783794162,-0.6959848603842219,-0.6873165522737578,0.394948788339138,0.36124870189588987,-0.5033131458541034,0
133,0.4495350485753721,0.09712739506133355,-0.42874947782428874,-0.46470679189052605,-0.6568727837542625,-0.8265858860232471,-0.12128992621239497,0.01850484615675823,-0.009701377526893564,0.7808753007570997,0.17690571084344117,-0.42748061786564906,-0.4156665079285459,-0.829368361040739,0.4177990209665389,-0.05585928417178052,1
073,-0.8124742627306891,0.5918134557631595,0.56187530584921,-0.39962487752617093,0.7344634604096784,-1.172028579419761,-0.12128992621239497,-0.49606117676666567,0.7768938536778451,-0.6587792864081836,0.14320831906004944,-0.2356637459338307,-0.2176772571493893,0.8658848740627056,0.3680443002106481,-0.3149539299870078,0
339,-0.4309365639637404,-0.4450123389250872,-0.8975085454513231,-0.6233480128859075,-0.9622568252301104,0.4615668936974166,-0.12128992621239497,-0.14952653719753423,-0.07926617544866413,-0.27482137629775,0.15495815672084434,-0.5201300782596684,-0.5153052455712701,0.13216644701088628,0.3226178081399674,-0.45071920282888545,0
416,-0.22549318770461416,0.8369489985136167,0.2969040276484239,1.0809268258648865,-0.4171961027778702,0.5116134528888198,-0.12128992621239497,-0.49134485058675287,-0.3704376134099777,-0.17862971549281043,0.16389605590567238,-0.39184780219736387,-0.37605016308639,-0.2420324141710202,0.3104323693876492,0.4397592563138727,0
132,0.4201859948240683,0.12367794064319831,1.5796813658671227,-0.12939528871149142,-0.6095171242298835,-0.7282794826619753,-0.12128992621239497,-0.27721659437741847,0.3526205605980605,-0.044863140786864805,0.1610021787309131,-0.8143409182914875,-0.8195141633064751,-0.31319099964897945,0.3213320694093508,-0.3099013696533628,1
397,-0.7831252089793854,0.4612054007675388,-0.20719007650783058,1.2342474497077423,1.3906552589117618,1.0279027716247964,-0.12128992621239497,-0.4152964800333911,-0.2530711850284952,-0.6104906449842441,0.9498908851828514,-0.20403226979379285,-0.17731113284176742,-0.44593727436022323,-0.5354419010714953,-0.6995609299531044,0
421,1.0071670698501434,1.1743201301787334,1.4787104469757735,-1.3621963743743883,-0.4691124099480524,0.019035923106625472,-0.12128992621239497,0.5390571205790614,-0.7663647200824237,-0.3360756710095377,0.1201050265232929,1.6679095291226547,1.7351310618883977,-0.10630702745041695,0.1357165926033725,-1.0977086223083228,0
437,0.5082331560779796,-0.5351348348082,-0.31355144156217885,-0.15460493455517715,-0.3390816491842404,-0.36354130576634097,-0.12128992621239497,0.22538337965681757,0.9328739621589128,0.24202946787274263,-0.6636851463388214,-0.12777865735018049,-0.14748039428610615,-0.7666148998993776,-1.09166812962319,-0.23721445133515917,1
327,-0.4309365639637404,0.9926555454932295,1.2827865665292977,-0.40435435787779217,0.32485430688816047,-0.12079355940722389,-0.12128992621239497,-0.45066343148516713,-0.9334304880993348,-0.6444654915371303,0.09505471604737786,0.7653685288933131,0.8024885410571929,0.3685885682772798,0.18358129856906433,-0.23944343719502098,0
035,-0.4309365639637404,-1.4477639424574547,-1.6426601046638605,0.3107704593531071,-0.17549247049238115,-1.021179354813938,-0.12128992621239497,0.18159046202883553,-0.8120320603169691,-0.5410429595506066,-2.343973929985948,1.5781609646230947,1.6500677520881866,-0.6667481286982978,-0.38082864853804155,-0.8256619887436333,0
430,-0.7537761552280816,0.9862003389297239,1.3706238990163093,1.250888673264558,2.4021948458179314,-2.8194773181033077,-0.12128992621239497,-0.7051164562915301,0.026053941023053792,-0.34596264351117734,0.15960861641701168,-0.46410263842610816,-0.4428095786408912,-0.04224340447785078,0.3668196820525877,1.3386752489049758,0
055,0.6256293710831946,0.22420148372266394,0.6449775194880117,-0.5772686891773835,-1.3376035101971564,-0.28732870914441305,-0.12128992621239497,0.3243911413899246,-0.2352805103983503,-0.15571495874759111,0.1640200437446541,0.600548398488104,0.6777266080766295,-0.2849956634044803,-1.5745951470735968,-0.1873083658888892,0
194,-0.34288940270982915,0.8458058217105514,0.14224085482126642,0.5540718040445575,0.3810343325786915,-0.29770843698684396,-0.12128992621239497,-0.5656414703711652,-1.0107202241191984,-0.22570145570796746,0.06030251330322718,0.6296985466210846,0.6728712235223092,-0.30197349408902685,0.2189548033859836,1.431557002014513,1
277,1.7115443598814333,-1.7999989334162971,-0.7013459490849376,-1.5469083053050292,-0.6867971284625789,0.7072597241893572,-0.12128992621239497,0.6959569081106898,0.296910817575893,1.2423199443039745,0.157424823091731,0.8955889818107708,0.9501618850415697,-0.9266330803859815,0.32140196058264464,-0.13464255043477538,1
288,-0.8711723702332966,0.6831169287156621,-0.050172675363919304,-0.35546529270649924,0.04507490658592786,-1.2528259450253898,-0.12128992621239497,-0.5491144720307459,-0.545200909650186,-0.6007736339539388,0.1486442859300422,0.07688609901024103,0.09867297468981623,0.43891950852403516,0.27108419775875064,0.3860439414251171,0
372,1.1245632848553584,0.18398025359412717,0.8612547441562275,0.03697355372758508,0.21153259059237003,-0.4429550065408766,-0.12128992621239497,-0.4929919080645203,-0.24331379661805405,1.5204094285970102,0.1238195975195074,-0.3591360936223092,-0.3416709996137159,-0.9528807824471682,0.2881865724966862,-0.0151752257566656,1
225,-0.40158751021243666,0.22415224793726524,-0.5045121384938267,-0.6551525708477576,-1.0188014536542034,1.8956029319992482,-0.12128992621239497,1.294377089245388,1.0568458141719346,-0.7519673380810096,0.09755827982896603,1.9872709169435236,2.0670747894020662,1.529114694435522,-0.043392419837012065,-1.0462547830668483,0
181,-1.0472666927411192,0.15709835325854488,-0.43425018644158353,-0.32551330601563166,0.1557995537662837,0.18562281728887534,-0.12128992621239497,-0.5806407800323486,0.12068804187574005,-0.5734213436625571,0.1542703070735135,-1.2513268158157047,-1.269918092789094,0.8405604436193794,0.3025850119593918,0.07192663360838181,0
096,1.7115443598814333,1.2093073377721986,1.775117019232947,-0.5598533106212652,0.2639555505644799,-1.4559746744632687,-0.12128992621239497,2.2370468868952793,0.5288347997949068,-0.16288726745563817,0.11503976399311096,2.249609457440626,2.3405000103319553,-0.3633270057609875,0.19266771633437327,-1.0060259943428207,1
115,0.8310727473423208,-0.31982327267609995,1.799157547865922,-1.2425540132214368,-0.3094092126985961,0.21412577291315246,-0.12128992621239497,-0.1708197400840886,-0.7025836705405869,-0.07260396743792809,0.13181724278439358,0.6017885171832741,0.6437440719890107,-0.4691152892550404,0.31520625978186045,-0.18662831249932188,1
041,-1.0472666927411192,-0.6232005581387177,-0.396523041967147,-0.9056972192795651,0.6745205941830363,0.9743788558163996,-0.12128992621239497,-0.6403003359768786,0.12499934836519376,-0.5593305080212381,0.20208250553444132,-1.195738406354766,-1.2048205680988107,0.550355409564656,0.4328558571411947,0.33304280789273577,0
168,-0.7244271014767779,-0.3555286476699026,-0.8931089538888399,-0.4706623252550583,0.013908096092791006,-0.21065624791089066,-0.12128992621239497,-0.4827843307925106,0.08196473312768425,-0.26723544853421916,0.17638317379597648,-0.6306494852613507,-0.6235069075958145,-0.07812098108757572,0.42590442788899774,-0.06815479854484105,0
329,-0.5189837252176517,0.5136463790114357,1.0798611318405318,1.8558684087448019,-0.674944789538683,0.19835271739201446,-0.12128992621239497,-0.5797919435050426,-0.9371269496148034,-0.5770022925960201,0.1661258959859183,-0.6377436419185923,-0.6314359380299832,0.6521974138370019,0.1818445611659419,0.4368294080522137,0
394,-0.10809697269939916,1.2247769654802945,0.8505295691871966,0.6394145378111523,0.289964479889978,-0.9220493722916406,-0.12128992621239497,-0.44189636215945377,-0.06990713530475784,-0.32808248157315617,0.14699692831508093,0.1440921004460802,0.17178871799145945,-0.11949810976223897,0.3695572756816125,-0.33588346123660157,1
262,-0.46028561771504417,0.1652973148588086,-0.5941891114789578,-0.4536498762107659,-0.593171104606317,-0.3422050608262335,-0.12128992621239497,-0.4549811931241173,-0.59008261619915,-0.1751876208583566,0.16837393007845647,-0.8174946196171345,-0.8204613587108028,-0.20544918899743825,-0.7150075326114522,1.1996141669000397,0
074,0.18539356481363833,-0.2075779939989386,-0.7266361143934447,-0.11177409432236146,0.011059277695025536,-0.29036942823970985,-0.12128992621239497,-0.07360080540962219,-0.803808208810476,-0.3751297222181905,0.027069080313381493,1.1389690735976847,1.1967896846030759,-0.2416537422938538,0.19500684536740007,-0.7009170233514512,0
360,-0.9885685852385117,0.5570654792414971,0.10356723765475652,0.36202017275116066,0.6078756065017937,0.43206153917083556,-0.12128992621239497,-0.5912900756302097,-0.5005234270251419,-0.798763476738914,0.11506905022306434,0.0019357021974247578,0.01727872671179703,1.4177294740390505,0.2534677366975216,-0.19752731888731254,0
034,-0.13744602645070292,-0.07837340377437645,-0.5444663874564176,0.789278189130725,1.0809882134380882,-0.8496506925043013,-0.12128992621239497,-0.6798629791928438,-1.0539623488003356,0.23018879987220964,0.23431161371658596,0.21099961047263904,0.24202303331363664,-0.7586912661874384,-0.5564099970838664,2.1251997737460733,0
026,-0.7244271014767779,0.5868141389236985,0.037016007760704836,-0.8731503647997501,-0.7065897900968766,-0.23635820008283223,-0.12128992621239497,-0.42430769622709796,-1.134299938195012,-0.6991108029881861,0.11443552829989267,0.4393482731459979,0.4713072393267345,1.412145743571122,0.20888965958265202,-0.06520975784653747,0
220,1.153912338606662,0.32488836715189734,0.5960082567982076,-0.6493796529166825,0.29276767395538206,0.14344435568911068,-0.12128992621239497,0.1221433328066485,0.5388474575107789,1.2177326286506178,0.06643021100433621,0.03788937939372188,0.052022534010941375,-0.8841596429055629,0.17244076504091246,-0.8421878703991359,1
094,-1.1646629077463342,1.111011015521076,1.0695430082921444,0.8278530729735142,1.2337784580826066,1.563778685387246,-0.12128992621239497,-0.6540649707075743,0.08819676128035693,-0.7959994363027463,0.043914271397254796,-1.3482108431563864,-1.3757449576131906,1.6251558414115659,0.19324830148130087,-1.0485809794567604,0
351,-0.9298704777359041,1.394466729346394,1.8439901192747115,-1.1258803797324677,0.9607316284474046,0.9262393522634516,-0.12128992621239497,-0.7113288886520582,0.19153426999146259,-0.7137186072085567,0.09967174755690796,-1.621539781042632,-1.6604348180408344,1.5005446470241826,0.22862298904852552,0.18333161345215085,0
409,-0.8124742627306891,0.9089896571301205,0.44953017784578225,-0.250482131957822,0.28945914226924996,-0.5640055065328186,-0.12128992621239497,-0.6298202756930389,-0.08253414640864751,-0.4212569502560005,0.12395477991648325,-0.8687516557415167,-0.8826782267607794,0.24555900559390126,0.33419076218248445,0.12671380494672568,0
390,-0.2548422414559179,0.7146172496977632,0.5385541859107201,0.3974155090607134,1.1898795729887321,0.0003396722306419702,-0.12128992621239497,-0.6037998765470863,-0.9990380921655592,-0.26375423062053455,0.2852276078681076,-0.1453189421561356,-0.12951414551239585,-0.4014675458380434,0.6829557966187226,-0.33802277813752407,0
080,0.7136765323371058,-0.7072680312387057,0.5008727304279366,0.7405271035907901,0.152712246746282,-1.9170934291437092,-0.12128992621239497,-0.45485562338473806,-0.5878136983555288,1.008794679090574,0.10534242301320947,-0.5241591265805579,-0.5189821222148923,-0.8334765171576737,0.2707744244856036,-0.4355769701345146,1
139,-0.40158751021243666,-0.855594348149582,-0.4079601644969477,2.854524940332225,1.6483771101694877,-1.4857273692060893,-0.12128992621239497,-0.6728816729123888,-0.6748302636308172,-0.03006364453832759,-1.9466555977929882,0.09740598316160724,-0.23197956594893185,-0.9068142232008197,-0.8104366921081064,1.4194159891952962,0
265,0.09734640355972708,-0.7025514727882638,-0.20193585668446712,-1.1354211500070488,1.6012907291098604,0.6522810336353764,-0.12128992621239497,-0.18046550723157345,2.222528784461183,0.27584934813967316,0.09485513500237852,0.7159184023181185,0.7524577685059531,-0.7294757595521262,0.14258034591393984,-0.9975164551221971,0
285,-0.16679508020200667,-1.6958129710769962,-1.7188334112568717,2.1280449622124182,-1.126358665278409,-0.3315666131884359,-0.12128992621239497,0.04909357638861603,-0.3793606417345938,-0.46841529056995207,0.15894639607711677,-0.13792113307960083,-0.12120139856447985,0.14782501446234556,0.25246196283248196,-1.0729533472046122,0
367,-0.34288940270982915,0.6631482914297941,-0.04586816098438283,-0.9670228989454991,0.29299906977615003,-0.2396717324444114,-0.12128992621239497,-0.3706063754671223,1.5975990855906426,0.21919839149215067,0.11804313209861496,-1.1339221468110843,-1.1440987990233766,-0.5803887910961771,0.3468074925666992,0.5684613235292015,0
033,-0.46028561771504417,0.33212774680911755,-0.4119623557003075,0.19260013944496995,-2.092208887842369,2.5883109530813506,-0.12128992621239497,-0.06815725797591009,-0.1250687886883371,-0.6523798992753257,0.11496333637064929,0.7097172560786058,0.7522283033723006,0.44006857415799516,0.22227114197999934,-1.199897605410805,0
491,-0.07874791894809541,-1.2373299781429343,-0.2888745752790825,-0.5880667679659582,0.7786510494964003,0.0586072840991942,-0.12128992621239497,-0.6483339869360978,-1.0357966129550236,-0.02321925186927071,0.06143801072367384,-0.37973229924967,-0.37151257631535217,-0.4959630606380452,0.21711012227886073,-0.14366054723675067,1
380,-0.5776818327202592,0.6497018964545221,-0.13627794485456657,-1.0589848630348675,-0.5585364416886787,2.350742706353185,-0.12128992621239497,-0.49978647292835626,-0.7398036666295225,-0.44543100701344057,0.13291347698477177,-0.7956795364015044,-0.7964217689077701,0.403908482445997,0.2325302127482411,-0.238315879740747,1
500,1.3006576073631808,0.21187880304808596,0.9044888834688992,0.8873410134497605,-1.841205990669015,0.6309969165941023,-0.12128992621239497,0.05430848155594597,0.540350821212981,0.792233397072736,0.16148329648104864,-0.921884156546507,-0.9221174428706489,-0.7941569519459628,0.3731026150931221,0.4926160123373369,1
009,-1.0766157464924229,-0.040048237659562134,-0.5500087002945051,0.8507506156503174,-0.2619627651342456,0.1046397070723404,-0.12128992621239497,-0.170209358219111,2.4785614006890344,-0.6877886872095604,0.21724549582661593,-1.5264208623898305,-1.53949533341018,1.0674291401233518,0.5971686063532704,-0.0007053105305838314,0
171,-1.1646629077463342,0.49852255005170254,-0.19898759232883736,-0.19162129951292114,-0.8367217084609226,0.7834079412712089,-0.12128992621239497,-0.5708829094632496,-0.3804716934341607,-0.8119800301237746,0.18715125344331388,-0.2661839304394571,-0.2508692688737725,1.5294279023727886,0.32006030058076196,-0.8022739500738625,0
058,-1.1646629077463342,-2.040953464190788,-2.02262619749308,-0.7361454626441716,0.37248741114138817,0.14615947978041555,-0.12128992621239497,-0.5101046772746278,-1.0720497309155383,-0.5201371705848136,0.08829853503106909,-0.9612429625398908,-0.9733310677760251,0.4733161401932994,0.22440472429604527,-0.5991098518452154,0
488,0.8897708548449283,-1.791980367136758,-1.8159459023884197,-1.5648303563478427,-1.008827958943615,0.22481963210442973,-0.12128992621239497,1.6939383159275339,-1.2531720754615123,0.6925152656861653,0.13643116998386803,0.794167774301051,0.8383021040259274,-0.8397442025432081,0.2656421871103786,-0.7072018596097043,0
489,-0.1961441339533104,-0.8278174701856421,-1.1139781522096117,-0.22102007246121963,-0.23811639978482377,-0.6150422388802947,-0.12128992621239497,-0.12200589348404632,0.31876036196683877,0.2208556437525937,0.17073777299723883,-0.1294955722832573,-0.10922354695742914,-0.6608775389727309,0.40172807817386813,-0.0733466112902347,0
025,-0.6657289939741704,-0.2743356068004293,-0.9187852033017617,-0.9079789691377704,-0.3457324098881399,0.9012830520345712,-0.12128992621239497,-0.42806045702429213,-0.18782278102299274,-0.22322893116672568,0.21131717502033262,-0.5777462983271441,-0.569709169732548,-0.07912906227961367,0.38291624275775404,-0.2252140270519768,0
061,-0.7244271014767779,0.26373365411968575,-0.34353739426109087,-0.9395349514021382,-0.24735557843324682,1.6098111411673126,-0.12128992621239497,-0.429961529589157,-0.9744047436588466,-0.7285070124533621,0.08766896738226591,0.5075524912291169,0.5472423428834491,0.8815775884718543,0.1284674055872587,-0.3523736312785405,0
303,0.009299242305815834,1.168243257676443,0.5418292983203777,1.0057253855517174,-2.1203540472139797,-0.7026757070155213,-0.12128992621239497,0.5112207903511182,-0.7197558301685048,-0.5706858734916087,0.16805035721070483,1.1674356500983758,1.2221292500120935,0.2959614603997718,0.2055442704676911,-0.9034678204686656,0
251,3.2083461011979244,1.298980284529676,1.7086308685776839,-0.8507240529591024,-0.16472338565704242,-0.2399404273078858,-0.12128992621239497,1.8454891885007845,0.7195126012569705,1.3697490772093708,0.13764325697082058,1.4519675868826898,1.5143865905562217,-0.9825450874386088,0.21451773548550707,-0.3757115899242647,1
006,-1.1646629077463342,0.7047912855427534,0.01369882262752771,-0.06858917132836322,0.3944158588642251,-1.351686387012326,-0.12128992621239497,-0.7107686887933101,-1.161693740832986,-0.7271572218969138,0.1657599459294548,-0.4047000156255224,-0.39613707947901455,1.0909058894474464,0.41090128533723047,2.525368952019494,0
402,-1.0179176389898155,0.213849036469661,-0.42158816767596824,2.0540436490646012,2.4604447703703656,0.257271891800981,-0.12128992621239497,-0.6006345223886316,-0.032216519792465835,-0.5512637225049788,1.0521250844596697,-0.9569902132067176,-1.00028444665557,-0.453509820185972,0.15403888949957978,-0.4599485166538154,0
013,2.680063133674457,-1.2147152884937495,0.5193869237128628,-0.004724322453395604,-0.5367771617961226,-1.008771335592992,-0.12128992621239497,1.4389315313982174,-0.3595080131652456,0.5177293275216829,0.15688250992651473,1.5168772275784346,1.58766226032887,-0.7937212194627616,0.3097386568212875,-0.5076007140414296,1
079,1.0071670698501434,0.22710107999122148,-0.2240923238207739,-0.2999452808916561,-0.6212847982493389,1.6670020708844706,-0.12128992621239497,-0.278619340611712,0.5331048120886356,1.3022302336993488,0.136130761297482,1.3651741704239226,1.422764783154569,-1.03187595326042,0.19363058018016954,-1.1201768223665491,0
290,0.5082331560779796,0.5215170457453346,0.3565940248734485,0.8406636487943758,-0.6313327725754997,0.4107495598286355,-0.12128992621239497,-0.08856373969877163,0.7538549950008139,0.5083523872219929,0.1745004982426577,-1.2759517445189301,-1.281181347794073,-0.7821520324575861,0.47088215916394616,-0.9301411291585059,0
516,-0.7537761552280816,-0.9066587270716291,-0.8870313206726179,0.0062035393079984645,1.0358115628543003,-0.6104799871007477,-0.12128992621239497,-0.5335111645093485,1.0302015112303147,-0.05749202067435413,0.07016848717387388,-1.0483486634392514,-1.1274313836642598,-0.37994753970680434,-0.08339056307522427,0.5973135260200783,1
164,0.009299242305815834,0.8232762807039203,0.40636641324147116,-0.6804223868589173,-0.24450217398483876,0.06727313529352554,-0.12128992621239497,-0.20840613717010117,-0.4136720129815142,-0.2373992062196465,0.15019797587803577,0.524026389488792,0.558428497525198,-0.28965705848294615,0.2862552907550852,-0.11901168693814616,0
095,0.5962803173318908,0.8510635384630513,0.24483648770034605,0.0559413331347245,-0.3494115461054143,-0.2828601470186155,-0.12128992621239497,0.4440935384574268,0.8901127624914296,0.28091493468632367,0.16067073070419022,0.7238777345653079,0.7816977855473348,-0.8259077464274512,-2.2875386271746887,0.06297111796177773,1
458,-1.311408176502853,0.1978453913429229,-0.546281504046718,-0.6588737548612885,-0.7822182683928681,0.7974355589405545,-0.12128992621239497,-0.692674950101367,-1.6528237521560378,-0.8928785530848312,0.1499861081794877,-1.7638545568967647,-1.7903229937057346,3.4205972576488164,0.298493692359982,-0.9292135144154817,0
039,-1.2233610152489416,1.1156378564544132,0.8094065061471527,0.8293168012863602,1.727007129716513,-0.746249032797382,-0.12128992621239497,-0.5846277464148574,1.916840192762736,-0.7399860226737858,0.12720940992912128,-2.294558638198505,-2.356485568206365,1.160090767342188,0.3123812797878271,-1.071801622752676,0
344,-0.22549318770461416,0.8380477962940474,0.21503516330284136,-0.7579540468429902,-0.9160890992050259,0.04746437668037241,-0.12128992621239497,0.2543503641399027,-0.06574232235306354,-0.5509475161388909,0.1337255700726851,1.5333057077138843,1.6153859969838416,0.16417883785378895,0.24529456420434984,-0.09045383057416338,0
317,-0.07874791894809541,-0.040403391444757374,-0.2961712531413035,1.5776172979958811,-0.23499303514737405,0.21368612048772143,-0.12128992621239497,0.1847753757803895,0.9626750177614792,-0.02990694170545991,0.1516995547084645,-0.4770253232001068,-0.47002787945810653,-0.4834249715999849,0.23199392797214197,-0.6186277693918222,0
036,0.18539356481363833,1.4106807488109814,1.8236287239439628,-0.7267363943136796,0.16236231749291566,0.4807704681856658,-0.12128992621239497,0.2860385215066488,0.6660079212169302,-0.3603466131736311,0.13241983819774963,1.1360942340167197,1.189353571176332,-0.14304155262366303,0.22059998153664037,-0.8103818466651957,0
014,-0.9885685852385117,1.012195762832916,0.3400262729087867,-0.8214679341809142,-0.19381149772087136,0.23899804902250066,-0.12128992621239497,-0.3704137368334288,-0.5056717208524947,-0.8478130381757935,0.09050805195826962,0.12074918162786896,0.13783967059252536,1.7481520735139218,0.19978764568457233,-0.7413505915260165,0
266,-0.9592195314872078,-0.1915936246244658,-0.6120012358391609,-1.4455060758445788,-0.5530471421378843,0.03980906042424794,-0.12128992621239497,-0.05396342641690568,0.6561962234300815,-0.8087633099821435,0.16903898718398486,0.13758022897687455,0.1607242387645328,1.664788535414796,0.3416045960466324,-0.5013137215236985,0
063,0.2734407260675496,-0.37686380686887067,-0.7362689474960704,0.12172585429551785,-1.133400413467079,-0.2885053899057949,-0.12128992621239497,1.7647063026177876,0.37936910395751083,-0.4475553463526731,0.1883025369340014,1.6069703837666838,1.6868224757511354,0.24275161335496095,0.4915212080290994,-0.7165545041251029,0
161,-0.6950780477254741,-0.9355154130631074,-1.0758071357996735,2.348420431969145,-0.06559462840157641,-0.0009111694716797618,-0.12128992621239497,-0.3069579531338863,-0.5804680794012103,-0.5075224430055513,0.13980254907634249,0.5200324820671575,0.5568624561519044,0.16793349659396348,0.1908355431127659,-0.7367721100277314,0
049,-0.46028561771504417,0.7542081918022568,0.5717554530951928,-1.1529916314075053,0.42317088078529796,0.8857479972006771,-0.12128992621239497,-0.609392484206589,0.23712532196965008,-0.13236587298142213,0.17051983330980758,-1.181153444329995,-1.1920904189071868,-0.18063909690630445,0.35823466030140727,-0.1962960108578204,0
229,-0.6070308864715629,0.7284867682613554,0.9057115688771733,-0.22236849899308345,-0.011179460711102434,-0.8313783513648225,-0.12128992621239497,-0.38295788120777535,1.9249756232236666,-0.3840676595911996,0.1865507425894517,-1.4293565626341405,-1.4472110928110742,0.17300251163326183,0.47201360558651584,0.15182268481618405,0
505,-0.8418233164819929,1.4659377619140554,2.118989021230939,-0.9376151856855321,0.1314464964097905,0.3976335727790428,-0.12128992621239497,-0.6919652810311827,-1.2301347485381586,-0.7208029856889978,0.17713761703323427,-1.5798107396986607,-1.6045853809410915,1.649643807460196,0.34240675269409915,-0.6341565476747049,1
173,-0.8418233164819929,0.38511966687056115,-0.31139543762970007,-1.1750167521788681,-0.37050143685878956,0.21350762665162923,-0.12128992621239497,-0.5960959605525631,-1.2432758084138478,-0.6506215783555181,0.1466994006881952,0.06389853292232105,0.09590003449259334,0.6274759476168764,0.3630910356375903,1.8345010473006746,0
234,1.7995915211353446,0.5476373845633876,1.5654125835769663,0.9091476161280667,-0.6702307921454996,-0.7510370607487152,-0.12128992621239497,0.1484811597833009,-0.5265755922037573,0.6768645136528335,0.17137190905844318,0.3389570012970935,0.3694831322028347,-0.7524730786788566,0.32526717678281664,-0.20946755950725438,1
169,-0.46028561771504417,-0.46287712610054704,-0.6607561240250436,0.968825600146732,-0.450011856163638,-1.107485267792642,-0.12128992621239497,-0.4347097911847504,-0.09230295030148976,-0.300060017090606,0.1748012972814099,-0.661089384501793,-0.6560469720907096,0.23254273416357105,0.38882647837421896,0.09018124443110655,0
478,0.919119908596232,-1.1458075900663165,-1.352042920086476,-0.040342703597803876,0.7027372613753995,-1.7654649239767501,-0.12128992621239497,-0.6301374397638596,0.043718058012572884,3.7753259213004386,0.17443870805683895,-0.13526787512512597,-0.1058048593684401,-1.157155972927552,0.4362446653183465,1.9991484917429907,1
302,-0.9885685852385117,-0.08785234947613299,-0.06693065243396633,1.3931155785114133,1.736576586099383,-1.0600513924014594,-0.12128992621239497,-0.6955258399974523,0.01094717109137275,-0.4656241652268202,0.03443100866618499,-0.293735953737669,-0.2984498925456477,0.1436344422542569,0.14215936696421377,1.648141546133035,0
258,0.15604451106233458,1.1783879830842217,0.6235123399378482,-1.497091216232987,0.6500862070665184,0.6411835680848239,-0.12128992621239497,0.8099622980537737,1.2183489172269035,-0.41763587660563595,0.11196844839653074,2.003439305100618,2.078632197232191,0.02802262105973259,0.11828133601601562,-1.1310911326788655,0
146,0.24409167231624582,-0.11765038940687914,-0.7104842137991482,0.4200316893903202,-0.3864285991870428,0.017844055773249354,-0.12128992621239497,-0.27668974470595503,-0.24198444938717484,0.45336278606261854,-2.749637327176818,-0.5466821185254879,-0.7179847454168153,-1.0068810207755312,-2.6105507099719407,-0.8855073388581985,1
341,-0.10809697269939916,-0.13213605830510156,0.053511513873285635,-0.6725744019630936,-0.2744250054284441,0.3278291760188081,-0.12128992621239497,-0.3135050982919982,-0.7926603814419914,-0.5943632669508409,0.09208265990047924,0.8660776995253744,0.9163022210353717,0.31749406661168417,0.22092546663172943,-0.6811618632486082,0
209,-0.6363799402228667,1.292087696111746,1.327715063339749,-1.2999575750563603,0.5677861943201291,0.19643853186519897,-0.12128992621239497,-0.432516521733527,2.62031673916068,-0.4154965728134224,0.15729184363379567,-1.3959577181099445,-1.417141542292741,0.24679871129255554,0.30688027632053894,0.12782124908499662,0
287,-0.8711723702332966,0.1514399954026966,-0.36468073555974495,-0.3849145780285711,-0.033880813501579336,0.5302143017913841,-0.12128992621239497,-0.452445052891413,0.2029966001367213,-0.6056749542185913,0.13620611976636618,-0.723179033581854,-0.7263284661729688,0.5828617384696475,0.23707212916633916,-0.3200880276521963,0
269,-0.16679508020200667,0.3355172057075441,-0.05121944468361929,0.3759508999791196,-0.3883278778193563,-1.4384011258505451,-0.12128992621239497,-0.6244367217854202,-1.1147286728609667,0.149231731308274,0.17749321728625028,-1.1032636469223847,-1.1071690175438118,-0.3856305990224272,0.4126544213308961,0.5811682953599902,1
307,3.149647993695317,0.40639028627503904,2.529166378658492,-1.0035477565869422,-1.0230417392453695,1.3724488583212155,-0.12128992621239497,1.5886185717379044,0.08012847056907926,0.6413314251399536,0.17823400896434397,1.2378571378442338,1.2916228934814074,-0.8486563367380886,-1.484438702221796,-0.5109818089374202,1
365,0.8604218010936245,0.3629848527099968,0.054116698134571685,0.08835402221397072,0.6349759072737505,0.31228875856107213,-0.12128992621239497,-0.1835750388066278,-0.2702215095293786,0.5815321464434067,-0.027332838009114686,0.5378319692213356,0.3338378507007063,-1.089256596991903,-2.187813239966095,-0.5315621196597702,0
438,-0.4896346714663479,-1.2262043008797299,-1.4644056529614338,-0.7854951843003671,-1.357400778890956,-0.9862359213959123,-0.12128992621239497,0.2771278524731287,-0.514868199874438,-0.250194787090136,0.17038794240584898,0.0853227010813299,0.10611392273551977,-0.15196637763910076,0.41358543510516665,-0.15916426664427857,0
253,-0.049398865196791666,0.3674248547768032,0.4428218549043881,-1.4755742523951694,-0.6697547183854722,0.36348595397557926,-0.12128992621239497,0.43874223691751857,1.0461406132839464,-0.5008320927423928,0.15829005410842206,0.4855828759486313,0.5256417309872131,0.25770754260878,0.29345074594473697,-0.1934273473982885,1
479,-0.049398865196791666,-0.3629448053513151,-0.781252653280186,-0.11826617788766935,1.0796614126682906,-1.3857987875798987,-0.12128992621239497,-0.527392266482003,0.7700061482675722,0.7570014492394489,0.14881099460481373,0.6520330836909078,0.7065155364200119,-0.841045324752795,0.31526445142069726,2.049832040426851,1
206,-0.4896346714663479,1.2307589641884589,0.818696806313675,-1.0973655482015603,0.057860356520339024,0.39074035919355565,-0.12128992621239497,-0.6039973042552044,-1.0552062668942577,-0.41459252818396836,0.12646664419819653,-0.6419893523218904,-0.6391310733266047,0.3117171855867867,0.25403508990249746,0.3391375078175606,0
255,1.740893413632737,0.27178927156161636,0.429039491576009,3.7371698014947663,-1.6094029767305509,-0.7649904843180232,-0.12128992621239497,2.7235677969641077,0.8855628358675967,0.06756571059522223,0.16650662132818833,0.4988926773551298,0.5346570416504489,-0.39488999388566864,0.24485806761608042,-1.207565044687128,1
098,-1.0766157464924229,-0.070542911829559,-0.010127366953738438,-0.11622492297621569,1.3685951526904574,0.8924999963624701,-0.12128992621239497,-0.7408049991623805,-0.976237370011114,-0.6870903101283452,0.14264110499225613,-1.9655385641889906,-2.003477353162932,1.3521400226878573,0.35343486865652607,-0.15852471217224912,0
423,-0.5483327789689554,0.4928122441102297,0.23972380529370044,0.008690116572978905,0.02124855240722212,0.9500389199212936,-0.12128992621239497,-0.6592171073039748,-1.5084118437721419,-0.5594742596088974,0.12797335781146157,-0.7601383042168676,-0.7605044637387409,0.43138695335584004,0.31920746696056407,0.23799795970075086,0
337,-0.3135403489585254,-2.5910289498185195,-1.764496937961167,1.8386924965189686,1.4719063000361403,-2.3383715513656758,-0.12128992621239497,-0.7212855698140216,-1.2310370331571487,0.16723488092623995,-0.3689397508692889,-0.11013490040847336,-0.0632721532287977,-0.7214554450900534,0.6778460225510011,2.3519859832257732,0
246,0.9484689623475359,-3.4695396555789695,-1.9097307539073087,2.0651088791704235,-0.9940153153447838,0.5123502712304686,-0.12128992621239497,0.8637288224970383,0.595972729275392,1.2412605563415722,0.15655633318182108,-0.21330766152683364,-0.19537009404554917,-0.9184062606608561,0.2631798069310422,-0.6739101306125294,0
281,-0.07874791894809541,1.2325849453401123,1.6117575463421625,0.08127869337284674,-0.0643469499424544,-0.5738129556140475,-0.12128992621239497,0.599384280203502,2.143611410933696,-0.637670690129104,0.1846104700351139,0.7128480013422405,0.7668199320614544,1.0262277955659111,0.49232799857847587,-0.600652778767464,0
528,-0.8418233164819929,-0.42519207873631715,-0.5992331557044382,-0.5319865705932045,-0.1276669870761132,1.7918769020085488,-0.12128992621239497,-0.22777685835154587,0.30421966688497315,-0.7430197674334678,0.03591704248119868,0.9994858966514907,1.0495359715897652,0.988594972789091,-0.06302703049629371,-1.0536903378447757,0
293,2.181129219902293,-0.11252831902730649,-0.015889030773562247,0.6814229167897361,-0.11112915138356597,-0.530031208416655,-0.12128992621239497,-0.15565430329846305,0.5235718236550585,3.270141854702165,0.15131495117456337,0.8353267648483359,0.8953222630582811,-1.1504708930233298,0.2991115717377557,1.7047714281126294,1
465,0.7430255860884095,0.593497638151724,1.1891804559920345,0.17649606785018152,-1.542290614076199,0.8427230506763702,-0.12128992621239497,0.012826013910849915,0.5359827321078912,0.08049666959174735,0.17423119954202362,-1.1658955227616763,-1.1761694388885269,-0.47397703557255294,0.372872057681712,-0.558842818344384,1
286,-0.8124742627306891,1.2878183921667539,0.5514114162000978,-0.14660741501091226,0.3255924265230284,1.1450794841403389,-0.12128992621239497,0.09245428764434024,2.981483420331013,-0.6688437464010959,0.12580933848678902,-0.6430756462845805,-0.6602288681443808,0.9300726286650375,1.8311759069707356,-0.5064862931354428,0
118,-0.6950780477254741,-1.8453201542977378,-1.2192887224812894,-0.5716659181327022,0.14776707523633936,1.372041601371742,-0.12128992621239497,-0.5146944646435926,-0.41502261041879074,-0.5363025796421325,0.08785537982008018,-0.7395373731940715,-0.7425737482661792,0.5548402984123195,0.22035545439573967,-0.7212277267039627,0
162,0.18539356481363833,1.6769920338959152,2.096660338943576,-0.38461140132463606,-0.24028341370892572,1.5057388830624585,-0.12128992621239497,-0.30667077540751747,-0.25744265617553186,-0.1417117394861854,0.06266956213344127,-0.028810774618091627,-0.011989070525435307,-0.24564934210537379,0.2079749024747003,-1.11148761690051,0
431,-0.7831252089793854,0.23225531227549212,-0.37152070760421085,0.5867239725557934,0.3707459949893648,-1.8946064006854346,-0.12128992621239497,-0.6017038737717243,-1.3901350284530771,-0.5701665470648211,0.1893194315787012,-0.12457530535351154,-0.09420756232820723,0.2663969987372204,0.4556205280170947,1.2567120122932485,0
210,-0.9005214239846004,-0.8299331235694661,-0.8560719310536752,0.44044911737645315,-0.35623966587319306,-0.9492009390415098,-0.12128992621239497,-0.4617970652228729,-0.18136029411912866,-0.6178149222353794,0.170823066141009,-0.27586425644437357,-0.26470197103072457,0.47758557390197454,0.3312596387880566,0.04244521346576845,0
136,-0.049398865196791666,0.75749967025519,0.05533083420359559,-0.6858154961154674,-0.634702357660824,1.4487000137719566,-0.12128992621239497,-0.3016810459674484,-0.917609078142245,-0.36193014959279585,0.06765153572447313,0.7246468797173776,0.7688637320017246,-0.2863367349431432,0.1864044190660264,-0.9344158762318284,0
223,-1.2233610152489416,1.1307764311246196,0.8065303362840691,-0.5468132822522574,1.0198813925472312,0.0683783799649747,-0.12128992621239497,-0.6929666002550857,-0.563073059935874,-0.7852355331651822,0.04509106624803169,-1.7121936723488738,-1.7602676215180637,2.1035227356305506,0.22316252896831493,-0.24527301875381025,0
534,-0.46028561771504417,0.9315557918756844,1.8513906279747872,0.008604849579949283,0.9893494543099948,1.9696521551037596,-0.12128992621239497,-0.6881944738324005,-1.4053984662938075,-0.5917968879042798,-0.009078819009686897,-0.9769631359156234,-0.9865282710468558,0.40251390152624533,0.1473661067998742,-0.5960882519386953,1
357,0.009299242305815834,0.9048912322671855,0.2573623531511794,1.624280635523254,0.9872710902309465,-2.1214857657912956,-0.12128992621239497,-0.5574810140040878,-0.09477761497644657,0.5225223166851022,-0.8688364927375677,0.12651912191940662,0.12899658408311723,-0.9180510650176662,0.41553452938809443,2.2481300280020626,1
382,-0.1961441339533104,1.4183245361793506,0.9683650559970803,-1.118550235303437,0.661772642293151,0.45443777559660614,-0.12128992621239497,-0.3508607778875521,1.2438478222518188,-0.12543989361332972,0.09692890382198753,0.16141219536765997,0.18264747978883542,-0.4910154436126085,0.1794564117758297,-1.146247527638034,0
419,-0.4309365639637404,0.21787186979340556,-0.5894227942549111,-0.39160694989005357,0.21490096206667456,0.2016329406480226,-0.12128992621239497,-0.6638195357216915,0.1324366562428166,0.32642748371982355,0.1870927302650618,-0.8850079565352866,-0.8368755618231539,-0.6532191047472989,1.5168182136105381,1.5655129459428683,0
228,0.6256293710831946,0.34886299944959304,-0.2981151272772211,-1.0795347704084264,-0.6853473175213893,1.5775021251791363,-0.12128992621239497,0.193746966095441,-1.0735103714440577,-0.027823096166482278,0.11767479295162404,1.078550019261267,1.1338755589520018,-0.5176445478373013,0.161737264215562,-0.5720443707864183,1
412,-0.6070308864715629,-0.33908575780324146,-0.8684613849157375,-1.178202575893515,-0.6660804787891049,0.033204865556007164,-0.12128992621239497,-0.21774571622005418,-0.46770485609577345,-0.4602355698450369,0.15359279198477893,0.423987684794709,0.46125288053856933,0.01541086290997177,0.24857687453372276,0.32109414724700075,0
156,-0.1961441339533104,-0.3296284910952141,-0.7803863684239393,0.4667692217671443,-0.5799602811850302,-0.835026808850665,-0.12128992621239497,-0.19134928490999822,-0.6375451797476159,-0.2672220651771426,0.13905208967746102,0.7463047022203895,0.7899331619514409,-0.26507375904695774,0.3068112177485808,-0.597749044469647,0
511,-0.3722384564611329,0.16085845384657035,0.27929819640112885,-0.46684834136488595,0.4158087058148861,-0.2336631647096813,-0.12128992621239497,-0.23901990974515472,-0.09281160541175164,-0.543821604890394,0.04610570746818777,0.35463384471435566,0.376937705104456,0.2991030250299703,0.1715864079131701,-0.756965779512838,0
107,-0.8711723702332966,0.6564208179698503,0.028270785868947948,-1.2485526665972937,0.0074496806605947935,0.2075814323235606,-0.12128992621239497,-0.494402690244853,-0.12114315888505522,-0.6483481583620921,0.15531001558599317,-0.605602646010411,-0.6063824567104703,0.8235675144485715,0.2697712335101438,-0.27599076273185214,0
068,1.2126104461092695,-0.6148502925436565,1.5666671400930867,-0.24992729095344465,-0.7241619480383957,1.0035884385374108,-0.12128992621239497,0.48329033888806283,0.4519613369455305,0.020800387535476746,0.3082936650598206,0.9566081939203964,1.0321396391520985,-0.5557465688072122,-0.21817248153797422,-0.6141207790330045,1
512,-0.07874791894809541,-1.7630255083932387,-1.785840662818762,-0.31776497366759443,1.0680724796376304,-0.19591377177151137,-0.12128992621239497,-0.725935031437451,-0.6282947778845254,2.8879075930031637,0.1565503432254048,-1.4047231587651559,-1.4271437799018751,-1.056427396456582,0.36460412486068194,2.062251849962977,1
174,-1.1646629077463342,0.6923029082589184,-0.04792437890841892,0.19890968841636156,-0.11281520486747584,-1.171207711949191,-0.12128992621239497,-0.5564474002369506,2.3452759990830003,-0.6673060907179537,0.19172459491683994,-1.6646151597746237,-1.6883789333953976,0.977903910642249,0.4303144759511502,2.028093072967928,0
504,-1.2820591227515492,-0.48117773978493605,-0.8336182907504001,-1.0034855571698185,-0.41733316294685957,0.5633105983605137,-0.12128992621239497,-0.6191063389978712,-1.5694327594432123,-0.9302385582604172,0.16129921471158154,-0.5845867342869397,-0.5767818632243291,3.4452563030814876,0.2728179638845511,0.007618889855556272,0
011,-0.7831252089793854,-1.7084250352604204,-1.6502778757564591,0.5705315046397884,0.21827076322841868,0.960556470198301,-0.12128992621239497,-0.4583898627788485,0.060449752712872624,-0.5711888672593064,-0.26010520258582226,-0.9120848765706063,-1.091845448688641,-0.38216795935936565,-2.285388812818661,-0.49914802346261206,1
221,-0.5776818327202592,1.3990586273536176,0.9140640529159866,0.8003312618900894,-0.4171931339831533,0.615350315762403,8.479268477939144,-0.49608098243339016,0.34407514338959166,-0.7381055087450809,0.20509784327806868,-0.8231618956649004,-0.8229021493181856,1.428100186061727,0.4470274824076854,-0.3997903739806652,1
388,0.18539356481363833,-0.2537601993298312,-0.1876782554971227,0.40571024430148994,0.5774621779656143,-1.18974078354546,-0.12128992621239497,-0.2526075799432074,0.0989192514223442,0.2815564688481999,0.12749215848305523,-0.05273786674764827,-0.040862434811245366,-0.715064287654142,0.24000909474951687,-0.6628239796168802,1
439,-0.8124742627306891,1.372192536357886,1.1782412381604814,-1.0781138324796402,-0.5132582277268908,-1.0945971542800244,-0.12128992621239497,-0.6408501310681781,-0.07516461920287579,-0.6029388181782501,0.17070652106262246,-0.45368945484998097,-0.44721786695973026,0.6434006348704676,0.3387582414436999,2.128222611378075,0
434,0.038648296057119585,-0.6578851915930389,-0.6941041383815785,-0.991934389364,-0.396280202550238,2.41256777121449,-0.12128992621239497,-0.18446094441373437,-0.6185341466997527,0.06869361051425474,0.12475074172507464,0.15818114117943968,0.18485445474499934,-0.46615652344158587,0.25272207655367956,-0.8592891209687603,1
542,-0.6657289939741704,0.986114762651483,1.5297358365620084,2.325394690814083,3.108781344785453,0.053519118748149484,-0.12128992621239497,-0.6390335349099555,1.0061324832088931,-0.603146051026388,0.5307327973779049,-0.6319675742324162,-0.4092499222868373,0.021692502852009153,0.40106354415398054,-0.22808708877259037,0
310,-0.46028561771504417,0.7025509176877129,0.1924297821257329,-0.5183460581086525,0.41720710710664344,0.873081376279677,-0.12128992621239497,-0.6735952216795837,-0.055353618324559616,0.07590478105632388,0.16418307737924698,-1.855313604485183,-1.8838980887751204,-0.32823838091345703,1.134291792023681,1.145699072604715,1
487,-0.2548422414559179,0.3559368188541027,-0.37077446260559466,0.6426204559306743,-1.2595321378678832,-0.6711442333300156,-0.12128992621239497,0.7147802510708767,-1.0458955899912048,-0.7807903824116058,0.1898997147940358,1.9810944090584508,2.059322912969805,1.5569544139367144,0.518851942902223,-0.8647736854590339,0
048,0.06799734980842333,1.230197558588777,0.9618949750834895,-0.066857781152519,0.6707107006329531,0.3741181938140609,-0.12128992621239497,-0.6070686694325693,-0.7040795926580264,0.15847647907195625,0.10748839161081118,0.4640787859113261,0.5003380657294578,-0.6087516320148053,0.26728044528505945,1.4845380993681943,0
204,0.15604451106233458,-1.100715024803055,-0.8573556701540674,-1.2130211552153023,-0.2853206305186487,-0.12707561124441696,-0.12128992621239497,-0.2945419923301136,0.14533434334783546,0.26516221547615443,0.15429173321199888,-0.4246161519715144,-0.41914336707481264,-0.47178734176079123,0.2686143089244543,0.3397744996677274,0
373,-1.1353138539950305,0.7772498561523953,0.4503800842681452,1.7932403181956733,1.2981812018610632,-2.102840243290354,-0.12128992621239497,-0.7169349225979393,0.26855234664936495,-0.6389265304213667,0.11763370560660774,-0.6590064570239366,-0.26346807020844065,0.3084212876133655,0.13754179857009688,2.1505182347917575,0
510,0.5962803173318908,1.2224248101608803,0.9125873005064234,0.6040304215971574,0.7617333458438077,0.15036435999182465,-0.12128992621239497,2.1266638400647198,3.2472899185573496,-0.3128539877101219,0.23195725653536925,0.5051028008123286,0.30191641486844994,-0.22703076026030652,-2.8621017806060864,-0.875245630438563,0
077,-0.9005214239846004,-1.0652171095106715,-0.995991975797394,0.24527349715509278,-1.1975840740607375,0.07338968894612567,-0.12128992621239497,0.10917574020424507,0.535633359641805,-0.7755252666143847,0.15619407216356299,-0.5501760751486872,-0.5446320373190957,1.7999578140592531,0.27683614183459787,-0.9319933216409977,0
166,0.5082331560779796,0.21158271717821664,0.05076689986003432,-0.027513351646917966,-0.9090303554032151,1.0604520993483757,-0.12128992621239497,0.1558515354936179,-0.5773393311043277,0.014096056172285628,0.1414454107191169,0.5114937131648952,0.5486143442697524,-0.4937224810255832,0.2166861485118633,-0.7459660339191968,0
460,-1.1353138539950305,1.0872565740780336,0.9145846529428666,0.28112614590643686,-0.04809383239038182,-1.1689727801590903,-0.12128992621239497,-0.4043791129522746,0.20438814679605183,-0.9510476387321374,0.13334507771273946,-0.17765265004205485,-0.17349887748534581,3.783703713913426,0.2611221723217346,-0.4321352774059912,0
443,0.39083694107276457,1.0812205446981853,0.47251313787177807,-0.8692986418400996,-1.4269694132735313,-0.3981676968135756,-0.12128992621239497,1.367412152781644,-0.7834047244253151,-0.6303384678483641,0.15758155362036635,2.734825519378932,2.8356025664955213,0.6917650794068977,0.25834296557755004,-0.8160153646438855,0
392,-0.16679508020200667,0.6732281491214486,0.21666964471128522,0.19838781054184695,2.07481402766517,-0.9892474128539819,-0.12128992621239497,-0.4805166554051788,1.5290922288775255,0.4011945592576186,-0.17269294218452494,-0.9788696859260256,-0.8134070434813908,-0.8923047876857546,0.41795725702119,1.1666330344415927,0
242,2.093082058648382,0.7667360920837153,0.9281318970314408,3.8645592938627416,-2.3802791695808345,-1.642033662613099,-0.12128992621239497,3.726999238122753,1.735094597973943,0.42455839198520917,0.18030597271620658,0.02822419100653019,0.05182282529302071,-0.6181305696399155,0.4037276403097957,-0.39788417074415916,1
218,-0.9005214239846004,-0.2935829027998569,-0.835011373199809,-0.9865642067416579,0.41920438435641694,-0.4544693848089961,-0.12128992621239497,-0.2815640496947995,0.4778137868384091,-0.6588287873659245,0.16015344429105943,0.3959167842134785,0.42706728666485033,0.786705484644079,0.2933859861433286,0.07778797188571476,0
398,0.09734640355972708,0.7311835959228545,0.14550541090740762,0.1866625512043431,1.1625292896768449,1.0413443053721272,-0.12128992621239497,-0.3069429549788802,-0.2204182533593959,0.03640465890583804,0.16267422232047507,1.0470213883742372,1.0971557954086273,-0.7969595406519474,-0.10811399659721066,-1.0670804630724036,0
545,1.2126104461092695,0.9791532115418425,0.6528820747949057,0.8645055258600913,-2.3914212758279545,0.8978108127889406,8.479268477939144,2.28533873025788,-1.3354509348243304,-0.4721656783426656,0.1489276599532428,1.9654017801642936,2.0434162635221242,0.07386167414559422,-0.005182999970295925,-1.1867370037094898,1
050,-0.6950780477254741,1.2826108928112276,2.2047755680342593,-0.43386350654627026,2.1003063015435077,0.5200066402560889,-0.12128992621239497,-0.669026719053252,0.8065694159777815,-0.5038494482087048,0.5161277764471861,-0.27126600946436596,-0.20240933668410654,0.13935708139975664,-0.8516658468574011,-0.1246064421517456,0
084,-0.6363799402228667,-2.8669242969172117,-2.2356665581135027,1.9702737772535548,-2.962588599625926,0.8823830791410108,8.479268477939144,3.032027649348323,-0.26450454489994146,-0.7348805961273502,0.15914786193227823,0.898328087278391,0.9456016383121033,1.2833205136398778,0.3708786268239938,-0.3096586153819492,1
294,-0.5189837252176517,0.7023199049461769,0.2756079547563617,-1.1700839892036272,-0.07344967983488339,1.2156350427470053,-0.12128992621239497,-0.1892152262551922,1.1694811588427183,-0.5540851225960703,0.12898177476199424,-0.24485876116986766,-0.23166901198384132,0.5753153943535634,0.19617499601032196,0.020236963483797478,0
245,0.919119908596232,-0.8985686490241158,-1.0130049004644346,-0.6935569186283621,-1.9034089684350355,0.3907219386866372,-0.12128992621239497,0.4835228709281656,0.610447500533939,1.0511643525486825,0.18743408262388803,-0.8391070603059992,-0.8374482857097455,-0.8610909994190902,0.3947694244062773,0.1420562538391668,1
211,-0.3722384564611329,0.5879760019167003,0.08648040050732497,-1.1071885104496935,0.37872636132472354,1.161569618937391,-0.12128992621239497,-0.27468315453444536,1.1023843177169084,-0.34394606560240504,0.12724842078889312,0.15299549316843752,0.18429387715495682,-0.09595846899727999,0.3074614015279898,-0.22257138633681767,0
356,1.6821953061301296,0.19795808786059138,-0.6310001040260873,-1.123672149265744,-0.16044021210181747,-0.03623794056937908,-0.12128992621239497,1.3042843765223118,-0.6073719278760283,1.8908765444888946,0.23573360859967496,0.5925460195918659,0.6227138265425809,-1.0380336794522362,-0.45694308561769376,-1.0736193485969365,1
213,-0.5776818327202592,0.325649742331552,-0.3985780738487502,0.2723082192487609,-0.14149106220739865,-0.9464740120264942,-0.12128992621239497,-0.40553528757378726,-1.1724429187151277,-0.4739050668899577,0.19197743387228933,0.010543266491832447,0.03299571344287992,0.32083204974524093,0.47495670217545466,-0.02037824777536853,0
083,0.12669545731103082,-1.9883560065688828,-1.8570660389397122,-0.9155216062892949,-1.009603684486604,-0.36661822465941396,-0.12128992621239497,1.1932392726117471,-1.0036131139635172,0.04200015326993126,0.15829328416091248,1.7226397392704405,1.7938350823516913,-0.5972265402437359,0.3095484533800056,-0.6163295303555969,1
513,-1.2527100690002453,1.354406431217666,2.3647123250823117,1.0232092089536637,1.1058021199381642,0.112451290716165,-0.12128992621239497,-0.759698556048471,-1.7195403509385185,-0.9564730813644176,0.05230733717423268,-1.6559338170563944,-1.685119998930462,4.46712046536093,0.2669396865131759,1.6784112703947132,0
178,-1.0766157464924229,-0.33920969109673643,-0.6855978121502088,0.3578371427505992,-0.7699916134436167,0.33391171699888983,-0.12128992621239497,-0.5824823209194215,-0.6208900207393787,-0.6859571045429715,0.1697317029707661,-1.262178194273719,-1.2762507864414079,1.352935721388301,0.3318695217199483,0.0093247342223893,0
268,-0.6363799402228667,1.1090501434596545,0.9940662471616796,-0.9795819846802188,0.09763745526105712,0.4768631993836497,-0.12128992621239497,-0.4682243386658876,-0.0870658956205959,-0.6141810986385787,0.1258715668604266,0.9871393043331819,1.0618164867534152,0.29278026066683777,0.2380837046529187,-0.025975777238155015,1
142,1.5061009836223072,1.183645445636543,1.3016764257054423,1.4151813902876795,0.2802193404618643,-0.833559640547668,-0.12128992621239497,-0.5313278971347162,0.04789763631438284,2.4730326916940384,-0.08714722412124769,0.34980240910670124,0.34941901053154084,-1.1221197331375088,-1.0477622758818073,0.14254852347812214,0
208,-0.4896346714663479,0.8453741293518422,0.015848954599811872,-1.5686879044408828,-0.9652420449195585,0.1718353808426712,-0.12128992621239497,0.014365385989763453,0.21780585121166748,-0.4664280708665082,0.15017135035291518,0.5559563110394701,0.6058226744103005,0.23836108255360783,0.3159407625217266,0.17247750587127253,0
352,-0.9005214239846004,0.9006641232362168,1.220840083900883,-0.2894140287510565,0.31817259025515265,-0.35259338661527573,-0.12128992621239497,-0.7023880532440033,-0.24132873598067991,-0.5823342443722342,0.17695614015993738,-1.487501539565698,-1.5088098870432878,0.8004612885223391,0.4184458298661802,1.619486708989531,0
499,0.39083694107276457,-2.9865203099908584,-1.7908716788948829,-0.7995793136361511,0.2911038501339906,-0.4433635661915111,-0.12128992621239497,-0.4763063433648388,0.27486463527177063,0.6953191508858756,0.15679068218061906,0.6482121177664184,0.6957467479950514,-0.8078424484539761,0.34639064681774034,1.5497207290712331,1
143,-0.9885685852385117,0.396041736194481,-0.29826960439892425,0.9390511471621037,0.8887949123171058,-1.094790125164934,-0.12128992621239497,-0.7255893085530952,-1.0616491084587265,-0.47598646264857947,0.15501768304254115,-0.39616323627900174,-0.38452867368208316,-0.03160319691567828,0.31632792581274405,2.3549189043387075,0
364,0.7430255860884095,-0.3464395917370369,1.6630918528708942,0.6373617266901013,1.5007319090507636,-1.8711292073396157,-0.12128992621239497,-0.604037855873876,-0.05579269526851907,1.3125611380468096,-1.573476944367628,-1.1114294700081913,-1.2777087066138164,-1.046439889705688,-1.4371778124447698,-0.1256488740265879,1
451,0.5669312635805871,-1.7265072012647795,-1.0644343777543324,3.239293933956916,-1.6119223575312354,1.9513970657960797,8.479268477939144,-0.20101607129010524,-0.03963295613560906,0.15693047838187213,0.3074210739788581,-0.06310678849799238,-0.0333368928157836,-0.7589099857298397,-0.4849994982973597,-1.150014887987509,0
212,1.5647990911249146,0.2764189990227512,1.121250171562638,2.126708484020676,-1.2451596738166968,0.04951364353457207,-0.12128992621239497,2.790651917411149,2.329922967292057,0.19468540296055523,0.1676370790281615,-0.1274451247216682,-0.10652507883449427,-0.5424720993124306,0.33103005318646106,-0.6493738003251427,1
177,-1.0472666927411192,0.4033032599747751,-0.3073123511096054,-1.5576772256405553,0.7324554645120044,0.31498659566356907,-0.12128992621239497,-0.36667567040982496,0.32643939026204966,-0.8005384352373215,0.09292879897537057,-0.03474904780421737,-0.015811180753211914,1.3365487934213713,0.18012683618637307,-0.4217810187142335,0
273,-0.9005214239846004,0.8261740655798383,0.13411905995253207,0.8298072203453638,-0.9161268711223113,1.1159664164565433,-0.12128992621239497,-0.049552038533878816,-0.02906540038685615,-0.8638625782838176,0.08003911501718175,0.6201268313933673,0.6551801241678458,1.9535939540647076,0.15495058666346656,-1.2313247878865536,0
300,-0.9005214239846004,0.42782359867901454,-0.4484323812894361,-0.8553462218401136,-0.12464473539821301,0.422997359777707,-0.12128992621239497,-0.4780737722334507,-0.7380584568710011,-0.5768834810963646,0.15876700332116386,-0.05150490413503631,-0.03214796347875232,0.4728776803791633,0.2926724116015816,-0.1393928140946041,0
362,-0.4896346714663479,1.3093936468302079,1.2608552470375705,2.6808849552612397,-0.6788259828506058,1.8688892962573496,5.899100956693829,-0.15765466984590762,5.874441180696864,-0.6971408723515363,0.1011288254567031,-0.5221372532450484,-0.5146945107432778,2.021397343748372,0.27903897322853516,-0.4507270623016053,0
052,1.4474028761196995,1.1989970710569815,2.153737582782162,-0.7648920121258141,-0.4193479544369026,-0.9666842134362532,-0.12128992621239497,1.8404639719513431,1.4162964680349774,0.018442252407378477,0.15189079220108992,1.4501821434164162,1.516966111833673,-0.45178236334803357,0.2513058514934646,-0.6831654496157,1
005,-0.07874791894809541,-0.15354723423466832,-0.7555903189708828,0.8967243859912529,1.4455498268834444,-1.3774159196494329,-0.12128992621239497,-0.6707278063640393,0.10310565649038245,1.0916106845757945,0.15489650704134414,0.3129733090244808,0.362505500334363,-0.9153082120912861,0.37950685092820247,1.7985382081688324,1
214,1.4474028761196995,0.36979779816576036,0.5732303944405814,-0.5309444441231711,0.17590268495612496,-1.0483989438509904,-0.12128992621239497,-0.489908412558166,-0.07726947564272757,2.1089217517989405,0.14582692941954897,-0.24352899251177887,-0.22907566917714114,-1.0448368183059271,0.3117168948191573,1.0509469326139467,1
236,-0.22549318770461416,-1.7872454050962252,-1.2525959807976368,-0.7253974814855729,0.9433443148686477,0.2472291843074024,-0.12128992621239497,-0.24727614480791563,0.12920015568775492,-0.06769583418500247,0.4559643174774341,-0.4240859562091592,-0.4129729224182594,-0.5248047548552591,-0.8200479877979956,-0.8871496310104822,1
370,-0.6950780477254741,0.9924105496680113,1.1596729995972994,-0.2513307543696423,1.3723508054978515,-1.5098084266954617,-0.12128992621239497,-0.6987492279814432,0.28336661807621594,-0.20087200463737082,0.14639015478087755,-1.1487259847130364,-1.1794645201405125,-0.05794283268365255,0.23700705827367136,1.8987160122221796,1
509,-0.2548422414559179,1.1386448273257064,1.6781381374183497,-0.34606022717673296,-0.29178625255894175,1.2022450938518394,-0.12128992621239497,-0.21496571396527397,1.4215420792366715,-0.4999645851142903,0.148221042054914,-0.7109593945543691,-0.7119581660383344,0.3520869653826595,0.22071486211060135,-0.3824477044596933,0
180,-1.0179176389898155,-0.9197947168566029,-1.2113529449692293,-1.271796643611829,0.07486758211765904,-0.34341346929831995,-0.12128992621239497,-0.41822783175028966,-0.21912325795866255,-0.5452843330571845,0.16487374234242613,0.5191627676707756,0.5601181734474606,0.28005874670198916,0.3526548411966638,1.0218571533111047,0
024,2.2691763811562047,0.23038841325205472,0.6800020578054833,-0.16804221611279838,-0.22851647238888428,-1.1326776839775796,-0.12128992621239497,-0.19232546693032962,-0.3058352299064678,2.496780588740017,0.17080751268558994,0.016868674832508437,0.04572917072746456,-1.09428574334429,0.3207853415272867,0.4099979887627149,1
330,-1.1059648002437266,-0.7962872683598156,-1.2028553976625234,0.8384743389386979,1.5664451660667227,0.18471457008792952,-0.12128992621239497,-0.7282704649664009,-1.1826696968742254,-0.516137954726083,-0.03366839621648665,-0.5840624110140161,-0.5803069041860689,0.3112941668624286,0.21555493567633885,2.2060379592173844,0
428,-0.6363799402228667,0.9726078591458973,2.258225001463414,-0.44751340747393903,0.19211039926829665,-0.7404664615676577,-0.12128992621239497,-0.6813042514349016,0.9918719999807801,-0.4031150572486298,0.1825017944779685,-1.8644145419502793,-1.893185712542916,0.3938588772751999,0.38657480039530007,1.5931831575463788,1
326,1.4767519298710032,0.7807113862802351,0.36638981578955043,1.68537358693549,-1.033618724387188,-0.05972204470388308,-0.12128992621239497,0.9365874070892068,-0.2613147768544553,0.3581566592607415,0.16215442830754026,0.6234972527981498,0.6673422558569189,-0.7253291134614049,0.2762273344029423,-0.5374658808337304,0
186,0.30278977981885336,-0.2536533209953587,-0.8427821112237329,0.9393804285159146,-0.8526522200179979,-1.3143638610238255,-0.12128992621239497,0.08419742771976418,-0.9082777268609677,0.017454708121979235,0.16985918867800456,0.6883083419996199,0.7285236798599404,-0.5715880371301882,0.3735363749313175,-0.27229853900671813,0
433,-0.22549318770461416,-1.128380060358865,-0.5925458035065209,-0.6614801985001959,0.017220708331865106,-0.4123753339336595,-0.12128992621239497,-0.6196504521520975,-1.2938813552903905,-0.2019501129138184,0.1478934450840402,0.4865035076875692,0.5294433227452802,-0.3099544787981772,0.344046665151615,1.9303787608434855,1
518,-0.9885685852385117,0.322363489621264,-0.4700868370162489,0.5732166560964633,1.544603083225039,-1.696820684734165,-0.12128992621239497,-0.17659969444064613,1.2645921314329838,-0.7183002931808599,-1.373985431962372,1.9611045125664857,1.1528662057542496,-0.698422607034191,-2.2880939875967865,-0.4104458608312571,0
529,0.39083694107276457,0.19401060529533218,1.409823212278113,-0.647473396109447,1.027223065921618,-0.887803143471621,-0.12128992621239497,-0.6305468460994513,0.30337028224984186,1.109120838758499,0.12632565424811693,-0.9687398112283139,-0.988691673915363,-0.8868733405463018,0.3056727336784285,1.9035293814424736,1
299,2.0343839511457746,-1.069294971934104,-0.9418085499757193,-0.6340507650331103,-1.5651034687476297,1.9561536172185927,-0.12128992621239497,4.721227638093887,-0.23670825233216175,0.41617340224616733,0.13186756975988256,2.2078963598496646,2.293825307235457,-0.7848560437342413,0.26906674679540205,-1.336840009404321,1
440,-0.5776818327202592,0.41358990314958266,0.3137678336104965,0.6943644640929986,0.11267200266744927,-0.005693198682728007,-0.12128992621239497,-0.6909513766772076,-0.5913341393873279,-0.2138962261832871,0.1703678530886432,-0.8409259345850868,-0.8379588391730362,-0.15450390751505477,0.345615640031944,1.784938107648187,1
222,0.2734407260675496,-0.2656780913581054,0.4638135817202046,0.4218400720575928,1.2211834981086263,-1.3047065473518171,-0.12128992621239497,-0.6996324778325491,-0.12357657643017121,0.5003573235422629,0.15414882627133727,-1.9620174148593676,-2.002631997197527,-0.635753593653607,0.33334812818814047,0.11926861507221274,1
537,-0.34288940270982915,-0.3394091638162853,-0.4007450325169862,0.801308585743592,1.9068679350318314,-0.012291694379788276,-0.12128992621239497,-0.6800513973548361,-0.23724522816736784,0.09784308864564906,0.7445801821522314,-0.6131906451379128,-0.5891888293545765,-0.7749396932569456,-0.4245804390165138,-0.02593291460909334,0
454,-1.2527100690002453,0.8245487343843952,0.3240592149292558,1.7129354566764556,1.8493701455182856,-1.5425829702823324,-0.12128992621239497,-0.7244332502767875,-1.069906925981829,-0.7521245879123927,0.11542881825850773,-1.9276895701863688,-1.974862646062204,1.3222871397229188,0.4685458238040532,-0.4026229114832293,0
291,0.5962803173318908,0.9816571863333419,1.2435253156151593,-1.1837558479232588,0.44898891321675527,1.0569641873069622,-0.12128992621239497,-0.3391598553554081,0.6858126514853821,0.5418290699314408,0.11701089144319347,0.007757912517682208,0.03287619396548642,-0.6926394976158164,0.27608449527824747,-0.03949866964004397,1
150,2.7387612411770643,-0.5724395788454659,0.13082276218691952,0.6086946973449477,-0.7118717644852319,-1.5653079312803742,-0.12128992621239497,1.1357310440801776,-0.4197617111794914,2.094467430565412,0.14216848765885579,1.5725158057672253,1.6106328038427167,-1.1157271448007964,-1.857693792824199,0.1393832002683255,1
316,1.770242467384041,0.8338325339494758,1.1784623236235985,-1.0108145855926518,-0.4754957762002411,0.18483501149115922,-0.12128992621239497,1.0705771398485526,1.372115610773792,0.06169402403132344,0.15878800509443525,-0.07944322107745,-0.06526059847102991,-0.4380398112291806,0.24654523747601106,-1.04576135047006,1
167,-0.9298704777359041,-0.7469357412231564,-1.23335871920376,0.09395691984647071,-0.407620656730281,0.281053884765052,-0.12128992621239497,-0.5135887114013727,-0.9290049276488713,-0.696113698280715,0.15004381226114666,-0.7449178016077743,-0.7469870639780897,1.4121176087911314,0.31681545639551456,-0.8808955351139742,0
264,-0.13744602645070292,-1.4457871619727145,-1.4859338380499076,0.8992537529462985,-2.578108724631647,1.3492682613225153,-0.12128992621239497,1.9834830317755716,-1.1989177174647665,-0.5945845026186489,0.15611711493170558,1.6870660043488024,1.7579539384578469,0.19609577052499078,0.28154602448501737,-0.22401394719365617,0
066,-0.9298704777359041,-0.014520100297952577,-0.2176729076684672,-0.35294132366541614,0.8054866858898779,-0.8397307266651152,-0.12128992621239497,-0.5901109234360125,0.8700800751552921,-0.3973726904215816,0.163704980452028,-0.6407073858895369,-0.6334928041248792,0.1587710576723494,0.37104730486943044,1.4909271819536007,1
149,1.3887047686170921,0.59173766616437,0.43533723442072286,-0.6752389923637978,-0.697365374521629,-0.7956068397243633,-0.12128992621239497,-0.07685958585542818,0.026889130565229197,1.1426251587613283,0.16454541590995597,0.6839164242652879,0.731628385616647,-0.9593169700502608,0.32837920931888265,1.3489761967230354,1
130,-1.0179176389898155,-0.6226097349682777,-0.7100578359446534,-0.18228739915877856,0.8579570172378046,0.3869175269712157,-0.12128992621239497,-0.590062660533115,0.33485438600377115,-0.6518567444819844,0.11117553460797602,0.2862708603013002,0.31509121802759027,0.7475168725103262,0.22286011852757548,0.24121257804312962,1
497,-0.8418233164819929,-0.6681279314355479,-0.9635529879355486,0.40325671573287775,0.5247621001829447,-0.5209365446317892,-0.12128992621239497,-0.5319566766422742,-0.600868617977132,-0.515498045229273,0.1283594545295282,0.5757678795646695,0.6153229327112996,0.13600109274836078,0.3103011326821923,1.347012606205282,0
219,0.15604451106233458,-1.82484879475902,-1.4267316520320195,-0.045530564219900115,0.10939421707110152,-1.6606753007756694,-0.12128992621239497,-0.552779552303184,-0.7542096855163004,1.0241569952069371,0.16793199497647596,0.03184315238620584,0.061895689546765616,-0.9045138057763734,0.37281869243538357,1.8979400671881188,0
358,2.826808402430976,-0.8969142388241745,0.11407251757455829,0.16771960579292208,-0.7526882212895891,-1.4843724113325365,-0.12128992621239497,1.301941027761421,-1.0368454220361714,1.183907538446653,0.1475115440166024,2.365270648009931,2.4573808862941204,-0.9974399135953195,0.30537658238838966,0.08671174276860227,1
343,0.3614878873214608,1.0187430445649757,0.26940134520279346,-0.936848165486508,-0.9329874578150229,0.14545053048067547,-0.12128992621239497,0.6505238009705067,-0.6596368041508877,-0.3000475039472408,0.14532041547186114,1.6984302065583095,1.7739427249598076,-0.27181350395343123,0.22922541349901657,-0.47840383331602876,0
482,3.4431385312083544,-0.012288489944413328,0.4536685156695487,0.17217083059319946,0.22585420758832464,-0.12102637123276537,-0.12128992621239497,0.9196393118475773,0.3963355902720029,3.8112283836773964,0.12429308075340381,-0.16216397179202782,-0.1590180823189333,-1.1643572112007465,0.1501265937957522,-0.8917867789270535,1
078,-0.6363799402228667,-3.039450749742439,-2.2747202843303027,1.8625516496992798,-2.9106258165457666,0.8728150583489316,8.479268477939144,3.992510808194535,-0.0020550288436723936,-0.7633035285482879,0.1599943244681421,0.8946424545247909,0.9423059827572865,1.4605634689226843,0.3863132010302169,-0.31239325205996504,1
239,-0.4309365639637404,-1.6613395830409041,-1.544102626665981,1.943249825731784,-1.231504682327848,-0.042182119116263336,-0.12128992621239497,1.2769285772816799,0.657922737456705,-0.6938079546833008,0.15853541662877424,0.7566953804501095,0.8018899305851269,1.09572309966547,0.30605822842090097,-0.9858873663679374,0
503,-0.6070308864715629,-1.8986212436007348,-1.5256105554200619,1.6583534397067168,0.6959977774771784,0.31019452026400857,-0.12128992621239497,-0.6377502614877263,0.216398319236782,-0.3933806276065194,-5.939843538292115,-0.12922147139511747,-0.7915102003980383,-0.8904778123181141,-1.3699228742594343,0.027835568629478658,0
200,0.2734407260675496,-0.5980862229585069,-0.1485423507152442,2.126551739887525,-0.980437471199223,-0.41346316347675,-0.12128992621239497,-0.0302347778529806,-0.9900144736211725,-0.37655789064260936,0.1681899113344125,0.8630139856411686,0.9068763782389523,0.22578372961277382,0.18612247267825371,-1.1293394108107915,0
292,-1.1646629077463342,-1.0153470251788757,-1.345537605106371,-0.6275694063197415,-0.19768513512869618,-1.0430784906616173,-0.12128992621239497,-0.5019901629587451,-0.8965894361412275,-0.6715777888796268,0.12802313433627202,-0.26501743174658166,-0.255695668099917,1.0448088859559461,0.239860964053566,-0.15382999711917042,0
384,-1.0472666927411192,0.60313484274811,0.18087271026334487,2.149172345706971,2.2425232795687227,-1.7478871942338703,-0.12128992621239497,-0.6527265489531607,0.16886794276456812,-0.7106647929378666,0.13366604426927778,-0.47505483750287364,-0.9370544179849336,-0.6814649263877093,-1.4257342853895396,-1.0867870231343166,0
342,-0.2548422414559179,-0.5114167127082183,-1.138526167205002,-0.30381051989633195,0.13643367899797865,0.6616071368574937,-0.12128992621239497,0.1332121335270126,-0.10937790798363083,-0.15600405290943672,0.12711716325411246,0.28871037407861344,0.31210096152519634,-0.376701157899504,0.1517047215895585,-0.9154815967731448,0
170,-0.46028561771504417,-0.20528605898954608,-0.568676428570672,0.36693983366732497,-1.793809803429193,0.4451746375866865,-0.12128992621239497,0.2535914123218555,-0.5059119533644733,-0.6298636581010958,0.5649534386784415,0.8096020098000669,0.864145369807914,0.1129947408107962,0.9929714818294479,-0.5808848987749766,0
175,-0.34288940270982915,0.05161989895739827,-0.2643903952807402,-0.8466017754486521,-0.8616854360532414,-0.437092553134198,-0.12128992621239497,0.2755971471125692,0.025526823360469027,-0.5917065527451768,0.16672577854557155,1.3626622025412105,1.4305267880868546,0.5338359597036706,0.28590189999043,-0.07744806057515409,0
197,-0.8711723702332966,-2.2758594726021633,-1.8488187435279837,-0.9708687269882716,-0.08516208577364234,1.8141072630190125,-0.12128992621239497,-0.44094279308852363,-0.9763840089053827,-0.3193226426687458,0.12615247982227787,0.034954982272496125,0.05887496420148995,-0.06006540873563526,0.22176664097007406,-0.028254607426059886,1
333,0.39083694107276457,1.2185182653667976,1.6540898407611742,1.6383426670076995,0.09343450138340935,0.16776603519493213,-0.12128992621239497,-0.3077137300880889,0.939887550188758,-0.12911404496017342,0.1507572144216879,-0.5955700814450868,-0.594977369127306,-0.16929166318784686,0.16386697717154722,-0.5476542067731598,0
531,0.4201859948240683,-0.6997999403878962,-0.7247152185892206,-0.6154574006726786,0.8550650797519982,0.8046520569019322,-0.12128992621239497,-0.406986163965081,0.37925783216758213,1.3437092654796325,0.16541143896186006,-0.6126369638728719,-0.6157150660057884,-1.0036239718346491,-1.288274734904533,0.9506257797373754,1
147,-0.22549318770461416,1.2202047130562135,1.9426742203413732,-0.6414796404744905,0.11430582053729346,-0.3571424591996839,-0.12128992621239497,-0.6861273291118614,-0.6098120450396928,-0.3572820377454072,0.1670830095586898,-0.7651889115104861,-0.7607168671916023,0.01659044036205134,0.4155479467370996,1.692333930365815,1
065,0.33213883357015705,-1.7639989624447379,-1.6847873022193285,-0.9936376140928894,-1.2463991917177057,1.992868126742484,-0.12128992621239497,2.701670532219622,0.34676965428626694,-0.17047344414021195,0.138673341310945,0.7541176997752077,0.7982682253358486,-0.362837136964271,0.28730068083041144,-0.91352891572705,1
183,-0.6657289939741704,-0.7704468691821187,-0.7680409745414304,0.46036234265204456,0.495932820759778,-0.2710977966348668,-0.12128992621239497,-0.6146925304425362,-1.09780938251868,-0.3827770778200223,0.1643423862090962,-0.0861856099052465,-0.06824848763766357,-0.06940696124543587,0.9316652391456166,-0.9846759879963847,0
532,-0.46028561771504417,-0.29208754763980627,-0.3433104947279478,1.3347971231623599,-0.7797210993642323,0.5757090768702401,-0.12128992621239497,0.44298669526595896,0.8746344843888259,-0.7347157827676736,0.19776350938838522,0.7806582909171818,0.8290613897134076,1.1970062828885424,0.4902057227142923,-0.8767738240929039,1
429,-1.2527100690002453,1.134968846223458,1.0215243442555575,-0.5108604853660259,0.48533369959078915,1.477124012698993,-0.12128992621239497,0.08386970147476229,3.7864472136094247,-1.0068455848991145,0.11860849542256653,-1.3792648773962732,-1.391602384927705,9.778691999965755,0.35047699046470665,-0.2791546767218426,0
456,-0.07874791894809541,1.2976332810073061,1.4383004635043561,0.8440075702731334,0.3581216541235239,0.826837830355158,-0.12128992621239497,-0.2928554123621049,-0.8743719233307617,-0.5555914799437439,-0.5021237043303518,1.682169402349889,1.7872895706107832,-0.7671654399316313,-1.636689217908779,-0.5118295037435298,1
408,-0.10809697269939916,0.5085156874185839,-0.07455732227801849,-0.461939868132648,0.6182323469053819,-0.06015075804103064,-0.12128992621239497,-0.4048439429358333,-0.791069411730793,-0.11785488837477096,0.10896762982531073,0.7279739838607271,0.7812596263401307,-0.5349096101343286,0.2820823981672244,0.14339775578717673,1
160,1.6821953061301296,-1.3531280695035288,-1.1728948958484129,1.7259463363149663,-1.2361895836275094,0.20699458547500987,-0.12128992621239497,0.9607437574076623,-0.45680320062076046,1.657534316837842,0.1351212784362571,1.0084153854802942,1.0641990264957466,-1.0191693008386782,0.22621540470462415,-0.6054404024110766,0
270,2.357223542410116,-0.1274135657056496,0.6348684384155563,-0.3203424625648722,-0.16005721564655725,-1.5263549020724372,-0.12128992621239497,-0.1864051132666586,-0.8593828990705836,1.505466234772522,0.15984763373853572,1.7780465509368755,1.8522827028303877,-1.0255438997501047,0.39127143994815883,1.6558408739273676,1
114,0.7430255860884095,-0.3699662926121402,0.7750483286084788,0.33084664557978133,-0.16267164572318865,-1.8067492324043857,-0.12128992621239497,0.9771038935697525,1.0784600115567962,-0.29740933127842634,-0.6244380060578044,0.8076855415116001,0.7973663598639503,-0.4955251293690625,0.8871652896697064,-0.7143865355557918,1
195,0.009299242305815834,-1.112555724153081,-1.0357029134343758,0.14908559936994764,0.36951322384211654,0.7936573566848448,-0.12128992621239497,-0.5124892865555355,-1.014541906159236,-0.6043337679222579,0.05198905819813023,0.2384404507749325,0.2588915795870139,0.3365650648872623,0.23859574219124197,-1.101768210092159,0
519,0.7430255860884095,-1.0605582564652603,-1.344831929005971,0.03364436636845504,0.5482735056519391,-0.915060259142571,-0.12128992621239497,-0.6170013350053476,-0.45361702040237456,2.6917790152007037,0.1398756793441857,0.46332995209835803,0.5086876067545336,-1.1008001334672508,0.2847640094279227,1.7535996751405463,1
057,-0.2548422414559179,-0.11341137769617407,-0.6646742029622779,-0.7733600544876353,-0.0427169600384229,0.820373186823259,-0.12128992621239497,0.5554255593226213,0.04810796728045731,-0.5024646348519967,0.07444225574481086,0.933205549821343,0.9764030937206917,0.17251865528585422,0.177513298827266,-1.1143076639120861,0
247,0.2734407260675496,-0.5086364375033837,-0.8631967620393948,1.116510555309986,-1.1452019719210875,-0.3332998596742754,-0.12128992621239497,-0.2420735253896818,-1.4055995532295928,0.15943831637865016,0.16746130663117972,-0.48165877170229743,-0.47300238954532126,-0.6018448337492537,0.29758943622382966,-0.7716344977258296,0
092,-0.6950780477254741,-0.3859765060702781,-0.8771615763916158,0.5694529679248184,1.2783048120875904,-1.4817697056729409,-0.12128992621239497,-0.28922631246215835,0.4327883056184489,-0.3998359172352704,-0.690399567000548,1.5326735740182718,0.3576564339332228,-1.021054360120689,-2.0292181757912937,0.06569552924420294,0
426,-1.1646629077463342,0.26282284996875743,-0.2778672976341045,2.5145744464756903,3.043292433338351,-2.7972622564139478,-0.12128992621239497,-0.7431560073727534,-0.4901113660064302,-0.441209348021852,1.7561453779887835,-1.2603868733519148,-1.0110650139353359,-0.3346898658970668,0.816240673932591,1.7050703644040572,0
124,0.15604451106233458,-0.4264092082265239,-1.0766330401274093,1.0364113346661883,-1.3506968606084624,0.6776283435026643,-0.12128992621239497,0.5527131587107922,-0.16955816553073286,-0.23082026624503743,0.20963267645658826,1.0319767478331328,1.0825783064965901,-0.6761995661524689,-2.418791789852297,-0.2096443261037043,0
355,-0.13744602645070292,0.7730768974990326,0.20006522942077537,-0.8486684324000233,-0.7473143718339337,0.0812382772140698,-0.12128992621239497,0.20454378461667816,-0.019664527236662763,-0.4769502507978372,0.13343657229695188,1.470099120845695,1.5487007004253126,0.04826094689596355,0.26081241924420323,-0.08585207643047463,0
279,0.8897708548449283,-2.100768459778563,-1.0538108694636121,-0.66534762831372,-0.4705765421210444,0.09049147544544449,-0.12128992621239497,0.1790719046145191,1.0430921888832685,0.5667250438051673,0.13335801441548767,-0.6695171306057562,-0.6831302284533122,-0.8243853369209347,-2.017114443344458,-0.7443046637698759,0
311,1.3593557148657882,-1.141835710856028,-0.9157556654040333,-0.42333195364509457,-1.7322174902794396,1.5922109117257846,-0.12128992621239497,1.2370066996159617,0.6856434061599417,1.0873217598378835,0.15163415120866272,-0.31592488541435526,-0.30149992355404126,-0.8372003624516615,0.29293092166308,-0.3480822498073591,1
232,-1.1646629077463342,-0.4609104951372059,-1.0917570136173265,-0.1560070599760242,0.7715770846050016,-0.7368718410106445,-0.12128992621239497,-0.7246572771789034,-1.3136306991352333,-0.5550828554972935,0.16550879407517838,-1.4201047817139685,-1.4412162536464406,0.802046479471676,0.40658882595713625,2.157168886611454,0
019,-0.6950780477254741,0.5173722317322019,0.10788318339396455,-0.6191089591459897,-0.5681885719366208,0.4701252897358686,-0.12128992621239497,-0.4309969875886451,-0.30830946719396385,-0.6061804948207024,0.12824763965174138,0.29163540637787444,0.31755839432369454,0.5486194435596341,0.13344565415978998,1.8567322384636162,0
046,0.7430255860884095,1.0646043597575618,1.3981042964410728,0.3153049480785427,-0.49832021377330243,-0.3473863006181846,-0.12128992621239497,-0.31071025201447827,0.5259330925957911,0.49794207092026715,0.17770857110694538,-0.6977743882589463,-0.6890958548381078,-0.7227389905947926,0.42286809486896754,0.37849066192379327,0
038,0.5669312635805871,-0.3215371081098971,-0.768093144076687,0.9478179385234063,-1.2987543771831753,-1.5189660755826184,-0.12128992621239497,1.5776859842159574,-1.0295025622518106,-0.3200668554878696,0.16910209100184911,1.5982238295174873,1.6583232469108886,0.19464596466699993,0.34445175967803315,-1.2167715175925713,0
250,0.2147426185649421,-1.3986241088354978,-1.199375648287029,0.0011078082139115552,-2.177028330213759,-0.4391758595061592,-0.12128992621239497,2.2868102851034777,-0.48266655884540133,-0.4670737595395386,0.18893777687261898,2.2230364893526526,2.319742183434527,-0.00035486723065346185,0.4800823481614209,-0.6056455895151233,0
207,-0.6363799402228667,-2.36292349335681,-1.8538959177028291,-0.48150405249905986,1.0259150352575503,0.8668101257358019,-0.12128992621239497,-0.6411977121825082,-0.5654138757421827,-0.043352508119864935,0.1058568559981251,-0.6773735536171563,-0.6795208085484242,-0.30259733534237654,0.25220647462376655,0.27320340946491356,0
449,-0.13744602645070292,0.9705219070995176,1.7264981525833007,-0.31791497328298235,0.47092565679953036,-0.2897477451327027,-0.12128992621239497,-0.4628045631803373,0.33264644820142597,-0.21166768208830572,0.14917554238872777,-0.43921332834642757,-0.42559797869489546,-0.1594069288314002,0.3143412453446129,-0.22421261046299365,1
154,1.6821953061301296,0.7075380658901931,0.251175254002272,-0.3759966968737302,-2.0540649423662,-0.443183403801083,-0.12128992621239497,2.973700469564927,-0.5347746677127013,0.06713434469299048,0.16235302265423493,1.661162776856608,1.736419194115877,-0.3223969216883926,0.3559014577571034,-0.9678496870214469,1
328,-0.7831252089793854,0.33231019852235605,0.46791002040387525,1.1156491404644289,1.2615864825322933,-0.08178394161597755,-0.12128992621239497,-0.6199808367457134,-0.77571403081833,-0.6517823753480254,-0.05446763087906169,-0.15760644231752394,-0.23286085815548524,-0.5056047629010123,-0.7622261537314139,1.3163656715850052,0
141,0.038648296057119585,-0.810285758692734,-1.2355007293784985,0.04247463109812613,-1.789565618983914,-0.45174041675975624,-0.12128992621239497,0.15451285822376407,-0.8442924335030823,-0.31474683791412467,0.1885222851941703,0.1463583246554136,0.1759742566468851,-0.2105559358674032,0.4791572327168595,-0.945091037284982,0
064,-1.0179176389898155,0.3103953637147859,-0.4233828487207124,-0.6618108789071543,-0.9399550075578745,0.7667132843941612,-0.12128992621239497,-0.446016688050376,-0.8283325448254988,-0.7841567589868079,0.3070969378466111,0.17692967120000777,0.26698569932359467,0.6119364663282502,0.21354177182171732,1.1862045369417094,0
353,-0.049398865196791666,-0.06870108622465093,-0.5556401630944933,-0.37322991372582687,-0.8110763099108629,0.9064009215454254,-0.12128992621239497,0.17470070559829196,-1.098131554709046,-0.3658258521477791,0.46913120906242106,1.5672354850183847,1.6687699456116165,-0.3394843444002002,-0.6923349250742099,-0.5109251556765356,0
274,1.9169877361405596,-3.3866932066107704,-2.1538893859454395,-0.9986308008389174,-1.41981625529637,1.4317153336168282,-0.12128992621239497,0.5818015280582545,-1.5214475948361317,0.3240947825788873,0.15340646849751774,1.290432424439555,1.351293214404519,-0.6164441554360747,0.30394016520756895,-0.3177135802624789,1
075,2.445270703664027,-1.6616989979819377,-1.0015495565587895,-0.22574660467873037,0.2076455051866829,-0.6240536844541283,-0.12128992621239497,-0.3434234688877424,-0.10762617335316386,1.7246970317619674,0.13937880418098597,0.13191363242661838,0.15316130885737114,-1.0051741381229253,0.24888400711819292,0.3989924884878282,1
304,3.472487584959658,-0.7015672823870887,1.7129875536434775,3.028353653189344,-0.15007925175952444,-0.4717734564547945,-0.12128992621239497,2.166632271066371,0.6692126769999228,1.2463774326503951,-8.221942260038624,3.6248870559865978,2.744127645658135,-1.2686697607947959,-3.498486708896953,-1.3285938254681722,1
263,1.5354500373736109,0.058297925909381085,0.11644240602322116,1.5557758335142415,-2.0799534760042913,-0.03619666837697515,-0.12128992621239497,1.6050370969235295,-0.6587070997933706,0.013429965267257586,0.1657765484883554,0.8494581551250636,0.8997569438202091,-0.48419507735714495,0.33449834904123565,-0.715505163879626,0
401,2.0343839511457746,0.1335513958604392,1.3248943273318257,-1.2033554446594725,0.9643139268096884,0.33390700124116784,-0.12128992621239497,1.4229415970499533,1.887423503120397,1.0226300746949504,0.10935059931442788,0.4967074601489417,0.5277086933859316,-0.9182028230650675,0.14977474847982444,-1.1533855756906832,1
054,-0.4896346714663479,-0.2014639159264258,-0.32947581599824804,-0.37010511789311823,0.06819860706081193,0.06938873999378735,-0.12128992621239497,-0.338124779112983,-0.5657629226817438,-0.4806719230997604,0.10725877968899757,0.4598977740495925,0.49096733958547767,0.11655134462292434,0.18114070978485405,-0.7496482166576793,0
464,-0.34288940270982915,-0.18786416847867446,-0.08692356979854339,0.7893029881012699,0.9611299105326533,-0.12547377177668984,-0.12128992621239497,-0.09336637267018606,0.5269581311165751,-0.5653343332207542,-7.6880476511280404,2.512000724583491,1.8861417838440901,-0.9518053965318644,-1.9813807759060655,-0.5228859253680225,1
332,0.2734407260675496,-1.4570007925343684,-0.946911440049146,-0.979507042080511,-1.323683661498067,1.1549766903785943,-0.12128992621239497,0.34738388750537746,-0.5992518300767008,-0.1052348217365808,0.14320038888830328,0.8850617685926203,0.9329484578574173,-0.19719930225137863,0.2688773438073452,-0.9626759032134669,1
306,-0.46028561771504417,0.8645421258418275,0.256871426843379,1.1972384296525194,-0.9223908194243724,0.09620406198683981,-0.12128992621239497,-0.3615817099387815,0.24172856946270713,-0.3626072766264449,0.1601061513870748,-0.8137026434669267,-0.8127054269912057,-0.08870606067387574,0.3321217182996736,0.04262777688184528,0
188,0.4495350485753721,-0.4943523317958301,-0.5396477378431853,-1.0781288084308802,-0.7042885260613051,1.460381720076134,-0.12128992621239497,0.09804464314544778,-0.9869635282729197,-0.16103302554534543,0.1452016850055539,1.2319270615479858,1.2918525968003773,-0.4819201589113129,0.11108096808119665,-0.6480407932653005,1
424,-0.46028561771504417,0.2273942553514992,-0.28784624654616664,-0.2811130900720833,-1.0962702263980568,1.182220439177184,-0.12128992621239497,-0.2208424549304303,0.08627560039916154,-0.4754910707963693,0.1294128495050056,-0.9316667236216869,-0.9322496897128583,0.21334430692416215,0.19342656549164888,-0.3390071398601759,0
087,0.5669312635805871,-0.5074378636387475,-0.5359892173694375,0.5396427587384903,-0.08221917610965095,-1.5846707008990586,-0.12128992621239497,-0.6630865927864286,-0.7421928337893718,0.8370424584940911,0.17249675633329042,0.22772501615909652,0.258346309635025,-0.9017157378707958,0.3445827029202071,2.603005916384874,1
199,-0.6070308864715629,1.5148037795531073,2.013809412686742,-0.9617450762032229,0.8192526832716261,-1.1473458062435844,-0.12128992621239497,-0.7091151822815488,0.14476285488866097,-0.38767962402953043,0.1572188034367958,-1.3463861236617731,-1.372720465651085,0.2029278629452966,0.3663541695753123,2.009020849092264,1
374,-0.6950780477254741,-0.2827245767599191,-0.4905704746969801,0.012313155844148306,0.9276208164704347,-1.5672061068865597,-0.12128992621239497,-0.7299232111796444,-0.9997962905342919,-0.10838035676914393,0.17395265777421426,-1.3001100545706523,-1.3248914197067403,-0.21051712074079895,0.3965482993312243,2.3880424075327644,0
413,-0.8124742627306891,-2.191678800546693,-1.9009265344387776,0.48353896221500775,1.2328349024198064,-1.4852687094375858,-0.12128992621239497,0.813352655753511,2.072627808518476,-0.6885933736724261,-4.274227372312354,3.1911579825867635,2.4388210661576575,-0.8713304858254904,-0.9581044032259078,-0.8460138354813336,1
008,-0.8711723702332966,0.4731712501610034,0.4369272640881103,-1.1146876635348495,0.4670185532429783,1.989390976790816,-0.12128992621239497,-0.5688333553286595,0.12304739367905215,-0.5984033712679657,0.10562639349593375,-1.3558462894034817,-1.3763666306602336,0.9556271762930476,0.2412357189980971,-0.8580272981339861,0
379,-1.1059648002437266,0.18192226861640676,-0.43531512525632843,-0.869764307554781,0.12878849822283592,0.5631088388658954,-0.12128992621239497,-0.46077367007877307,-0.09451387838387573,-0.798979478569163,0.1413655344932195,-0.2151187976902754,-0.1999003271269618,1.4457231764335263,0.2444824131919055,-0.12677960940401636,0
490,-1.2233610152489416,1.282480561904466,0.7931449746017815,0.8942719782915608,1.378632435989955,-0.5167325524400972,-0.12128992621239497,-0.7096157870657454,-0.011246088837635183,-0.7133533264707465,0.1723563975095363,-1.4204338654044564,-1.4438499345079931,1.0400396641328602,0.4173623371453772,0.1066722536729443,1
151,-0.9298704777359041,0.03992531785986649,-0.5688926780221261,-0.2166715820193555,0.824756134409761,-1.69571981274782,-0.12128992621239497,-0.4559320982535861,0.49223984313934416,-0.43822467443356744,0.14894925997666958,0.32649496135481415,0.38454393627964534,-0.12285512791316104,0.3900880992571614,1.4211122397372729,0
336,-1.311408176502853,0.2728311056176435,-0.48575539133655227,1.1052696422484205,0.4160456441473635,-1.674500510906395,-0.12128992621239497,-0.7132467447067657,-1.6064566355219039,-0.8500328802168433,0.09749584206407289,-0.7889330294631274,-0.7946458592343724,2.1689832821835786,0.38744488324875886,2.031375728455141,0
444,-0.6070308864715629,0.9228265493529336,0.21567704982896158,-1.2940172293153873,1.1563357453693435,0.43168661880714254,-0.12128992621239497,1.4288940553822786,3.9051343917364223,-0.73570887690368,0.11895704358422808,-0.9762295841898349,-0.9969619953357876,1.9308941296312292,0.17737155258093068,-1.239340163826955,1
320,-0.8418233164819929,-0.06617568171597805,-0.5439824756989807,1.764199319602572,-1.3947085199814073,1.7059090631343647,-0.12128992621239497,0.18766975943753164,1.02803655666265,-0.7900660695495308,0.13623802611669844,-0.2884939144071745,-0.2751855577334129,1.7132904993349363,0.3439827166830331,-0.2708102142556181,0
436,0.9778180160988396,0.020995583929748783,0.45573276746230695,-0.7644953899226516,-0.30748498561515525,-0.7040357008601303,-0.12128992621239497,0.2758783369850686,0.9906550921382988,0.7883818661124427,0.17113250607019292,0.42797242102889166,0.4637628261970226,-0.83825185507812,0.3632818319950464,1.0392577442942004,1
252,-0.28419129520722164,0.5788724641794047,0.9405958769679975,-0.014898638221465945,0.4714579791589477,0.6369301038634348,-0.12128992621239497,-0.5823737028575587,0.4122556077069785,-0.41073999135793454,0.040081131268933416,0.24510616911695396,0.26516785743671645,-0.1636682580102494,0.1436037696242557,-1.5962838592280422,0
144,0.5375822098292833,0.0555543015544922,-0.4548190586149641,1.4986093316588438,-1.151400533961679,-0.1288019739338488,-0.12128992621239497,0.24897212038305594,0.7112577740870384,0.8338341431643099,0.16681921071934425,-0.9792671276561413,-0.9847981329430289,-0.8434661889131764,0.35208589950986136,-0.374177469404704,0
445,0.33213883357015705,-3.8867648552348264,-2.4264794739948616,0.5416037949806052,0.11650197177984148,-1.0921129220993426,-0.12128992621239497,-0.26685819330990707,0.11350432962693274,0.7957914627093199,0.046342457412700024,-0.9463953169987148,-0.99828926905153,-0.926865744371878,-3.042105492381566,-0.6306524829227934,0
322,-0.6657289939741704,0.21144720992477525,-0.01853863968614811,0.6423244346390318,-0.2887686204370739,0.2876862682195196,-0.12128992621239497,-0.5398879452675075,-1.485888166399996,-0.7359395651835596,0.11943708796855756,0.04946296660944372,0.07207206581186254,0.7767285773937093,0.15650860593080096,-0.4022251384312057,0
081,-0.07874791894809541,0.9621477289635052,0.5081099266226077,-0.8603703442889654,-0.31835773266008455,-0.5017847595432211,-0.12128992621239497,-0.5069509303640161,-0.877207445747231,-0.11290290860695831,0.13707672621478947,0.09784756436012762,0.132282980317341,-0.38532679326229075,0.28631145209612213,1.594502609034694,0
230,1.153912338606662,0.33226251223211983,0.8447368043167599,-0.7233403137274228,-0.18889334601150223,0.6122125917543053,-0.12128992621239497,0.3012878002963662,-0.07735020652774575,0.38953423023556333,0.06434324931696997,0.4210221806173107,0.4455465739686167,-0.704298093157758,0.09727976588097367,-1.1692614762391298,1
060,-0.9592195314872078,-0.12617818733759747,-0.8681331728874551,1.7735348029944646,2.721800553864954,0.5177353702981056,-0.12128992621239497,0.9879292055068664,2.1384691933518356,-0.8596767544540683,-15.780840013959542,5.249861263275685,4.511768582883055,-0.9710750508955823,-1.2949849520991201,-1.5860882801264509,0
042,-0.7831252089793854,-1.015499377970589,-1.1519898870454397,0.33708599419557034,0.8868927263539946,-0.7977426721040287,-0.12128992621239497,-0.5091768317840811,-0.44103158433126005,-0.4018854955667884,0.1306820072654591,0.4459854252986028,0.48610842490596934,-0.05183592123117528,0.3192325971546122,0.3362070467925768,0
260,1.7995915211353446,0.14662193560216677,1.3966667118623568,-0.5783669118983167,-0.3216301020240747,0.15428638509586115,-0.12128992621239497,-0.24615850520299665,1.1531674245411545,1.7222966678941123,0.1704828067331094,-1.7047674534025554,-1.7257043998166024,-1.003726683915148,0.4153392442480476,-0.28023899832739313,1
399,-0.34288940270982915,-0.1604230156812631,-0.8472109813838151,0.5159496725337585,-0.38343756818016367,-0.8450295314735533,-0.12128992621239497,-0.40345229172049113,-0.6461177418527126,0.16808762612118486,0.1733645409103006,-0.9896010743238272,-0.9925597583867067,-0.3870927741166383,0.419296523232152,-0.6075705815975542,0
524,1.623497198627522,1.5681848301513344,1.7796758626446756,0.06878179970761569,-1.2983315336505283,-1.712397742670152,-0.12128992621239497,2.528693995464576,0.4580495547265258,-0.29615942839717235,0.18002142800491508,1.766147395213509,1.8357915508073894,0.2444766398942491,0.40186594307394513,-0.937991859924666,0
297,0.5375822098292833,-0.1849483461090831,0.005180413485909635,-0.9948720616044815,-0.165101067658354,2.039661595536525,-0.12128992621239497,-0.008671889285715929,-0.30685170041474447,-0.19469956000588984,0.1335642903221531,0.44404500542637526,0.47825004241191527,-0.3558528806739328,0.21105334668849665,-1.0006998807175995,0
481,1.036516123601447,0.3165423951172631,0.6209895765992248,0.5095430715365128,-0.4160998123982499,-0.04282387192474276,-0.12128992621239497,-0.23731140227205913,-0.15873203221770643,0.9054975031609195,0.08436113868797789,0.09309717567168771,0.12020880358357142,-0.8738010938010324,0.16360928779233672,0.21427331584746126,1
037,-1.1646629077463342,0.563341643867198,-0.20589952351864407,0.9167842126269399,1.5059058689611569,-1.4268970503199077,-0.12128992621239497,-0.7246125415943573,-0.45980058807348906,-0.5223729391900166,0.0926480523821183,-0.9596582872578084,-0.9680252759776121,0.3314029560237279,0.3519917581368211,2.1890735914011326,0
346,1.4474028761196995,0.6810425294863629,1.5651391381326796,0.10622466183485708,0.22969724637283984,-1.7378295775388548,-0.12128992621239497,-0.5392717469211549,-1.0099133295003466,1.492441943065514,0.1663548220509365,0.024875611167036592,0.04586597869106766,-0.9603479828558615,0.3504550181075326,1.7671306663158424,1
340,-0.9298704777359041,0.6926267325360708,0.33871894124017343,0.6372679074284554,-0.65088502763851,3.1154207691618434,8.479268477939144,-0.3609619193126109,-0.4053032570426781,-0.875476789524837,0.06845252672325618,-0.22602795663458458,-0.21364253394392155,2.999542193808979,-0.04332303907909664,-1.4284317714052948,0
389,0.15604451106233458,-0.0363189121950165,-0.11896350671896476,0.9714681956240431,-0.26547976650495925,-0.23941046139465436,-0.12128992621239497,-0.29308163379183705,-1.333007943474069,-0.1659088256009756,0.16336011885857296,0.3414074751177743,0.37313695777204337,-0.38664759939403276,0.3982446394643504,-0.4287754659019575,0
138,0.4495350485753721,-1.4906939125869092,-0.29989458819867154,0.31566342761652527,-0.7653474810438496,-1.1940306260090863,-0.12128992621239497,0.016318234967337832,-0.10120531410287885,0.17890720887527645,0.17441601931229833,0.15588106799519913,0.18289882670067084,-0.5783445292437115,0.3820528671457969,-0.23912767052908143,1
435,-0.5483327789689554,-0.8602860394472902,-0.8979263343822852,-0.15930364760946739,0.21579256901055527,0.09553506458003512,-0.12128992621239497,-0.4242943996102088,-0.9806300689399994,-0.28494111449495835,0.04415325257902912,0.07527396496773943,0.09810363214014588,-0.1719505030661786,0.16216310524273234,-0.13391984505308682,0
261,2.2985254349075084,0.6620642913863873,2.266654506687069,1.1063475115442307,-1.132704710309842,-0.6574908965443018,-0.12128992621239497,2.3059117150780546,0.3605217801725436,0.1828075370471148,0.18587516144451116,0.7077438725700215,0.7429467210642062,-0.4974332905611152,0.3169226948238665,-0.9025369277900197,1
237,-0.2548422414559179,1.355763648752688,1.0581767456462747,0.23596380644477025,-0.794742931867606,-1.021578447798333,-0.12128992621239497,0.683022568572381,0.05291629793325427,-0.7882247768925581,0.17427772923240087,2.6484076566076267,2.773175584385883,1.657518911412203,0.3709129372443914,-0.4007996620882197,0
187,-0.40158751021243666,1.4051947229375354,1.1574199374434877,-0.4900135201795299,-0.09547330157803693,0.4787494670811733,-0.12128992621239497,-0.5637895157923616,-1.3982882330646922,-0.5232941099929377,0.12065922177804331,-0.21668651165689154,-0.20321556655983086,0.385402690279435,0.2460651149135136,0.11280924498618197,1
496,-1.0179176389898155,-0.264498262807179,-0.7743796565792949,-0.6117263889455445,1.042676921001347,-0.15096323454860383,-0.12128992621239497,-0.6837084627447182,-0.26951801859040186,-0.37385797710109653,0.17911836478856993,-1.479209297769637,-1.5036887719012426,0.1485423776688955,0.37485391632495574,1.2204257329115051,1
202,-0.8711723702332966,0.9357781232649931,0.8607828014204022,1.6200392759968123,-0.36940141628490053,0.5960705806651598,-0.12128992621239497,-0.5014076334456204,-0.21227786193483195,-0.7379928784259355,0.144186443535929,-0.22213285241187472,-0.20868232835848882,1.2493188816127059,0.22779412558391596,-0.13962276524335418,0
086,-0.7244271014767779,0.3010068696734388,-0.09722366960875564,-0.7379135976456964,0.06470972653182051,0.35177153796804944,-0.12128992621239497,-0.5804919401217237,-0.9287169840942844,-0.4962283126481769,0.08846188276694615,-0.19898837365766558,-0.18436900895735503,0.4352149640907968,0.2073354417897272,-0.045881821928146625,0
198,-1.0766157464924229,0.50265049843697,0.07655165102419814,-1.4255202153496955,-0.5938907848968243,0.6667556201692956,-0.12128992621239497,-0.6263653027625895,-1.1913339008198773,-0.8598321630563306,0.1421304583314534,-0.22671103023248607,-0.20980770621303657,2.819811350726161,0.22366169014400922,1.3218366960992647,0
184,0.06799734980842333,0.3796525022781443,-0.3525732248881628,-1.230629155038348,-0.7506190717082057,0.1709807620463483,-0.12128992621239497,0.37668590410163033,-0.06429043286338436,-0.17338773094584936,0.1609516236946271,0.16632267804338688,0.18859377608018693,-0.21997521139412496,0.3004195107912176,-0.40641792454533415,0
521,0.3614878873214608,-1.1496173994407228,-0.7988359059577093,-0.8478133313060231,0.6250380355098043,0.34741522143510123,-0.12128992621239497,-0.03293383634314845,0.23850807322712136,0.28082782026009007,0.055725348773777016,0.5484235291624011,0.5865331103210966,-0.6904479820779085,0.1648444856992173,-0.7384993854610502,1
015,0.6549784248344983,-0.7674603218330083,0.36632740800066765,-0.9866680218755927,0.8669681190649519,-0.18341069251727435,-0.12128992621239497,0.2866321520430019,1.6471090044152705,0.3630503535638219,0.1298259705917635,-1.281898042616208,-1.3669685929639956,-0.8316657146467281,-1.0958344815943197,-0.49519259673244737,0
522,-1.3407572302541566,1.2827114225201564,0.8609775155597622,1.6990516655793357,2.352294692856266,-1.0799908754684169,-0.12128992621239497,-0.7458436804463651,-1.215104965361691,-0.8561885773598668,0.6464855173734086,-1.2198583985896714,-1.179773798998574,0.9965421547235013,0.3782777074101026,1.5246131880184073,0
045,0.06799734980842333,0.5637989805972218,-0.12571977472871956,1.9223669441388254,0.761006896728516,1.6118535938228318,-0.12128992621239497,-0.2875681545971211,0.2969110599757783,0.1576443029457649,-0.9274881691216852,-0.5423511033782046,-0.7134677694356153,-0.9472671095391081,-2.8422679598253975,-1.2071574775106373,1
090,-0.049398865196791666,-0.13943706368284348,-0.6185787028992432,-1.0451245553956927,-0.54137455239307,0.7871557606752314,-0.12128992621239497,-0.06126099539924762,-0.21987742908126903,-0.12004678595943621,0.1276855047760977,0.8264846798226083,0.8762127259576088,-0.3831243374629208,0.270329956544726,-0.5780639286870709,0
463,-1.3407572302541566,0.7212742066611966,0.2469877781392015,0.05836504959574922,0.4549925915060833,-0.11882057765170455,-0.12128992621239497,-0.6856182536825177,-1.0846133217882417,-0.9290988005071682,0.12886661382858972,-0.6802435146527038,-0.6808585930792312,2.8139463408541787,0.35832622532073577,-0.30334287136369087,0
022,-1.0472666927411192,-0.7332763897342762,-0.9754073706736404,1.457596376339569,0.5679687040818041,-0.08075492251783774,-0.12128992621239497,-0.5052976080106542,-1.3515423300810563,-0.75514200363857,0.49735730779880993,-0.36938105663547277,-0.3598432198582167,0.2644920656399619,-1.0583808754128425,-1.3098918955154835,0
227,-0.10809697269939916,-0.522076384913311,-0.804380573573798,-0.34429484019133755,-0.03435334613782828,1.0560407109542256,-0.12128992621239497,0.7330827658163732,1.2607831936344864,-0.1779677103851111,0.13471335676396448,0.29611376962694946,0.3206017507488968,-0.24188924451262728,0.174463270190414,-0.5580964053603382,0
053,-0.8418233164819929,-0.4016850375384343,-0.9894989292025194,-0.5251837581082727,0.15267069117141896,0.30286291532959864,-0.12128992621239497,-0.5330857596458964,-0.7193223176911048,-0.41397662121544127,0.09997674648752651,-0.7135935430028104,-0.7202618855318578,0.2773550830385494,0.2784030842987975,-0.44385776468969856,0
140,1.1832613923579658,-0.7464341845949086,-0.4985112938621761,-0.5471181495475175,-0.09763382366381382,-0.7349683944127201,-0.12128992621239497,0.49347381732864276,0.683337376824322,0.5435694383136976,0.1333842397788452,0.2888127862080351,0.31246524570003587,-0.6375012686130477,0.24738140817547294,-0.7339505319277004,1
280,-0.28419129520722164,0.6268732136258203,-0.06379675012716543,-0.3006540366657271,0.21440189359433856,-0.5339767933573684,-0.12128992621239497,-0.5940154638886275,-0.9961592233600409,0.09230664247287752,0.15039016759582782,-0.5910069799027391,-0.5858554572614081,-0.4566984563110628,0.34299063329631885,1.4425448520408244,0
507,-0.8418233164819929,-2.0993863793446352,-1.8891310357019626,-1.4400345051187435,0.25979418485728845,0.13148734001442344,-0.12128992621239497,0.42881628309188596,1.1597889292544035,-0.519160367278466,0.15545025317174185,-0.013822330934748607,0.005079017337555609,0.19268721217989826,0.2434098524969195,-0.48492067335189315,1
323,-0.020049811445487915,-1.0345289558248587,-0.9451054476565621,1.5970540893393392,-0.8632763609320819,0.12264165731644541,-0.12128992621239497,0.17641720780359374,0.919253564314035,-0.08501528315940113,0.1605503250464074,-0.6852065497018249,-0.6810549825058184,-0.24389076539641774,0.2999500698653899,-0.3712627889353039,0
240,0.5375822098292833,1.0269906774686004,2.0144654111586546,-0.23014123265784747,0.07703510972223133,0.8014331273347178,-0.12128992621239497,-0.2512752360978817,0.49908438512358144,-0.04727213475742035,0.5078104886940382,-0.23310130665866566,-0.22206813368741976,-0.594410426098052,0.772245133012904,-0.26319934956974,1
420,-0.4309365639637404,0.3401225580256221,0.3872946640421548,-0.2992900205820196,-0.9548021195315327,-0.20664678007570964,-0.12128992621239497,-0.4548790053710216,-0.9663535140526421,-0.6043287428908306,0.1692829548993077,0.23016226527401637,0.260095803771241,0.6846103383504666,0.3597522736356566,-0.23587449371317157,0
462,0.4201859948240683,0.4177737742689506,1.4953197418801418,0.7051788074422,-0.6259421861558179,0.4921471672880769,-0.12128992621239497,-0.29759953645920373,-0.2312686274567997,-0.10991854760696292,0.1389624145443078,-0.5844378646649343,-0.5747145768049191,-0.43000940311176467,0.24104480661237557,-0.6619928479880831,1
452,-0.7831252089793854,-0.30255222857662367,-0.3252298630175375,1.0812090862019494,0.7448827861740838,-0.7234247062590237,-0.12128992621239497,-0.7316836381102282,-1.1004925954063927,-0.4310411022128302,0.10637517633679683,-1.5318098889253584,-1.5579915312393235,0.2903388150403137,0.2995774106338217,1.490269203222559,1
007,1.5061009836223072,0.7912245124104362,1.8468215823048555,-0.07287996827328536,-0.16483654342720652,-1.69515467413454,-0.12128992621239497,-0.2685287301419362,0.3927812320090655,1.6859960845771296,0.17874561477721657,-0.0849399974114247,-0.057586645867872,-0.9910725595230023,0.42341436846362734,1.2908294954992983,1
347,-0.13744602645070292,0.5542829540318185,1.6457123871751025,-0.6273048535209874,0.2551924445408337,-0.0017562220414296824,-0.12128992621239497,-0.47216999909279816,-0.2389275178322466,-0.2704731512708317,0.12549777090706987,-0.41788248970728403,-0.4173047100124943,0.04169916252908401,0.2358464817249761,-0.3780807874512356,0
312,-0.5483327789689554,1.4452388188159142,1.614379192820587,-0.6849193185218405,0.8907702380320675,0.4553892689853866,-0.12128992621239497,-0.18003644102685212,2.516188397258885,-0.5403262221712446,0.14994378024758523,-1.0717858041472847,-1.0880190613047966,0.5501311960565912,0.29317125236815816,-0.6242911127330606,0
319,-0.9005214239846004,0.014102080605965746,-0.6167736892529012,-0.7229079939551777,-0.23210329983776182,0.8907336762740248,-0.12128992621239497,-0.531486190005815,0.332714004391846,-0.5006222270498771,0.15077813485604782,-1.1409520581067907,-1.1505947634503466,0.20786974613554662,0.20405299973205587,1.1273622358837492,0
455,-0.07874791894809541,0.9391199819000032,0.9411309769998173,-0.9856611664059762,0.5652967280406436,1.1408154765619911,-0.12128992621239497,-0.5858401921154033,-0.3088741834117068,0.19547404303043575,0.11429555595701853,-0.8621249940555564,-0.8681545640421051,-0.5218034648190942,0.28416936202868975,-0.08522674501112969,0
494,0.7430255860884095,0.9145743054225124,0.7963837728311051,0.3448309309053363,-1.23766380742787,-1.5881022144098673,-0.12128992621239497,0.4423797822892323,-0.9903732891050571,-0.3351612516339956,0.18042700630673503,2.0731735859130342,2.168541495023376,-0.18131661880551234,0.43228966873721475,0.4100311352689744,1
368,-0.6363799402228667,1.3370515537036336,0.9325175704809772,-0.7946981583157049,0.6031919378012608,-0.08454348382972564,-0.12128992621239497,-0.5635413946556539,0.7238727683716911,-0.31125020667723874,0.12108119590010588,-0.25896182518364397,-0.2484208759405746,-0.2524406186982561,-0.5946980954380446,1.6242299231431794,0
533,0.8897708548449283,1.178788522205262,1.9830537550221399,-0.595177160997868,-0.6329378692995178,0.6036944998810482,-0.12128992621239497,0.07484265540897003,-0.8759178955779551,-0.20892606235151434,-0.723759829416274,1.114317687344737,1.1496076101831783,-0.6559916591383567,-2.446134179203932,-0.8005601062459423,1
386,-0.020049811445487915,0.016302998551898616,-0.19508739472183426,1.2746642661822443,0.5747515376400316,2.0205977308035927,-0.12128992621239497,-0.3639321756567494,1.7344426963225286,0.31740464800429913,-0.17901701526795719,-0.5235907878771638,-0.545953793403424,-0.8009064759383467,-1.3199363634375005,-0.8799838556265386,1
376,2.1517801661509894,1.3073752148323796,1.2025103129641241,-1.622979179618212,-0.7675028685641754,0.39393498344873823,-0.12128992621239497,2.4024695316126135,-0.0910461675686076,0.2898364695245475,0.1216762690556561,1.8485068510365035,1.9327616570045114,-0.65127881334502,0.18401889715158204,-0.7566686362532246,1
544,-0.07874791894809541,-0.7148683790988718,-0.6691633742589858,-0.7552769221739257,0.1570136070494541,-0.8104399910387076,-0.12128992621239497,-0.5903620334907915,-0.287993686424596,0.4891961559516215,0.16680961631625077,-1.2270260081406514,-1.2442011019480932,-0.6826587066979602,0.33994871454420755,0.47675237326108555,1
470,-0.3135403489585254,-0.880623733391091,-0.6810569299281801,1.5971512421661271,-1.9473446391768088,-1.0029089648944967,-0.12128992621239497,0.5558727212534056,0.11217251196945878,-0.5954537050230755,0.1796115239808335,0.0479857908899498,0.07241275237515662,0.4123712074655594,0.4198879350562864,-0.6426921598077132,0
072,0.15604451106233458,0.5750801279871153,0.5992002607159351,0.4121229748386632,0.9824221192602319,-1.7505360395848995,-0.12128992621239497,0.34372715417919375,2.1586412050118455,-0.3171853624894405,0.15778919452341741,0.29346795561452627,0.32158102132097016,-0.05953062406531014,0.3553529347118261,-0.706734620933209,1
403,-0.16679508020200667,0.884133844266277,1.0064896064340014,-0.7658493228486967,0.02833104301258399,0.7107085377199364,-0.12128992621239497,0.42285713733188646,0.8837601126930891,-0.7026440285427722,0.0993030160861741,0.647156635489726,0.6821500674345661,1.2235030804493043,0.1954379961536717,-1.100836131781242,0
348,1.0952142311040545,-0.6511520197250112,-0.8472047573028274,1.7777630951150065,-0.06329713799942115,0.4553173877261192,-0.12128992621239497,-0.22690709703273068,0.7737144090986038,1.039779285723734,0.1416435240170367,-1.0665289487117184,-1.0788561170690936,-0.8979722768890576,0.22096107044226693,-1.0026630167085608,1
298,-0.5483327789689554,0.28538702598030585,-0.12353711077503546,-0.5833177906775109,0.00022310620304493876,0.8553788935874131,-0.12128992621239497,-0.5996985655211131,0.4394936125616457,-0.28999242803157665,0.1423581235692162,-0.6516530797397879,-0.649641369965733,-0.16156321890120523,-0.06509296209096638,1.435509632637458,0
235,-0.7244271014767779,1.1380005837658502,0.8163465983404588,-0.888655941291127,0.22211639901807143,0.6153292207351948,-0.12128992621239497,-0.6402702843547978,0.2087559928958847,-0.4571242867849782,0.17840348542499881,-0.5823596003056434,-0.5734810341437742,0.20022476880436565,0.41518980623922724,1.2330761733195066,0
056,-0.7831252089793854,0.16717290982327696,-0.10795065408300672,0.5920882507467072,-0.7024326563023512,-0.3133363647623235,-0.12128992621239497,-0.4894021261666242,-0.46982283554465487,-0.5586981173055099,0.17310263337143364,-0.8626271255900511,-0.8618731118097677,0.9567638812855589,0.29800886955772427,-0.308860672992472,0
324,-1.0472666927411192,-1.4230068015300563,-1.586657664048714,0.4076819352197344,0.8943680339688698,-0.9974613716448303,-0.12128992621239497,-0.7433784086949771,-1.443218141929698,-0.4521990119977462,0.13791470168138528,-0.7436466145561378,-0.7418946444533139,0.046228665791768146,0.356311343645717,2.4603172173929693,0
215,1.770242467384041,-0.20137618650619965,-0.637050620552379,-0.8985849134300817,-0.3236685596165334,-0.17802901802430546,-0.12128992621239497,-0.1337580218513844,-0.5944854911492055,2.9264387792597883,0.1498392291916971,0.30561426955048604,0.3335545484312437,-1.1237907945999404,0.2890178959366829,-0.384854641510858,1
283,0.2734407260675496,-2.827186139488646,-1.8918342846849452,2.519327252136911,-1.0790564170771895,0.2981633956618234,-0.12128992621239497,-0.07286132484772205,-0.5819765208982763,0.17991711496867485,0.16282045046698781,-0.3086043794094672,-0.2929215189794095,-0.41651667783591567,0.3113186329985913,0.06139790400766711,0
486,-0.8418233164819929,0.4282048176022813,-0.18774498731804942,0.11681092405365692,-0.12209215693423663,-0.6700073640460684,-0.12128992621239497,0.18551708146845128,0.22875843256984274,-0.8371463997134068,0.15006107728133145,0.8689860459391221,0.9232566143798047,1.4448842743640642,0.34957198726039673,-0.775701114368519,0
387,0.5375822098292833,0.1672570696733037,-0.11342143448193352,0.2603699620935149,0.04936497954411793,1.6354184923702906,-0.12128992621239497,-0.277990908610507,-0.4308303143943186,0.3606831798646484,0.1975413379876566,-0.3163117494739921,-0.28026710142608174,-0.8932249264943611,-0.7919042391331226,-0.23096070565999424,0
158,-0.28419129520722164,-0.07843459181328206,-0.8417795118683898,-0.7397088949816004,0.11175692769200563,0.0647293973169746,-0.12128992621239497,0.016584220648153333,-0.7981645010573609,-0.19767117268315826,0.0986005500058355,0.8808382713839037,0.9254998944063236,-0.39541816332503416,0.20392018892150307,-0.4560105142293118,0
069,0.15604451106233458,0.5186443900005118,0.6334151079286953,-1.0073586680180449,0.4452861696907154,1.781334600640888,-0.12128992621239497,-0.48868263041749843,-0.26859473520474275,0.004332272823071627,0.0963260123591015,0.45066498527979626,0.4883474098723224,-0.5756380335031592,0.13992102359364256,0.036629162478614315,0
182,0.18539356481363833,0.7028666749742902,0.9853584568737485,-0.22050505759853287,0.25178888435092395,-1.6321210266435027,-0.12128992621239497,-0.6853836246799989,-0.6850746892184637,0.3086284601537962,0.17239644697422762,-0.6288757149224795,-0.6201134990204242,-0.6605329235698596,0.39081798182975463,1.8587308534234288,1
003,-1.2527100690002453,0.2094298144739639,-0.5390712269843295,-1.0999228507662087,0.09003757098315324,0.19904265831591852,-0.12128992621239497,-0.4801033116116053,0.6261896956695504,-0.8144087163852647,0.16463997016067997,-0.9220439209324929,-0.9316854984930549,1.7363265844957136,0.25548500904200705,-0.35184874575102115,0
474,-0.7831252089793854,-0.4522010170338012,-0.8612295955947786,-0.9489105952571044,-0.18706811730662445,-0.1634586439186763,-0.12128992621239497,-0.45184711458828336,-0.9051329963884771,-0.5948817676778725,0.12802951459129414,0.38473470254004705,0.43011907551158446,0.20413058157839228,0.34322400913402906,0.16458284338663975,1
089,0.6256293710831946,1.0459684876535917,1.0952339602219672,-1.1458818206646932,-0.5525810096662639,0.5914017534164336,-0.12128992621239497,0.09092579183822976,3.0784400164415984,-0.2020745608441137,0.16745060295937159,-1.5249843291430085,-1.5464224571833882,-0.07198409399749815,0.31294962806564114,-0.6326172241174878,1
062,1.9169877361405596,0.04244046831316714,-0.28576529894401825,-0.6059457729855677,0.3974074667552826,1.4443160210363644,-0.12128992621239497,-0.35242891726972847,-0.426820174594493,2.092465294844251,0.22003040397743936,0.492668860573307,0.5383357999594819,-1.1032570649771618,0.6391260313012828,-0.03576394977894733,0
267,-0.6950780477254741,0.16925768725587684,0.3224180819844812,-0.24737215422591552,-0.20905402645769822,0.30515374878045376,-0.12128992621239497,-0.5584250932086017,-1.1674521214907974,-0.7253962563920237,0.09600697844776483,-0.36173356523385447,-0.35098390545680475,0.9467115633717368,0.1759466560556479,-0.7217460702481306,1
117,-0.9005214239846004,-0.3318270933169832,-0.6769244917955923,1.9089061621114511,1.2781541547723159,-0.13642628746788585,-0.12128992621239497,-0.6519128651335838,-0.7015801086065083,-0.5516575768358697,-5.638599609008788,-0.7339411580990597,-0.8789839056611147,-0.638434703499136,-1.7103129458089945,-1.244826324373499,0
305,0.5669312635805871,0.43497978447650115,-0.18322926010027787,-0.6614767854544411,-0.5431225926100383,1.0928593738172532,-0.12128992621239497,-0.08060276571163118,-0.9922203118096131,0.2344345778137462,0.16510286584941145,1.1430727039075133,1.2163635891577,-0.660602746191964,0.24277883446304055,0.1930388327539794,0
044,-1.0179176389898155,-1.0885795084583487,-1.4274014081259478,0.18552201614289407,0.7621626472745974,-1.479531657899781,-0.12128992621239497,-0.5203565162222239,0.37860579648501264,-0.08873515839092884,0.16284173588804032,-0.6878247634884743,-0.6864326506321008,-0.3052315412245734,0.3286751499342568,1.2601398121730139,0
296,5.409525132545705,0.24338827809199506,0.7121241813972314,-1.1866475339578053,-0.2475678521471784,2.09429233578147,-0.12128992621239497,-0.0941229517773635,-0.011374268054187373,8.72484676784006,0.13422526163489082,-0.03784601139928199,-0.016416468229776323,-1.2561516325943392,0.24685725773421807,-0.3503705038672643,1
393,-0.9298704777359041,0.3291534606975649,-0.20676453116822954,0.996010188815936,2.432444376118891,-1.7279074279604343,-0.12128992621239497,-0.612696085343733,0.30190550194836685,-0.34855858276012686,0.09118451301100301,-1.0784403119088966,-0.8377275430691568,-0.42388424258833785,0.9972978174430112,0.5619053817759606,0
289,-0.6657289939741704,0.1350533740409377,-0.6345623016842674,-1.2532376566392058,0.05493254042996209,0.34381082983469646,-0.12128992621239497,-0.32859956531902795,0.23862612690414925,-0.47591169618422735,0.13804962595022086,0.5122192471785036,0.5582069243518676,0.10905737891478308,0.26564438497644793,0.0677827976530392,1
375,-0.07874791894809541,-0.011629228000920507,-0.4873636509208866,0.22363590896335708,-1.552057606316573,1.2054999288321622,-0.12128992621239497,0.8256407430559635,0.8868815551336892,-0.5112025359176083,0.1488510297200662,0.031206967543219825,0.05336562265594812,0.3526254873265325,0.3380320145230032,-0.7049166077556642,1
335,0.8310727473423208,0.5669680971518978,0.7290433208446414,-1.1817654501515185,-0.6066064445271099,0.9033914682315687,-0.12128992621239497,0.14171564312178625,-0.23130151049344175,0.17622148482187508,0.13944832364901044,1.1730575454919776,1.2337897135192368,-0.5190747873641973,0.29543229493354417,-0.329025016581272,1
103,1.0952142311040545,0.8236561718582706,0.7958096003896845,-0.948607433108434,0.27748050980607564,0.07776714446552678,-0.12128992621239497,0.33964747577192694,0.4914261608311307,0.4840293694632577,0.13301473725260846,0.9492811724520341,0.9929172083427961,-0.7747607515319891,0.19838667458813194,-0.3499492856626365,1
135,-0.9005214239846004,-0.9843470988469798,-1.312445646967606,1.1581499433194882,1.5638401666075876,-1.8676912818267488,-0.12128992621239497,-0.4635536932999988,0.13984510679369686,-0.22833995277041794,-0.10682637742021141,-0.4801334629029203,-0.4927443851643773,-0.35633535931899507,0.2629123102515575,-0.41020770478415297,0
012,0.8310727473423208,-1.668071632680475,-1.0524042387757175,0.15369686810775393,0.42164560322793393,-1.161243982314712,-0.12128992621239497,-0.5262046118389925,-0.4678591891162514,1.5264265200636518,0.12675931452314873,0.35366944489743113,0.3873918968535833,-1.007691770522109,0.29029150085580924,1.5763602836552306,1
517,-0.1961441339533104,0.5151656730924632,-0.1872964558861225,-0.4007791992792739,0.8680694563882764,-0.0829864705884191,-0.12128992621239497,-0.4092724216582348,-0.30214329261222067,0.008027749350839462,0.4106575613853415,-0.09016070494436054,-0.0468682933706713,-0.6545917383686248,-0.21137383274751267,-0.37238235949683723,1
067,-1.0179176389898155,0.13304813364121362,-0.7400086591509624,-0.449933337416874,0.0410497902397894,-0.5341105011634985,-0.12128992621239497,-0.5484981929026274,-0.45723428188886717,-0.4986867872343647,0.13147479926867806,-0.41178433575537066,-0.4071273488858724,0.5752177672639852,0.32347469332154183,1.5691266027237676,0
047,0.2147426185649421,0.3565256752237116,0.040550771303097734,0.37308761000795027,0.0815716733569425,-1.1807704754903976,-0.12128992621239497,0.8046720708531971,0.8285747462016722,-0.39940624268801983,-0.044880267927975455,1.329948382802038,1.3334331024852968,-0.43863109959178703,-3.1087325924700484,-0.9188249377908156,1
396,-0.049398865196791666,0.05209493180623609,-0.49922577107641136,0.2706569087348059,-0.9446164964020856,-0.12144700923097178,-0.12128992621239497,0.05530478359509402,-0.48723952427840733,-0.23390760745663122,0.18772236510738186,0.6552127802007991,0.7042208498938731,-0.33791533103449284,0.427908413052735,-0.5500240762781107,0
354,0.9484689623475359,0.023445232011155594,0.159934511344332,-1.304424280311462,0.12697068030040495,0.703851284917683,-0.12128992621239497,-0.4509390131450005,-0.2751707054402453,1.1747508202981776,0.1440540493370663,-0.7459141918839938,-0.7468806637393977,-0.9441923545237574,0.2726868486171974,0.1584705606568645,0
020,-0.7537761552280816,0.7288297921141563,0.3171343925142433,-0.35493244756337516,0.2703991250376862,-0.41455238671653405,-0.12128992621239497,-0.5531381664668709,-0.2548729083874351,-0.5290920996448822,0.13740342271528042,-0.016059699982399683,0.016380133401876416,0.012140507299001811,0.3248731463343725,0.04147929206606736,0
501,-0.46028561771504417,0.14297353706694374,0.24871336668680943,1.4471003391888269,0.15094441036431283,-0.25854810074489226,-0.12128992621239497,-0.6441885581898802,-0.7699359271166455,-0.5514838158963636,0.14090693527173054,-0.8458896092011358,-0.8485408079896446,0.6484429445041422,0.31212199290065284,-0.16208180508346334,0
127,0.12669545731103082,-0.9593490913418226,-0.5874679743550765,-0.80195958470217,-0.8155218394812225,-0.2866473339019105,-0.12128992621239497,-0.5435794147342917,-0.7341762763677234,0.29305381840172234,0.1732965495799495,-0.6589809073514494,-0.651880520203855,-0.5841821097871934,0.40463241074259126,1.1223118184834744,0
163,0.4201859948240683,0.03866343737621725,0.9252896117191362,-0.49842260741667244,0.10311213431405981,0.2201854673458965,-0.12128992621239497,0.6860689485149614,1.5699043962334538,-0.5266203472924937,0.14733949670985436,0.5966563802909218,0.6114830504673275,0.32017729539852025,-0.20392390404346522,-0.5275900130596507,1
410,-0.40158751021243666,0.3180081563040729,-0.21277415815792122,-0.48605689855560075,-0.5957110816095901,0.31150779779271276,-0.12128992621239497,0.13892865367449841,-0.6373725149793904,-0.6213971951764782,0.06035442439750049,0.5654224829207898,0.593340130780528,1.1591600199902463,0.18121503643747053,-1.2423840736256027,0
243,-0.9005214239846004,0.45755460542184434,-0.3233099535091252,-0.6533707382602527,1.0663217709097332,0.05508128635763673,-0.12128992621239497,-0.5277750287533438,0.15560101266201207,-0.48775372067767514,0.12776099679489805,-0.47143964881017253,-0.4784787922529612,0.19775769325024978,0.1468955034102309,-0.04909168949760136,0
526,-0.13744602645070292,0.9715044341362775,0.48555791734626985,0.3931731625216746,0.03549953389037648,0.18232543759472727,-0.12128992621239497,-0.5984978702596647,-0.8433311003474557,-0.06747073884197942,0.2035959644303541,0.1741393847314808,0.20787736860116304,-0.5378547803845897,0.4973691677754379,0.13949013241696748,0
540,-0.22549318770461416,0.46279754414305035,0.734927650381857,-0.6511709050612559,0.787582172867147,0.6789232819505777,-0.12128992621239497,-0.31486592110248135,-0.19454241601571756,-0.3942515080051656,0.0063193899124295485,0.18226242378265842,0.20142480876895416,-0.16707915042158844,0.15268067309600314,-0.731172921536016,1
196,-1.0766157464924229,0.30271214932850987,-0.03179134379750739,-0.34292724954679993,1.1559804377266576,0.30255994517740975,-0.12128992621239497,-0.6366044888520035,-0.06270295130960059,-0.6532916441120149,0.08184882039563075,-1.2286510050598318,-1.2558497341241288,0.7073813780645651,0.22936287773604233,-0.440791103697966,0
480,-0.46028561771504417,-1.8012239807221748,-1.7240396988756357,0.1996781572658169,-1.2571821967393626,-0.10443572793514211,-0.12128992621239497,0.3092226751639163,-1.545746951510462,-0.5257683714644926,0.15697569771294434,0.8334142091760277,0.8774217152898417,0.009054714486852291,0.3331863427632547,-1.206235290886544,0
441,-0.9298704777359041,1.2266708733694978,0.8124445209530552,-0.6955547749935105,-0.25069287781141736,-0.3529197345525607,-0.12128992621239497,-0.6033406109021371,-1.0417860718026835,-0.7354760110353177,0.17102875782468982,-1.2022605010883134,-1.218560340995899,1.5738645179913728,0.39654138238430214,-0.302003924012443,1
525,1.3300066611144845,0.4336247034696399,0.4655971313128541,0.06425388238781796,-1.3215771885568626,-0.8742510053506303,-0.12128992621239497,1.7942472139654357,-0.5212660735366552,-0.26314638970087983,0.0638553583425832,1.839163740624487,1.885353661698566,-0.657382008805882,-2.6474695415977845,-1.1510853117522795,1
475,1.858289628637952,-0.11244601357673335,0.24198895463261583,1.1476274825923654,-2.2814536141139223,0.1693761458752207,-0.12128992621239497,2.9497253346662156,0.0913909028317716,0.09970290536551471,0.1582694175957042,1.1059100779975939,1.162861059337382,-0.5373933278407114,0.30215584810888907,-0.09078009130105578,1
359,0.7136765323371058,0.816130935525083,0.26039516839014676,1.6283862179942905,-2.8212258683516462,1.1802239985894614,-0.12128992621239497,6.8091251186742365,1.8323838869037652,-0.676347289912557,0.13860062022313369,2.1517930048399077,2.1766480104787154,1.872266373181826,-12.296648395141498,-0.8188002899649902,0
282,-1.1353138539950305,-0.3279251915904557,-0.7403838289497058,-0.2639989297494597,0.5952606972866683,0.17947642947984585,-0.12128992621239497,-0.21298589020463118,1.717296766974165,-0.7712847059540167,0.3603866671599248,0.10464711982568631,-0.185834802315469,0.2930924516104888,-2.2475546642750994,-0.007109387523103457,0
422,1.5354500373736109,-0.7857179604693183,-0.18068417250201707,-0.6548979784533282,-1.1587233020935814,1.0831964233932359,-0.12128992621239497,0.5248925775281519,-0.4129886320749389,0.6078656978533827,0.14593153734273684,0.7589136661360514,0.8041115401871987,-0.8025406529474776,0.26745316462267105,-0.46260514735178404,1
484,1.2713085536118771,-0.9387297496033302,-0.4901241976583169,-0.427429214134174,0.681326875731456,0.4708699675378271,-0.12128992621239497,0.7360818132771509,0.9916678268306496,0.5580416355520319,0.07600737176526559,0.313042817983765,0.3038127683884246,-0.8459350024408518,-1.0407328870301324,-1.340116644777528,1
076,-0.4309365639637404,0.72499037348734,0.00870155155160178,1.0071994466639722,-0.9596104801581519,0.34872969299260154,-0.12128992621239497,0.7134937855774696,1.3993054303902333,-0.6312800565851131,0.16874696995587193,0.11770494330120973,0.14541845090611707,0.7048036968001347,0.4120003982393713,-1.2944087390146448,0
418,0.9484689623475359,0.10015404519622534,0.04718001031020528,0.544923868553323,-0.40660252444951134,-1.8695553191431244,-0.12128992621239497,-0.2771208102158684,-1.3584412245396273,0.4481430291202135,0.14201854145536064,1.1815361581143087,1.2465120497454047,-0.7775254728187555,0.320089336939599,0.3914398089027882,1
369,0.39083694107276457,-1.6424501207458433,-1.481434935272538,-0.29633785844934823,-0.11536334172211743,1.7164476890131424,-0.12128992621239497,-0.3321976102161051,-0.9031807238508358,0.7122267829378363,0.3521814014476449,-0.06287419889124621,-0.013606870303087904,-0.8844039150731017,-0.3415364711716917,-0.2705591578663235,0
031,-0.4896346714663479,-1.4664927372325616,-1.7602762476963356,-1.413829233369164,-0.6674720522299129,2.0937967455062054,-0.12128992621239497,-0.024702683500467587,-0.6730136597342142,-0.11731903865003132,0.14861498254096642,0.265937051404252,0.2998103696466423,-0.41153372334464894,0.27748914994372054,-0.1297092130094543,0
492,-0.3722384564611329,0.9813375952741407,0.5036850084076956,0.4537256163398528,0.3717808847560716,-0.2503700331649998,-0.12128992621239497,-0.510219805177597,0.3953382385933397,-0.2496581221137782,0.14363453422050104,-0.9215386730942529,-0.9210250506374003,-0.13978165045309449,0.345259346204445,-0.21529851958113233,0
383,-1.0179176389898155,0.5718666354199949,0.8251646784759263,0.9830740010242986,1.7967262364517071,0.21488345441639042,-0.12128992621239497,-0.6567557287919553,-0.5204292304626518,-0.7907362568589825,-0.5333086193425319,-0.6238677858663889,-0.6560683305555028,0.9416671869806058,0.014207222382839413,-0.5022650472242255,1
233,-0.9298704777359041,0.8655589473447682,0.8897329977505496,-0.2372620118867052,2.2562468651525527,-1.430726720250131,-0.12128992621239497,-0.71670494058778,0.9095868112496691,-0.14711914936417944,0.140174277624581,-1.3087695930407577,-1.366436493772617,-0.26409104289972424,0.33174282244143394,1.9282137951341967,0
415,-0.9005214239846004,-0.7717567851492301,-0.808863898889584,-0.8975062110329933,-0.9093752173350171,1.4035279990074276,-0.12128992621239497,-0.3457415033127864,0.0661262078324882,-0.687915931340546,0.14642017315563197,-0.9545882979645456,-0.9597460619831455,1.6197317853935433,0.3823125504262763,-0.6300252577358558,0
284,-0.46028561771504417,-1.8990869216747188,-1.5079804661288243,1.3877879020729906,-0.028805826412343794,0.3573414277058882,-0.12128992621239497,-0.6753563978456163,-0.6074153828164177,0.09483429519666035,0.1390376046434923,-0.9144002682924621,-0.9179328004545957,-0.43688014041658185,0.23450314732974128,2.1919146713632625,0
153,-0.7831252089793854,0.8813651624015673,1.6551722563485487,-0.6013543091485763,1.4537502638009294,-0.08125334137925636,-0.12128992621239497,-0.582192261819488,1.8642799465086286,-0.4647196277639193,0.13334592032244694,-1.0207072078410762,-1.0297267180039278,0.11243206598780944,0.3124234471016061,1.2647221601261711,1
249,0.18539356481363833,-0.35591976840476075,-0.736638852241275,-0.9911021528369817,0.3199042083197862,0.19502588501901363,-0.12128992621239497,-0.6597749294136965,-0.6072068534114817,0.7516152841113262,0.27938763972178804,0.021822567428770742,0.062327779694544345,-0.8194143999726994,0.7973970371031442,1.9882213867495286,1
450,1.5941481448762183,-0.7859637562052655,0.6840651166446785,-1.23586117249374,-1.8301739533964627,-0.04144848947028767,-0.12128992621239497,0.3032948232430165,-0.17930447129722743,0.7550295461158544,0.1706126029934789,0.03845268167153276,0.06550146111641168,-0.7533374550404354,0.37214613507879546,0.1696662873263706,1
029,0.9778180160988396,0.8054237152517268,0.06697014964215225,-0.8641285595217302,-0.723251499271864,1.729002950758676,-0.12128992621239497,1.6148671406183286,-0.17808236797443708,0.17791699985203716,0.20582019987541114,1.142749545175035,1.1745116372857274,-0.7131440806866691,-1.720075038193932,-1.1734282193018706,1
485,-0.10809697269939916,0.4142406174694902,-0.2698860327135121,-1.2262529432287699,-1.518553930124198,1.5605989075652127,-0.12128992621239497,0.3046057122512347,-1.4328921496393372,-0.689178388832611,0.12507516784298292,1.4402373796047239,1.503307825321426,0.373521434838374,0.1597156099106863,-0.7105497812201936,0
190,2.181129219902293,1.1705728554103658,1.57374124151652,1.6174143025568557,-2.2839653187697455,0.23874602431954317,-0.12128992621239497,0.15130829369283735,0.5007176294983721,1.3214330165770565,0.16640451973188675,-1.439984267423568,-1.4564166035080155,-0.9712363176593743,0.32452288628001585,-0.3403785408129316,0
145,0.12669545731103082,-0.05588127397729421,-0.7444442147951651,0.22714977982437953,0.26135971792692275,-0.6140480234827801,-0.12128992621239497,1.0075716031233473,0.8788213963885172,-0.008379643445512197,0.04242092443634027,1.187271775794258,1.0907090083439437,-0.8195290599465177,-1.8468481430598227,-0.41357013043398777,0
121,-0.2548422414559179,0.1738732620177221,1.2869402280972022,0.7461059238464682,2.8286529444598183,-0.9986207073515773,-0.12128992621239497,-0.6849312550483176,1.6957861776016998,0.5251406198132615,-1.2024052945370447,-1.4061011626392168,-1.1993988580174133,-0.8229637328236359,0.7421137302681827,2.0095066851902965,1
126,-0.46028561771504417,0.29257886067601674,-0.2668566740311067,-1.2399753463155998,-0.22613541806011667,-0.20558008429375452,-0.12128992621239497,-0.5268801293453159,-0.6172462109603241,-0.20715602403471123,0.17055557298419588,-0.3779762116101436,-0.3657141112211093,-0.19443856028929027,0.3652759773883421,1.4533689695934897,0
381,0.06799734980842333,0.47682138644794203,0.7791558384314885,1.5350527538468084,2.4028641763534644,-2.1319097958652535,-0.12128992621239497,-0.5162649611591887,0.26755329433266667,0.00285491606669661,-3.978425434235631,0.6386015821026417,0.20104809010306995,-1.0560335253104418,-1.342389434320649,-0.1852141688538042,1
535,-0.9298704777359041,-0.8027088297810558,-0.8390582203755594,0.3000384618892545,0.21398293154492948,0.22679799605481682,-0.12128992621239497,-0.5874369734902377,-0.917504718044325,-0.5618314722024876,-0.005186929235669982,-0.9694669866839974,-0.9874433391538201,0.6976147605514187,0.08452639927100745,-0.737140332814145,0
321,-0.9592195314872078,0.40779613641490225,-0.2358967838991153,0.24620259635653893,-0.3852331260767979,0.12202637666873611,-0.12128992621239497,-0.5480556522409459,-0.5354867918465385,-0.6474900780983837,0.15126355910743364,-0.033021859532734156,-0.05395407628628019,0.48871938971806433,-0.88260871190447,1.5888813530047154,0
400,-0.10809697269939916,0.7654431547907515,0.7832849169561142,1.398647165273307,-0.3761963556813882,-0.9974074055140371,-0.12128992621239497,-0.37395111728198954,-1.118716146552235,-0.3996815266630611,0.14295875698409263,0.14455792417888794,0.16580298233096505,0.2621810491035856,0.376268894465796,-0.6426483166148345,1
176,0.09734640355972708,-0.1939281771647446,0.08262781611260436,-0.8891998416916373,-0.34787910607966777,-0.5838786319039251,-0.12128992621239497,0.0858490213573116,0.3846855223660537,-0.32532467981024416,0.16302861923938908,0.8106406243813572,0.8538110990889718,-0.11877312148386837,0.2883621458718179,-0.2643049707058245,0
030,-0.5776818327202592,0.3877213828561942,-0.1931991963348138,0.2970235824066351,-0.5305102043236336,-0.7308659260072043,-0.12128992621239497,0.1518040977519825,0.8966599365531447,-0.8377434203881069,0.15422302063570834,1.5118135469190834,1.586760438562332,2.050264614957279,0.3149483515476985,-0.9473386707148175,0
104,-0.4309365639637404,1.1829644794368992,1.1552573000587787,-0.016361339322848924,-0.35720027321919945,-0.07308531349274576,-0.12128992621239497,-0.3269477865485927,-0.18012827178139457,-0.5823225386195174,0.14057569386182533,0.2396117788312858,0.27632224214990814,0.4687878417526169,0.3238029755016091,-0.464318341090419,0
159,-0.2548422414559179,-0.09331097403636172,-0.23262586988461964,1.5127267312345922,-0.012544225131057078,0.06481266750959995,-0.12128992621239497,-0.7066901189778113,-0.9724458704148179,0.3205456244899997,0.1668701011247328,-0.41096137206574956,-0.3968917225248584,-0.6930590694361806,0.2777486903185003,2.19791653688538,0
404,-0.13744602645070292,-1.8402101792555654,-1.4254316409113217,-1.1880000423158072,-1.1304941473955,2.0724125185666464,-0.12128992621239497,0.08705566374956844,0.08203478955532938,0.048329055157632604,0.14594372171787826,-0.11128217501039457,-0.08994626390343766,-0.4572692967705816,0.31330333575676683,-0.4608906570429264,0
308,1.770242467384041,-2.2359316833704774,-1.4654441769514175,0.21526272571533195,0.22206912475843846,-1.6550732013724736,-0.12128992621239497,0.34275922771724054,0.09068831110179809,2.3223236757110186,-0.8215424243144076,-0.28958196601811026,-0.394408833354056,-1.1666727554630418,-2.0368399504053194,-0.6284682060214087,1
155,-0.10809697269939916,1.3674846213951373,1.9907209327593827,-0.5356334951270435,-1.0909233218746175,0.262413299159481,-0.12128992621239497,0.8067152517238609,1.53489127246526,-0.7863867026454217,0.17163210838584417,2.0244030164834697,2.115776134136109,3.003833948263639,0.3566534190996279,-0.6853291280077707,0
